ISO-10303-21;
HEADER;
FILE_DESCRIPTION(('ViewDefinition[DesignTransferView]'),'2;1');
FILE_NAME('Sunil.ifc','2026-08-07T09:35:23+05:30',(''),(''),'IfcOpenShell 0.8.5','Bonsai 0.8.5','Nobody');
FILE_SCHEMA(('IFC4X3_ADD2'));
ENDSEC;
DATA;
#1=IFCPROJECT('0YzrsP2P1BpQV7dw9$7Vds',$,'My Project',$,$,$,$,(#14,#26),#9);
#2=IFCSIUNIT(*,.LENGTHUNIT.,$,.METRE.);
#3=IFCSIUNIT(*,.AREAUNIT.,$,.SQUARE_METRE.);
#4=IFCSIUNIT(*,.VOLUMEUNIT.,$,.CUBIC_METRE.);
#5=IFCDIMENSIONALEXPONENTS(0,0,0,0,0,0,0);
#6=IFCSIUNIT(*,.PLANEANGLEUNIT.,$,.RADIAN.);
#7=IFCMEASUREWITHUNIT(IFCREAL(0.017453292519943299),#6);
#8=IFCCONVERSIONBASEDUNIT(#5,.PLANEANGLEUNIT.,'degree',#7);
#9=IFCUNITASSIGNMENT((#3,#4,#2,#8));
#10=IFCCARTESIANPOINT((0.,0.,0.));
#11=IFCDIRECTION((0.,0.,1.));
#12=IFCDIRECTION((1.,0.,0.));
#13=IFCAXIS2PLACEMENT3D(#10,#11,#12);
#14=IFCGEOMETRICREPRESENTATIONCONTEXT($,'Model',3,1.0000000000000001E-05,#13,$);
#15=IFCGEOMETRICREPRESENTATIONSUBCONTEXT('Body','Model',*,*,*,*,#14,$,.MODEL_VIEW.,$);
#16=IFCGEOMETRICREPRESENTATIONSUBCONTEXT('Axis','Model',*,*,*,*,#14,$,.GRAPH_VIEW.,$);
#17=IFCGEOMETRICREPRESENTATIONSUBCONTEXT('Box','Model',*,*,*,*,#14,$,.MODEL_VIEW.,$);
#18=IFCGEOMETRICREPRESENTATIONSUBCONTEXT('Annotation','Model',*,*,*,*,#14,$,.SECTION_VIEW.,$);
#19=IFCGEOMETRICREPRESENTATIONSUBCONTEXT('Annotation','Model',*,*,*,*,#14,$,.ELEVATION_VIEW.,$);
#20=IFCGEOMETRICREPRESENTATIONSUBCONTEXT('Annotation','Model',*,*,*,*,#14,$,.MODEL_VIEW.,$);
#21=IFCGEOMETRICREPRESENTATIONSUBCONTEXT('Annotation','Model',*,*,*,*,#14,$,.PLAN_VIEW.,$);
#22=IFCGEOMETRICREPRESENTATIONSUBCONTEXT('Profile','Model',*,*,*,*,#14,$,.ELEVATION_VIEW.,$);
#23=IFCCARTESIANPOINT((0.,0.));
#24=IFCDIRECTION((1.,0.));
#25=IFCAXIS2PLACEMENT2D(#23,#24);
#26=IFCGEOMETRICREPRESENTATIONCONTEXT($,'Plan',2,1.0000000000000001E-05,#25,$);
#27=IFCGEOMETRICREPRESENTATIONSUBCONTEXT('Axis','Plan',*,*,*,*,#26,$,.GRAPH_VIEW.,$);
#28=IFCGEOMETRICREPRESENTATIONSUBCONTEXT('Body','Plan',*,*,*,*,#26,$,.PLAN_VIEW.,$);
#29=IFCGEOMETRICREPRESENTATIONSUBCONTEXT('Annotation','Plan',*,*,*,*,#26,$,.PLAN_VIEW.,$);
#30=IFCGEOMETRICREPRESENTATIONSUBCONTEXT('Annotation','Plan',*,*,*,*,#26,$,.REFLECTED_PLAN_VIEW.,$);
#31=IFCSITE('1CxhM3SXHADwOeJenRe8Ym',$,'My Site',$,$,#54,$,$,$,(8,54,48,200000),(76,36,57,100000),$,$,$);
#37=IFCBUILDING('2BCbE9kGrAPx1bgNwlSVKz',$,'My Building',$,$,#60,$,$,$,$,$,$);
#43=IFCBUILDINGSTOREY('3j7blbBZv0pgPcwV0SKpOg',$,'GF',$,$,#171,$,$,$,$);
#49=IFCRELAGGREGATES('1O8VQlIjT6WuNfm9IBPqqH',$,$,$,#1,(#31));
#50=IFCCARTESIANPOINT((0.,0.,0.));
#51=IFCDIRECTION((0.,0.,1.));
#52=IFCDIRECTION((1.,0.,0.));
#53=IFCAXIS2PLACEMENT3D(#50,#51,#52);
#54=IFCLOCALPLACEMENT($,#53);
#55=IFCRELAGGREGATES('0lP6OIWFj7mgKI9vDf23Gh',$,$,$,#31,(#37));
#56=IFCCARTESIANPOINT((0.,0.,0.));
#57=IFCDIRECTION((0.,0.,1.));
#58=IFCDIRECTION((1.,0.,0.));
#59=IFCAXIS2PLACEMENT3D(#56,#57,#58);
#60=IFCLOCALPLACEMENT(#54,#59);
#61=IFCRELAGGREGATES('0UbzutFGX6XeZ2tARw9bb5',$,$,$,#37,(#43,#1756));
#62=IFCBUILDINGELEMENTPROXY('30_ERPHk50FfDHVwns$up2',$,'CAD',$,$,#1724,#147,$,.ELEMENT.);
#68=IFCCARTESIANPOINTLIST3D(((-516.92395019531205,153.12872314453099,0.),(-516.91522216796898,153.13746643066401,0.),(-516.93273925781205,153.13746643066401,0.),(-517.49890136718795,153.13746643066401,0.),(-517.51641845703102,153.13746643066401,0.),(-517.50769042968795,153.14620971679699,0.)),$);
#69=IFCINDEXEDPOLYCURVE(#68,$,$);
#70=IFCCARTESIANPOINTLIST3D(((239.13902282714801,43.539505004882798,0.),(239.14776611328099,43.548255920410199,0.),(239.13026428222699,43.548255920410199,0.),(238.56614685058599,43.548255920410199,0.),(238.54864501953099,43.548255920410199,0.),(238.55738830566401,43.5570068359375,0.)),$);
#71=IFCINDEXEDPOLYCURVE(#70,$,$);
#72=IFCCARTESIANPOINTLIST3D(((8.6821098327636701,7.3315310478210396,0.),(8.4743022918701207,7.2328147888183603,0.),(8.6821098327636701,7.1340980529785201,0.)),$);
#73=IFCINDEXEDPOLYCURVE(#72,$,$);
#74=IFCCARTESIANPOINTLIST3D(((-0.87638902664184604,6.3240709304809597,0.),(-0.64438897371292103,6.3240709304809597,0.),(0.14561100304126701,6.3240709304809597,0.),(0.14561100304126701,7.3599810600280797,0.)),$);
#75=IFCINDEXEDPOLYCURVE(#74,$,$);
#76=IFCCARTESIANPOINTLIST3D(((6.1369900703430202,5.4395608901977504,0.),(6.2357058525085396,5.6473689079284703,0.),(6.3344221115112296,5.4395608901977504,0.)),$);
#77=IFCINDEXEDPOLYCURVE(#76,$,$);
#78=IFCCARTESIANPOINTLIST3D(((6.0736107826232901,8.5440711975097692,0.),(6.0736107826232901,7.5662908554077104,0.),(5.7036108970642099,7.5662908554077104,0.),(5.47361087799072,7.5662908554077104,0.),(5.47361087799072,8.5662908554077095,0.)),$);
#79=IFCINDEXEDPOLYCURVE(#78,$,$);
#80=IFCCARTESIANPOINTLIST3D(((2.6273729801178001,2.1844239234924299,0.),(2.8351809978485099,2.2831408977508501,0.),(1.5907330513000499,2.2831408977508501,0.)),$);
#81=IFCINDEXEDPOLYCURVE(#80,$,$);
#82=IFCCARTESIANPOINTLIST3D(((5.47361087799072,7.5662908554077104,0.),(5.47361087799072,5.6790709495544398,0.),(2.9726109504699698,5.6790709495544398,0.),(2.9726109504699698,4.2240710258483896,0.),(2.31261110305786,4.2240710258483896,0.),(2.31261110305786,4.0740709304809597,0.),(2.89261102676392,4.0740709304809597,0.),(2.89261102676392,4.0830349922180202,0.)),$);
#83=IFCINDEXEDPOLYCURVE(#82,$,$);
#84=IFCCARTESIANPOINTLIST3D(((7.8076109886169398,8.7740707397460902,0.),(7.8076109886169398,5.5740709304809597,0.),(8.5586109161377006,5.5740709304809597,0.),(8.5586109161377006,8.5440711975097692,0.),(7.8076109886169398,8.5440711975097692,0.)),$);
#85=IFCINDEXEDPOLYCURVE(#84,$,$);
#86=IFCCARTESIANPOINTLIST3D(((5.47361087799072,9.5940713882446307,0.),(5.47361087799072,8.5440711975097692,0.),(5.47361087799072,9.2900705337524396,0.)),$);
#87=IFCINDEXEDPOLYCURVE(#86,$,$);
#88=IFCCARTESIANPOINTLIST3D(((6.3076109886169398,0.64407098293304399,0.),(2.89261102676392,0.64407098293304399,0.),(2.89261102676392,0.87407100200653098,0.),(3.1226110458374001,0.87407100200653098,0.),(6.3076109886169398,0.87407100200653098,0.)),$);
#89=IFCINDEXEDPOLYCURVE(#88,(IFCLINEINDEX((1,2,3,4,5,1))),$);
#90=IFCCARTESIANPOINTLIST3D(((12.7676105499268,0.64407098293304399,0.),(7.8076109886169398,0.64407098293304399,0.),(7.8076109886169398,0.87407100200653098,0.),(12.537611007690399,0.87407100200653098,0.),(12.537611007690399,2.2140710353851301,0.),(12.7676105499268,2.2140710353851301,0.)),$);
#91=IFCINDEXEDPOLYCURVE(#90,(IFCLINEINDEX((1,2,3,4,5,6,1))),$);
#92=IFCCARTESIANPOINTLIST3D(((12.537611007690399,6.19407081604004,0.),(12.537611007690399,4.94407081604004,0.),(12.7676105499268,4.94407081604004,0.),(12.7676105499268,6.19407081604004,0.)),$);
#93=IFCINDEXEDPOLYCURVE(#92,(IFCLINEINDEX((1,2,3,4,1))),$);
#94=IFCCARTESIANPOINTLIST3D(((-0.87638902664184604,3.0740709304809601,0.),(-0.79038900136947599,3.0740709304809601,0.),(2.89261102676392,3.0740709304809601,0.),(3.1226110458374001,3.0740709304809601,0.),(3.1226110458374001,4.0740709304809597,0.),(3.1226110458374001,5.5290708541870099,0.),(5.57261085510254,5.5290708541870099,0.),(6.9076108932495099,5.5290708541870099,0.),(6.9076108932495099,5.6790709495544398,0.),(5.7036108970642099,5.6790709495544398,0.),(5.7036108970642099,7.5662908554077104,0.)),$);
#95=IFCINDEXEDPOLYCURVE(#94,$,$);
#96=IFCCARTESIANPOINTLIST3D(((9.5586109161377006,8.5440711975097692,0.),(12.537611007690399,8.5440711975097692,0.),(12.537611007690399,7.0640711784362802,0.),(12.7676105499268,7.0640711784362802,0.),(12.7676105499268,8.7740707397460902,0.),(9.5586109161377006,8.7740707397460902,0.)),$);
#97=IFCINDEXEDPOLYCURVE(#96,(IFCLINEINDEX((1,2,3,4,5,6,1))),$);
#98=IFCCARTESIANPOINTLIST3D(((-517.50769042968795,153.12872314453099,0.),(-517.51641845703102,153.13746643066401,0.)),$);
#99=IFCINDEXEDPOLYCURVE(#98,$,$);
#100=IFCCARTESIANPOINTLIST3D(((-516.92395019531205,153.14620971679699,0.),(-516.91522216796898,153.13746643066401,0.)),$);
#101=IFCINDEXEDPOLYCURVE(#100,$,$);
#102=IFCCARTESIANPOINTLIST3D(((238.55738830566401,43.539505004882798,0.),(238.54864501953099,43.548255920410199,0.)),$);
#103=IFCINDEXEDPOLYCURVE(#102,$,$);
#104=IFCCARTESIANPOINTLIST3D(((239.13902282714801,43.5570068359375,0.),(239.14776611328099,43.548255920410199,0.)),$);
#105=IFCINDEXEDPOLYCURVE(#104,$,$);
#106=IFCCARTESIANPOINTLIST3D(((2.52261090278625,3.0740709304809601,0.),(2.52261090278625,4.0740709304809597,0.)),$);
#107=IFCINDEXEDPOLYCURVE(#106,$,$);
#108=IFCCARTESIANPOINTLIST3D(((5.7736110687255904,7.5662908554077104,0.),(5.7736110687255904,8.5440711975097692,0.)),$);
#109=IFCINDEXEDPOLYCURVE(#108,$,$);
#110=IFCCARTESIANPOINTLIST3D(((2.2576110363006601,9.4790706634521502,0.),(5.47361087799072,9.4790706634521502,0.)),$);
#111=IFCINDEXEDPOLYCURVE(#110,$,$);
#112=IFCCARTESIANPOINTLIST3D(((8.8426113128662092,0.64407098293304399,0.),(8.8426113128662092,0.87407100200653098,0.)),$);
#113=IFCINDEXEDPOLYCURVE(#112,$,$);
#114=IFCCARTESIANPOINTLIST3D(((11.1536111831665,0.64407098293304399,0.),(11.1536111831665,0.87407100200653098,0.)),$);
#115=IFCINDEXEDPOLYCURVE(#114,$,$);
#116=IFCCARTESIANPOINTLIST3D(((5.8676109313964799,5.5290708541870099,0.),(5.8676109313964799,5.6790709495544398,0.)),$);
#117=IFCINDEXEDPOLYCURVE(#116,$,$);
#118=IFCCARTESIANPOINTLIST3D(((2.8226110935211199,3.0740709304809601,0.),(2.8226110935211199,4.0740709304809597,0.)),$);
#119=IFCINDEXEDPOLYCURVE(#118,$,$);
#120=IFCCARTESIANPOINTLIST3D(((6.2357058525085396,4.4029211997985804,0.),(6.2357058525085396,5.6473689079284703,0.)),$);
#121=IFCINDEXEDPOLYCURVE(#120,$,$);
#122=IFCCARTESIANPOINTLIST3D(((7.8076109886169398,5.8640708923339799,0.),(8.5586109161377006,5.8640708923339799,0.)),$);
#123=IFCINDEXEDPOLYCURVE(#122,$,$);
#124=IFCCARTESIANPOINTLIST3D(((2.6273729801178001,2.38185691833496,0.),(2.8351809978485099,2.2831408977508501,0.)),$);
#125=IFCINDEXEDPOLYCURVE(#124,$,$);
#126=IFCCARTESIANPOINTLIST3D(((0.14561100304126701,6.3240709304809597,0.),(0.14561100304126701,7.2747311592102104,0.),(1.3376109600067101,8.6040706634521502,0.),(2.2576110363006601,8.6040706634521502,0.),(2.2576110363006601,9.5940713882446307,0.)),$);
#127=IFCINDEXEDPOLYCURVE(#126,$,$);
#128=IFCCARTESIANPOINTLIST3D(((-0.64438897371292103,3.0740709304809601,0.),(-0.64438897371292103,6.3240709304809597,0.)),$);
#129=IFCINDEXEDPOLYCURVE(#128,$,$);
#130=IFCCARTESIANPOINTLIST3D(((-0.76038897037506104,3.0740709304809601,0.),(-0.76038897037506104,6.3240709304809597,0.)),$);
#131=IFCINDEXEDPOLYCURVE(#130,$,$);
#132=IFCCARTESIANPOINTLIST3D(((7.8081111907959002,8.7740707397460902,0.),(8.5586109161377006,8.7740707397460902,0.),(8.5586109161377006,8.5440711975097692,0.)),$);
#133=IFCINDEXEDPOLYCURVE(#132,$,$);
#134=IFCCARTESIANPOINTLIST3D(((9.71875,7.2328147888183603,0.),(8.4743022918701207,7.2328147888183603,0.)),$);
#135=IFCINDEXEDPOLYCURVE(#134,$,$);
#136=IFCCARTESIANPOINTLIST3D(((2.2576110363006601,9.3640708923339808,0.),(5.47361087799072,9.3640708923339808,0.)),$);
#137=IFCINDEXEDPOLYCURVE(#136,$,$);
#138=IFCCARTESIANPOINTLIST3D(((2.89261102676392,2.7740709781646702,0.),(3.1226110458374001,2.7740709781646702,0.)),$);
#139=IFCINDEXEDPOLYCURVE(#138,$,$);
#140=IFCCARTESIANPOINTLIST3D(((3.1226110458374001,3.0740709304809601,0.),(3.1226110458374001,1.77407097816467,0.),(2.89261102676392,1.77407097816467,0.),(2.89261102676392,2.8420710563659699,0.),(-0.87638902664184604,2.8420710563659699,0.),(-0.87638902664184604,6.5560708045959499,0.),(-0.086388997733593001,6.5560708045959499,0.),(-0.086388997733593001,7.3635139465331996,0.),(1.1739540100097701,8.7690706253051793,0.),(2.0256109237670898,8.7690706253051793,0.),(2.0256109237670898,9.5940713882446307,0.),(5.7036108970642099,9.5940713882446307,0.),(5.7036108970642099,8.7740707397460902,0.),(6.9076108932495099,8.7740707397460902,0.),(6.9076108932495099,8.5440711975097692,0.),(5.47361087799072,8.5440711975097692,0.)),$);
#141=IFCINDEXEDPOLYCURVE(#140,$,$);
#142=IFCCARTESIANPOINTLIST3D(((3.1226110458374001,4.0830349922180202,0.),(3.1226110458374001,4.0740709304809597,0.),(2.89261102676392,4.0740709304809597,0.)),$);
#143=IFCINDEXEDPOLYCURVE(#142,$,$);
#144=IFCCARTESIANPOINTLIST3D(((11.1536111831665,4.3790712356567401,0.),(11.1536111831665,2.0660715103149401,0.),(8.7103548049926793,2.0660715103149401,0.),(8.7103548049926793,4.3790712356567401,0.)),$);
#145=IFCINDEXEDPOLYCURVE(#144,(IFCLINEINDEX((1,2,3,4,1))),$);
#146=IFCSHAPEREPRESENTATION(#15,'Body','Curve3D',(#69,#71,#73,#75,#77,#79,#81,#83,#85,#87,#89,#91,#93,#95,#97,#99,#101,#103,#105,#107,#109,#111,#113,#115,#117,#119,#121,#123,#125,#127,#129,#131,#133,#135,#137,#139,#141,#143,#145));
#147=IFCPRODUCTDEFINITIONSHAPE($,$,(#146));
#148=IFCRELCONTAINEDINSPATIALSTRUCTURE('2C8Noi5gX5tPuyQP$suhHi',$,$,$,(#1950,#1380,#1096,#253,#746,#3946,#378,#1584,#1551,#1234,#303,#796,#721,#1183,#353,#771,#1209,#278,#2752,#2886,#696,#1902,#62,#172,#403,#328,#2648,#11465,#11565,#11726,#11751,#11776,#11801,#11982,#12113,#12164,#12186,#12208,#12230,#12252,#12308,#12457,#12484,#12506,#12533,#12581,#12948,#13463,#13492,#13521,#13550,#13579,#13608,#13637,#13666,#13695,#13724,#13753,#13786,#13813,#13838,#13960),#43);
#154=IFCWALLTYPE('1juanculbDJPqvqT2FCm8m',$,'WAL200',$,$,$,$,$,$,.SOLIDWALL.);
#155=IFCRELASSOCIATESMATERIAL('0FsB2A$frFn9AZW2IG38ny',$,$,$,(#154),#158);
#156=IFCMATERIAL('Unknown',$,$);
#157=IFCMATERIALLAYER(#156,0.230000004172325,$,$,$,$,$);
#158=IFCMATERIALLAYERSET((#157),$,$);
#159=IFCWALLTYPE('3R5onkTtX1IxdCMPoThRaw',$,'WAL150',$,$,$,$,$,$,.SOLIDWALL.);
#160=IFCRELASSOCIATESMATERIAL('0$mXRPCT16nP6Q70XFNvZv',$,$,$,(#159),#162);
#161=IFCMATERIALLAYER(#156,0.15000000596046401,$,$,$,$,$);
#162=IFCMATERIALLAYERSET((#161),$,$);
#163=IFCWALLTYPE('05UYduR9r1vRxZZgP64Rdw',$,'WAL300',$,$,$,$,$,$,.NOTDEFINED.);
#164=IFCRELASSOCIATESMATERIAL('2FYhYrvmv4SBoZHVWDTTte',$,$,$,(#163),#166);
#165=IFCMATERIALLAYER(#156,0.29999999999999999,$,$,$,$,$);
#166=IFCMATERIALLAYERSET((#165),$,$);
#167=IFCCARTESIANPOINT((0.,0.,0.44999998807907099));
#168=IFCDIRECTION((0.,0.,1.));
#169=IFCDIRECTION((1.,0.,0.));
#170=IFCAXIS2PLACEMENT3D(#167,#168,#169);
#171=IFCLOCALPLACEMENT(#60,#170);
#172=IFCWALL('2VZRG5T$fAi9ZVelvzcLTv',$,'Wall',$,$,#1095,#179,$,.SOLIDWALL.);
#173=IFCRELDEFINESBYTYPE('3fjrqNkSf78BRXnlXbQmoW',$,$,$,(#1950,#1096,#253,#746,#353,#771,#278,#3946,#378,#796,#696,#303,#11465,#172,#403,#721,#328,#11565,#12113),#154);
#174=IFCMATERIALLAYERSETUSAGE(#158,.AXIS2.,.POSITIVE.,0.,$);
#175=IFCRELASSOCIATESMATERIAL('0laFdsdcD6kfhBFxUF07fL',$,$,$,(#172),#174);
#179=IFCPRODUCTDEFINITIONSHAPE($,$,(#1090,#1087));
#195=IFCPROPERTYSET('38VR0vjnH9aO7sB0keYMFd',$,'EPset_Parametric',$,(#197));
#196=IFCRELDEFINESBYPROPERTIES('2b6pJIURrFHv_3rm__DuR9',$,$,$,(#172),#195);
#197=IFCPROPERTYSINGLEVALUE('Engine',$,IFCLABEL('Bonsai.DumbLayer2'),$);
#253=IFCWALL('3gTXwCI6f159BMCqHPIUdt',$,'Wall',$,$,#264,#259,$,$);
#254=IFCMATERIALLAYERSETUSAGE(#158,.AXIS2.,.POSITIVE.,0.,$);
#255=IFCRELASSOCIATESMATERIAL('16Hb9uY7L6N8p1se8u8_S_',$,$,$,(#253),#254);
#259=IFCPRODUCTDEFINITIONSHAPE($,$,(#545,#542));
#260=IFCCARTESIANPOINT((-0.64438897371292103,6.3240709304809597,0.));
#261=IFCDIRECTION((0.,0.,1.));
#262=IFCDIRECTION((1.,0.,0.));
#263=IFCAXIS2PLACEMENT3D(#260,#261,#262);
#264=IFCLOCALPLACEMENT(#171,#263);
#275=IFCPROPERTYSET('37u8Bm1$r0xunqW89XlboT',$,'EPset_Parametric',$,(#277));
#276=IFCRELDEFINESBYPROPERTIES('34ffSwrgj2ngCXsyuWbKVu',$,$,$,(#253),#275);
#277=IFCPROPERTYSINGLEVALUE('Engine',$,IFCLABEL('Bonsai.DumbLayer2'),$);
#278=IFCWALL('1OK7o4BVz2yeXWH7gABU7a',$,'Wall',$,$,#289,#284,$,$);
#279=IFCMATERIALLAYERSETUSAGE(#158,.AXIS2.,.POSITIVE.,0.,$);
#280=IFCRELASSOCIATESMATERIAL('3_4JhQGiz089NpYJWH2z70',$,$,$,(#278),#279);
#284=IFCPRODUCTDEFINITIONSHAPE($,$,(#577,#574));
#285=IFCCARTESIANPOINT((0.14561100304126701,6.3240709304809597,0.));
#286=IFCDIRECTION((0.,0.,1.));
#287=IFCDIRECTION((7.5497901264043295E-08,1.,0.));
#288=IFCAXIS2PLACEMENT3D(#285,#286,#287);
#289=IFCLOCALPLACEMENT(#171,#288);
#300=IFCPROPERTYSET('2XU9ReKmD2ghcufExYfszM',$,'EPset_Parametric',$,(#302));
#301=IFCRELDEFINESBYPROPERTIES('0F$XIJPo12NudnpEZEz4dl',$,$,$,(#278),#300);
#302=IFCPROPERTYSINGLEVALUE('Engine',$,IFCLABEL('Bonsai.DumbLayer2'),$);
#303=IFCWALL('12wfyxrgLBmxs37agA5oif',$,'Wall',$,$,#564,#309,$,$);
#304=IFCMATERIALLAYERSETUSAGE(#158,.AXIS2.,.POSITIVE.,0.,$);
#305=IFCRELASSOCIATESMATERIAL('1x2lOwF7X27eF4FkMNh6lE',$,$,$,(#303),#304);
#309=IFCPRODUCTDEFINITIONSHAPE($,$,(#609,#606));
#325=IFCPROPERTYSET('2VMnXY4ynFsfpJpFci0Csz',$,'EPset_Parametric',$,(#327));
#326=IFCRELDEFINESBYPROPERTIES('1k3uRVh5z8eOC3JGAYHp9H',$,$,$,(#303),#325);
#327=IFCPROPERTYSINGLEVALUE('Engine',$,IFCLABEL('Bonsai.DumbLayer2'),$);
#328=IFCWALL('2KF2CLHGP3TfVbTxUrwMJ2',$,'Wall',$,$,#596,#334,$,$);
#329=IFCMATERIALLAYERSETUSAGE(#158,.AXIS2.,.POSITIVE.,0.,$);
#330=IFCRELASSOCIATESMATERIAL('0qi8l3RL5AgenK$Qtxm2WR',$,$,$,(#328),#329);
#334=IFCPRODUCTDEFINITIONSHAPE($,$,(#636,#633));
#350=IFCPROPERTYSET('02HY6E2zf0uhT2bsSfD_tT',$,'EPset_Parametric',$,(#352));
#351=IFCRELDEFINESBYPROPERTIES('1pYqmmIL50ivgSnGr5CFXW',$,$,$,(#328),#350);
#352=IFCPROPERTYSINGLEVALUE('Engine',$,IFCLABEL('Bonsai.DumbLayer2'),$);
#353=IFCWALL('0Y9ym0avn2tgm3S6HCbyJO',$,'Wall',$,$,#364,#359,$,$);
#354=IFCMATERIALLAYERSETUSAGE(#158,.AXIS2.,.POSITIVE.,0.,$);
#355=IFCRELASSOCIATESMATERIAL('2xfihxfFT5WxarOm486HRt',$,$,$,(#353),#354);
#359=IFCPRODUCTDEFINITIONSHAPE($,$,(#668,#665));
#360=IFCCARTESIANPOINT((2.2576110363006601,8.6040706634521502,0.));
#361=IFCDIRECTION((0.,0.,1.));
#362=IFCDIRECTION((7.5497901264043295E-08,1.,0.));
#363=IFCAXIS2PLACEMENT3D(#360,#361,#362);
#364=IFCLOCALPLACEMENT(#171,#363);
#375=IFCPROPERTYSET('16hYV1ffHBP9YcUvAjNS_d',$,'EPset_Parametric',$,(#377));
#376=IFCRELDEFINESBYPROPERTIES('1FwmtQDU984uSP4Y28cACH',$,$,$,(#353),#375);
#377=IFCPROPERTYSINGLEVALUE('Engine',$,IFCLABEL('Bonsai.DumbLayer2'),$);
#378=IFCWALL('2XUPJLAa5BcB2CVp0BhVOC',$,'Wall',$,$,#655,#384,$,$);
#379=IFCMATERIALLAYERSETUSAGE(#158,.AXIS2.,.POSITIVE.,0.,$);
#380=IFCRELASSOCIATESMATERIAL('1JUDUzaE92whIztL_6KHTq',$,$,$,(#378),#379);
#384=IFCPRODUCTDEFINITIONSHAPE($,$,(#695,#692));
#400=IFCPROPERTYSET('2QQ7d27KT5nh1erMFS604L',$,'EPset_Parametric',$,(#402));
#401=IFCRELDEFINESBYPROPERTIES('3x9gdcHrv9kgFutq0Qr904',$,$,$,(#378),#400);
#402=IFCPROPERTYSINGLEVALUE('Engine',$,IFCLABEL('Bonsai.DumbLayer2'),$);
#403=IFCWALL('2W6kjvQb52ghBOT2WfV$N2',$,'Wall',$,$,#414,#409,$,$);
#404=IFCMATERIALLAYERSETUSAGE(#158,.AXIS2.,.POSITIVE.,0.,$);
#405=IFCRELASSOCIATESMATERIAL('1ADRaaoy1EVACTge6ealu2',$,$,$,(#403),#404);
#409=IFCPRODUCTDEFINITIONSHAPE($,$,(#2994,#2991));
#410=IFCCARTESIANPOINT((5.47361087799072,9.3640708923339808,0.));
#411=IFCDIRECTION((0.,0.,1.));
#412=IFCDIRECTION((-4.3711388286737902E-08,-1.,0.));
#413=IFCAXIS2PLACEMENT3D(#410,#411,#412);
#414=IFCLOCALPLACEMENT(#171,#413);
#425=IFCPROPERTYSET('0NRgJnmSD99B3_RDBDb8DH',$,'EPset_Parametric',$,(#427));
#426=IFCRELDEFINESBYPROPERTIES('2QHTSaqz9EyvN6mCHYn7Vb',$,$,$,(#403),#425);
#427=IFCPROPERTYSINGLEVALUE('Engine',$,IFCLABEL('Bonsai.DumbLayer2'),$);
#519=IFCRELCONNECTSPATHELEMENTS('3P9YdAUFv5pebpbvb2LD1v',$,$,$,$,#278,#253,(),(),.ATEND.,.ATSTART.);
#533=IFCCARTESIANPOINTLIST2D(((0.,0.),(0.,0.230000004172325),(0.55999998994638001,0.230000004172325),(0.78999997675418898,0.)),$);
#534=IFCINDEXEDPOLYCURVE(#533,(IFCLINEINDEX((1,2,3,4,1))),$);
#535=IFCARBITRARYCLOSEDPROFILEDEF(.AREA.,$,#534);
#536=IFCCARTESIANPOINT((0.,0.,0.));
#537=IFCDIRECTION((0.,0.,1.));
#538=IFCDIRECTION((1.,0.,0.));
#539=IFCAXIS2PLACEMENT3D(#536,#537,#538);
#540=IFCDIRECTION((0.,0.,1.));
#541=IFCEXTRUDEDAREASOLID(#535,#539,#540,3.);
#542=IFCSHAPEREPRESENTATION(#15,'Body','SweptSolid',(#541));
#543=IFCCARTESIANPOINTLIST2D(((0.,0.),(0.78999997675418898,0.)),$);
#544=IFCINDEXEDPOLYCURVE(#543,$,$);
#545=IFCSHAPEREPRESENTATION(#27,'Axis','Curve2D',(#544));
#546=IFCRELCONNECTSPATHELEMENTS('1T6_uYxOrCUAkeugK2ugCe',$,$,$,$,#303,#278,(),(),.ATEND.,.ATSTART.);
#560=IFCCARTESIANPOINT((0.145611074814125,7.2747312392525902,0.));
#561=IFCDIRECTION((0.,0.,1.));
#562=IFCDIRECTION((0.66760027688843604,0.74451989248003503,0.));
#563=IFCAXIS2PLACEMENT3D(#560,#561,#562);
#564=IFCLOCALPLACEMENT(#171,#563);
#565=IFCCARTESIANPOINTLIST2D(((0.,0.),(0.229999986807808,0.230000004172325),(1.0386776766257699,0.230000004172325),(0.95066030877163898,0.)),$);
#566=IFCINDEXEDPOLYCURVE(#565,(IFCLINEINDEX((1,2,3,4,1))),$);
#567=IFCARBITRARYCLOSEDPROFILEDEF(.AREA.,$,#566);
#568=IFCCARTESIANPOINT((0.,0.,0.));
#569=IFCDIRECTION((0.,0.,1.));
#570=IFCDIRECTION((1.,0.,0.));
#571=IFCAXIS2PLACEMENT3D(#568,#569,#570);
#572=IFCDIRECTION((0.,0.,1.));
#573=IFCEXTRUDEDAREASOLID(#567,#571,#572,3.);
#574=IFCSHAPEREPRESENTATION(#15,'Body','SweptSolid',(#573));
#575=IFCCARTESIANPOINTLIST2D(((0.,0.),(0.95066030877163898,0.)),$);
#576=IFCINDEXEDPOLYCURVE(#575,$,$);
#577=IFCSHAPEREPRESENTATION(#27,'Axis','Curve2D',(#576));
#578=IFCRELCONNECTSPATHELEMENTS('3fJHDfTuj6dQk_kxSpqKQx',$,$,$,$,#328,#303,(),(),.ATEND.,.ATSTART.);
#592=IFCCARTESIANPOINT((1.3376106125539899,8.6040706634521502,0.));
#593=IFCDIRECTION((0.,0.,1.));
#594=IFCDIRECTION((1.,0.,0.));
#595=IFCAXIS2PLACEMENT3D(#592,#593,#594);
#596=IFCLOCALPLACEMENT(#171,#595);
#597=IFCCARTESIANPOINTLIST2D(((0.,0.),(-0.088017367854133194,0.230000004172325),(1.88818509230066,0.230000004172325),(1.78549886662055,0.)),$);
#598=IFCINDEXEDPOLYCURVE(#597,(IFCLINEINDEX((1,2,3,4,1))),$);
#599=IFCARBITRARYCLOSEDPROFILEDEF(.AREA.,$,#598);
#600=IFCCARTESIANPOINT((0.,0.,0.));
#601=IFCDIRECTION((0.,0.,1.));
#602=IFCDIRECTION((1.,0.,0.));
#603=IFCAXIS2PLACEMENT3D(#600,#601,#602);
#604=IFCDIRECTION((0.,0.,1.));
#605=IFCEXTRUDEDAREASOLID(#599,#603,#604,3.);
#606=IFCSHAPEREPRESENTATION(#15,'Body','SweptSolid',(#605));
#607=IFCCARTESIANPOINTLIST2D(((0.,0.),(1.78549886662055,0.)),$);
#608=IFCINDEXEDPOLYCURVE(#607,$,$);
#609=IFCSHAPEREPRESENTATION(#27,'Axis','Curve2D',(#608));
#610=IFCRELCONNECTSPATHELEMENTS('0_60yxem56kefArQwPSE8a',$,$,$,$,#353,#328,(),(),.ATEND.,.ATSTART.);
#624=IFCCARTESIANPOINTLIST2D(((0.,0.),(-0.102686225680114,0.230000004172325),(0.69000043693885804,0.230000004172325),(0.92000042374666602,0.)),$);
#625=IFCINDEXEDPOLYCURVE(#624,(IFCLINEINDEX((1,2,3,4,1))),$);
#626=IFCARBITRARYCLOSEDPROFILEDEF(.AREA.,$,#625);
#627=IFCCARTESIANPOINT((0.,0.,0.));
#628=IFCDIRECTION((0.,0.,1.));
#629=IFCDIRECTION((1.,0.,0.));
#630=IFCAXIS2PLACEMENT3D(#627,#628,#629);
#631=IFCDIRECTION((0.,0.,1.));
#632=IFCEXTRUDEDAREASOLID(#626,#630,#631,3.);
#633=IFCSHAPEREPRESENTATION(#15,'Body','SweptSolid',(#632));
#634=IFCCARTESIANPOINTLIST2D(((0.,0.),(0.92000042374666602,0.)),$);
#635=IFCINDEXEDPOLYCURVE(#634,$,$);
#636=IFCSHAPEREPRESENTATION(#27,'Axis','Curve2D',(#635));
#637=IFCRELCONNECTSPATHELEMENTS('3RSVkh9hL8TOL_meSzhHd5',$,$,$,$,#378,#353,(),(),.ATEND.,.ATSTART.);
#651=IFCCARTESIANPOINT((2.2576110936790799,9.3640708923339808,0.));
#652=IFCDIRECTION((0.,0.,1.));
#653=IFCDIRECTION((1.,0.,0.));
#654=IFCAXIS2PLACEMENT3D(#651,#652,#653);
#655=IFCLOCALPLACEMENT(#171,#654);
#656=IFCCARTESIANPOINTLIST2D(((0.,0.),(0.229999986807808,0.230000004172325),(0.99000021568964403,0.230000004172325),(0.76000022888183605,0.)),$);
#657=IFCINDEXEDPOLYCURVE(#656,(IFCLINEINDEX((1,2,3,4,1))),$);
#658=IFCARBITRARYCLOSEDPROFILEDEF(.AREA.,$,#657);
#659=IFCCARTESIANPOINT((0.,0.,0.));
#660=IFCDIRECTION((0.,0.,1.));
#661=IFCDIRECTION((1.,0.,0.));
#662=IFCAXIS2PLACEMENT3D(#659,#660,#661);
#663=IFCDIRECTION((0.,0.,1.));
#664=IFCEXTRUDEDAREASOLID(#658,#662,#663,3.);
#665=IFCSHAPEREPRESENTATION(#15,'Body','SweptSolid',(#664));
#666=IFCCARTESIANPOINTLIST2D(((0.,0.),(0.76000022888183605,0.)),$);
#667=IFCINDEXEDPOLYCURVE(#666,$,$);
#668=IFCSHAPEREPRESENTATION(#27,'Axis','Curve2D',(#667));
#669=IFCRELCONNECTSPATHELEMENTS('32feDrIQj4pPW7oD2hOuLv',$,$,$,$,#403,#378,(),(),.ATEND.,.ATSTART.);
#683=IFCCARTESIANPOINTLIST2D(((0.,0.),(-0.229999986807808,0.230000004172325),(3.4459997985375899,0.230000004172325),(3.2159997843116401,0.)),$);
#684=IFCINDEXEDPOLYCURVE(#683,(IFCLINEINDEX((1,2,3,4,1))),$);
#685=IFCARBITRARYCLOSEDPROFILEDEF(.AREA.,$,#684);
#686=IFCCARTESIANPOINT((0.,0.,0.));
#687=IFCDIRECTION((0.,0.,1.));
#688=IFCDIRECTION((1.,0.,0.));
#689=IFCAXIS2PLACEMENT3D(#686,#687,#688);
#690=IFCDIRECTION((0.,0.,1.));
#691=IFCEXTRUDEDAREASOLID(#685,#689,#690,3.);
#692=IFCSHAPEREPRESENTATION(#15,'Body','SweptSolid',(#691));
#693=IFCCARTESIANPOINTLIST2D(((0.,0.),(3.2159997843116401,0.)),$);
#694=IFCINDEXEDPOLYCURVE(#693,$,$);
#695=IFCSHAPEREPRESENTATION(#27,'Axis','Curve2D',(#694));
#696=IFCWALL('2e4UyDvUn3rxvbrrcj2m2N',$,'Wall',$,$,#1407,#702,$,$);
#697=IFCMATERIALLAYERSETUSAGE(#158,.AXIS2.,.POSITIVE.,0.,$);
#698=IFCRELASSOCIATESMATERIAL('3fym7J$Er32fpCzli5KVdH',$,$,$,(#696),#697);
#702=IFCPRODUCTDEFINITIONSHAPE($,$,(#1719,#1716));
#718=IFCPROPERTYSET('1_5saqh3nEWg65DRaoU3p4',$,'EPset_Parametric',$,(#720));
#719=IFCRELDEFINESBYPROPERTIES('1msVy_hwzC_gJngmkgf8Gm',$,$,$,(#696),#718);
#720=IFCPROPERTYSINGLEVALUE('Engine',$,IFCLABEL('Bonsai.DumbLayer2'),$);
#721=IFCWALL('3bQBFWR9b7aQ9odhFbvRgc',$,'Wall',$,$,#1444,#727,$,$);
#722=IFCMATERIALLAYERSETUSAGE(#158,.AXIS2.,.POSITIVE.,0.,$);
#723=IFCRELASSOCIATESMATERIAL('1ayoEsDe9CKhCOzGBpiiv3',$,$,$,(#721),#722);
#727=IFCPRODUCTDEFINITIONSHAPE($,$,(#1463,#1460));
#743=IFCPROPERTYSET('13AZ7k3U5DFxvyy$AUBxX0',$,'EPset_Parametric',$,(#745));
#744=IFCRELDEFINESBYPROPERTIES('2zokDNMof5WfA3F9Hw1EmM',$,$,$,(#721),#743);
#745=IFCPROPERTYSINGLEVALUE('Engine',$,IFCLABEL('Bonsai.DumbLayer2'),$);
#746=IFCWALL('08$Jgk3_vDpfyMgrTWdgfT',$,'Wall',$,$,#1481,#752,$,$);
#747=IFCMATERIALLAYERSETUSAGE(#158,.AXIS2.,.POSITIVE.,0.,$);
#748=IFCRELASSOCIATESMATERIAL('0qMFmzzrL6rBKaiTiBb7vG',$,$,$,(#746),#747);
#752=IFCPRODUCTDEFINITIONSHAPE($,$,(#1518,#1515));
#768=IFCPROPERTYSET('3qVzPvLl11n86w_Dyya9U8',$,'EPset_Parametric',$,(#770));
#769=IFCRELDEFINESBYPROPERTIES('0Ud5zjg_f5w8vFP$HiJo3c',$,$,$,(#746),#768);
#770=IFCPROPERTYSINGLEVALUE('Engine',$,IFCLABEL('Bonsai.DumbLayer2'),$);
#771=IFCWALL('2r0GM3brTAqebh4ecPH2cV',$,'Wall',$,$,#1505,#777,$,$);
#772=IFCMATERIALLAYERSETUSAGE(#158,.AXIS2.,.POSITIVE.,0.,$);
#773=IFCRELASSOCIATESMATERIAL('39ISpp1MXAofZXV$_GAPHd',$,$,$,(#771),#772);
#777=IFCPRODUCTDEFINITIONSHAPE($,$,(#1532,#1529));
#793=IFCPROPERTYSET('0I_KXcIWb9bhn$NKkFAAL4',$,'EPset_Parametric',$,(#795));
#794=IFCRELDEFINESBYPROPERTIES('30P7vl1KPAWQ2qiFMV7SUm',$,$,$,(#771),#793);
#795=IFCPROPERTYSINGLEVALUE('Engine',$,IFCLABEL('Bonsai.DumbLayer2'),$);
#796=IFCWALL('0BEAgfJO1BGeiCw20jTCQj',$,'Wall',$,$,#1754,#802,$,$);
#797=IFCMATERIALLAYERSETUSAGE(#158,.AXIS2.,.NEGATIVE.,0.,$);
#798=IFCRELASSOCIATESMATERIAL('2MaAjaFgv7YfmFe7ePCyqZ',$,$,$,(#796),#797);
#802=IFCPRODUCTDEFINITIONSHAPE($,$,(#1545,#1542));
#818=IFCPROPERTYSET('3iNLyEOQ17qQnPgUWI_9WP',$,'EPset_Parametric',$,(#820));
#819=IFCRELDEFINESBYPROPERTIES('1iRhwPP$vEtxps4r_lnUql',$,$,$,(#796),#818);
#820=IFCPROPERTYSINGLEVALUE('Engine',$,IFCLABEL('Bonsai.DumbLayer2'),$);
#1064=IFCRELCONNECTSPATHELEMENTS('2dFAEgPwjF$AMnCKoxx$m0',$,$,$,$,#796,#172,(),(),.ATSTART.,.ATEND.);
#1078=IFCCARTESIANPOINTLIST2D(((0.230000004172325,0.),(-1.00536178540209E-08,0.230000004172325),(3.7119988226745302,0.230000004172325),(3.7119988226745302,0.)),$);
#1079=IFCINDEXEDPOLYCURVE(#1078,(IFCLINEINDEX((1,2,3,4,1))),$);
#1080=IFCARBITRARYCLOSEDPROFILEDEF(.AREA.,$,#1079);
#1081=IFCCARTESIANPOINT((0.,0.,0.));
#1082=IFCDIRECTION((0.,0.,1.));
#1083=IFCDIRECTION((1.,0.,0.));
#1084=IFCAXIS2PLACEMENT3D(#1081,#1082,#1083);
#1085=IFCDIRECTION((0.,0.,1.));
#1086=IFCEXTRUDEDAREASOLID(#1080,#1084,#1085,3.);
#1087=IFCSHAPEREPRESENTATION(#15,'Body','SweptSolid',(#1086));
#1088=IFCCARTESIANPOINTLIST2D(((0.,0.),(3.7119988226745302,0.)),$);
#1089=IFCINDEXEDPOLYCURVE(#1088,$,$);
#1090=IFCSHAPEREPRESENTATION(#27,'Axis','Curve2D',(#1089));
#1091=IFCCARTESIANPOINT((-0.64438885375629096,2.8440714454796101,0.));
#1092=IFCDIRECTION((0.,0.,1.));
#1093=IFCDIRECTION((1.9470718370939401E-07,0.99999999999998102,0.));
#1094=IFCAXIS2PLACEMENT3D(#1091,#1092,#1093);
#1095=IFCLOCALPLACEMENT(#171,#1094);
#1096=IFCWALL('1btLWkr2zBvgAvpbxfcLW6',$,'Wall',$,$,#1706,#1107,$,$);
#1102=IFCRELDEFINESBYPROPERTIES('2ZKzPJiQz1Sesolk92juyU',$,$,$,(#1096),#1103);
#1103=IFCPROPERTYSET('2nSbiwPOrE7uZNEPM$9_On',$,'EPset_Parametric',$,(#1104));
#1104=IFCPROPERTYSINGLEVALUE('Engine',$,IFCLABEL('Bonsai.DumbLayer2'),$);
#1105=IFCRELASSOCIATESMATERIAL('3mFn$6dif5w9rrcyhxGGN7',$,$,$,(#1096),#1106);
#1106=IFCMATERIALLAYERSETUSAGE(#158,.AXIS2.,.POSITIVE.,0.,$);
#1107=IFCPRODUCTDEFINITIONSHAPE($,$,(#2095,#2092));
#1183=IFCWALL('2H77hweCr2qBBwEyhT$Gj6',$,'Wall',$,$,#1739,#1190,$,$);
#1184=IFCRELDEFINESBYTYPE('1aBXSafCHB6OjPxGPzrxfk',$,$,$,(#1584,#1234,#11726,#11776,#1209,#11751,#1183,#11801),#159);
#1185=IFCMATERIALLAYERSETUSAGE(#162,.AXIS2.,.POSITIVE.,0.,$);
#1186=IFCRELASSOCIATESMATERIAL('1aEVI7Bkv5Wwcn5Oml1qgr',$,$,$,(#1183),#1185);
#1190=IFCPRODUCTDEFINITIONSHAPE($,$,(#1324,#1321));
#1206=IFCPROPERTYSET('004XMGnMLCFR6HnrH7H2yx',$,'EPset_Parametric',$,(#1208));
#1207=IFCRELDEFINESBYPROPERTIES('3XGR2Nr5n7aPhyDp6cNu23',$,$,$,(#1183),#1206);
#1208=IFCPROPERTYSINGLEVALUE('Engine',$,IFCLABEL('Bonsai.DumbLayer2'),$);
#1209=IFCWALL('1PshMbp$LBsB3ZKmEgibhU',$,'Wall',$,$,#1744,#1215,$,$);
#1210=IFCMATERIALLAYERSETUSAGE(#162,.AXIS2.,.POSITIVE.,0.,$);
#1211=IFCRELASSOCIATESMATERIAL('1WZYdn3JzDuf6CdoWeC4Sp',$,$,$,(#1209),#1210);
#1215=IFCPRODUCTDEFINITIONSHAPE($,$,(#1356,#1353));
#1221=IFCCARTESIANPOINTLIST2D(((0.,0.),(0.,0.15000000596046401),(1.4549998831994699,0.15000000596046401),(1.4549998831994699,0.),(0.,0.)),$);
#1222=IFCINDEXEDPOLYCURVE(#1221,$,.F.);
#1224=IFCARBITRARYCLOSEDPROFILEDEF(.AREA.,$,#1222);
#1231=IFCPROPERTYSET('0RB3$Z6S90YQ1KYTP1182d',$,'EPset_Parametric',$,(#1233));
#1232=IFCRELDEFINESBYPROPERTIES('1hXMHRagbFYOywBnIw7ZKT',$,$,$,(#1209),#1231);
#1233=IFCPROPERTYSINGLEVALUE('Engine',$,IFCLABEL('Bonsai.DumbLayer2'),$);
#1234=IFCWALL('337s8ifST8pwwFIPsTqFTq',$,'Wall',$,$,#2981,#1240,$,$);
#1235=IFCMATERIALLAYERSETUSAGE(#162,.AXIS2.,.POSITIVE.,0.,$);
#1236=IFCRELASSOCIATESMATERIAL('3BejOSieLC7QglmDX0HU7Q',$,$,$,(#1234),#1235);
#1240=IFCPRODUCTDEFINITIONSHAPE($,$,(#2976,#2973));
#1256=IFCPROPERTYSET('08e$JYqxnFm8D$SngnhKvv',$,'EPset_Parametric',$,(#1258));
#1257=IFCRELDEFINESBYPROPERTIES('0kxYm7XP56oPoSLMd5fyh7',$,$,$,(#1234),#1256);
#1258=IFCPROPERTYSINGLEVALUE('Engine',$,IFCLABEL('Bonsai.DumbLayer2'),$);
#1298=IFCRELCONNECTSPATHELEMENTS('1YW9by2aP2WwH_bLGcAxeH',$,$,$,$,#1209,#1183,(),(),.ATEND.,.ATSTART.);
#1312=IFCCARTESIANPOINTLIST2D(((0.,0.),(0.,0.15000000596046401),(0.65999994814376195,0.15000000596046401),(0.80999994277954102,0.)),$);
#1313=IFCINDEXEDPOLYCURVE(#1312,(IFCLINEINDEX((1,2,3,4,1))),$);
#1314=IFCARBITRARYCLOSEDPROFILEDEF(.AREA.,$,#1313);
#1315=IFCCARTESIANPOINT((0.,0.,0.));
#1316=IFCDIRECTION((0.,0.,1.));
#1317=IFCDIRECTION((1.,0.,0.));
#1318=IFCAXIS2PLACEMENT3D(#1315,#1316,#1317);
#1319=IFCDIRECTION((0.,0.,1.));
#1320=IFCEXTRUDEDAREASOLID(#1314,#1318,#1319,0.75);
#1321=IFCSHAPEREPRESENTATION(#15,'Body','SweptSolid',(#1320));
#1322=IFCCARTESIANPOINTLIST2D(((0.,0.),(0.80999994277954102,0.)),$);
#1323=IFCINDEXEDPOLYCURVE(#1322,$,$);
#1324=IFCSHAPEREPRESENTATION(#27,'Axis','Curve2D',(#1323));
#1325=IFCRELCONNECTSPATHELEMENTS('2NIM9YjQbA9ApiAXodtbBO',$,$,$,$,#1234,#1209,(),(),.ATEND.,.ATSTART.);
#1344=IFCCARTESIANPOINTLIST2D(((0.,0.),(0.14999999463577901,0.15000000596046401),(1.60499991834184,0.15000000596046401),(1.45499992370606,0.)),$);
#1345=IFCINDEXEDPOLYCURVE(#1344,(IFCLINEINDEX((1,2,3,4,1))),$);
#1346=IFCARBITRARYCLOSEDPROFILEDEF(.AREA.,$,#1345);
#1347=IFCCARTESIANPOINT((0.,0.,0.));
#1348=IFCDIRECTION((0.,0.,1.));
#1349=IFCDIRECTION((1.,0.,0.));
#1350=IFCAXIS2PLACEMENT3D(#1347,#1348,#1349);
#1351=IFCDIRECTION((0.,0.,1.));
#1352=IFCEXTRUDEDAREASOLID(#1346,#1350,#1351,0.75);
#1353=IFCSHAPEREPRESENTATION(#15,'Body','SweptSolid',(#1352));
#1354=IFCCARTESIANPOINTLIST2D(((0.,0.),(1.45499992370606,0.)),$);
#1355=IFCINDEXEDPOLYCURVE(#1354,$,$);
#1356=IFCSHAPEREPRESENTATION(#27,'Axis','Curve2D',(#1355));
#1357=IFCSLABTYPE('0$gpYNi3T08BrxaR67CxgI',$,'FLR450',$,$,$,$,$,$,.NOTDEFINED.);
#1358=IFCRELASSOCIATESMATERIAL('1BDOExuaL0SOyCpEihWyuN',$,$,$,(#1357),#1360);
#1359=IFCMATERIALLAYER(#156,0.10000000149011599,$,$,$,$,$);
#1360=IFCMATERIALLAYERSET((#1359),$,$);
#1361=IFCPROPERTYSINGLEVALUE('LayerSetDirection',$,IFCLABEL('AXIS3'),$);
#1362=IFCPROPERTYSET('1HS66mGLT34eNLhHPpLz8d',$,'EPset_Parametric',$,(#1361));
#1363=IFCSLABTYPE('3ME0ZCKPTAtuziySPV5cn_',$,'Floor 45cm',$,$,(#1362),$,$,$,.FLOOR.);
#1364=IFCRELASSOCIATESMATERIAL('0gU7bxJTv9LvV0qEfgn3TZ',$,$,$,(#1363),#1367);
#1365=IFCMATERIAL('Brick',$,$);
#1366=IFCMATERIALLAYER(#1365,0.44999998807907099,$,$,$,$,$);
#1367=IFCMATERIALLAYERSET((#1366),$,$);
#1368=IFCMATERIALDEFINITIONREPRESENTATION($,$,(#1379),#1365);
#1375=IFCCOLOURRGB($,0.95732998847961404,0.39509201049804699,0.19238471984863301);
#1376=IFCSURFACESTYLESHADING(#1375,$);
#1377=IFCSURFACESTYLE('BrickWall',.BOTH.,(#1376));
#1378=IFCSTYLEDITEM($,(#1377),'BrickWall');
#1379=IFCSTYLEDREPRESENTATION(#14,$,$,(#1378));
#1380=IFCSLAB('35UW3ccLL14AElz4hwkW6Q',$,'Slab',$,$,#1729,#1395,$,$);
#1381=IFCRELDEFINESBYTYPE('3vI0Eg5$T7ihzv_jErqOMx',$,$,$,(#1380,#1551),#1363);
#1382=IFCMATERIALLAYERSETUSAGE(#1367,.AXIS3.,.POSITIVE.,-0.44999998807907099,$);
#1383=IFCRELASSOCIATESMATERIAL('0rGXY4fUj9aQC2olS8dwS0',$,$,$,(#1380),#1382);
#1391=IFCDIRECTION((0.,0.,1.));
#1393=IFCEXTRUDEDAREASOLID(#1578,#1402,#1391,0.44999998807907099);
#1394=IFCSHAPEREPRESENTATION(#15,'Body','SweptSolid',(#1393));
#1395=IFCPRODUCTDEFINITIONSHAPE($,$,(#1394));
#1396=IFCPROPERTYSET('0h0uqutrv9hQMMfReYxO8F',$,'EPset_Parametric',$,(#1398));
#1397=IFCRELDEFINESBYPROPERTIES('0HnVWsU4PEkv6NAVSaYEO0',$,$,$,(#1380),#1396);
#1398=IFCPROPERTYSINGLEVALUE('Engine',$,IFCLABEL('Bonsai.DumbLayer3'),$);
#1399=IFCCARTESIANPOINT((-0.,-0.,-0.44999998807907099));
#1400=IFCDIRECTION((0.,0.,1.));
#1401=IFCDIRECTION((1.,0.,0.));
#1402=IFCAXIS2PLACEMENT3D(#1399,#1400,#1401);
#1403=IFCCARTESIANPOINT((5.7036108970642099,8.5440711975097692,0.));
#1404=IFCDIRECTION((0.,0.,1.));
#1405=IFCDIRECTION((1.,0.,0.));
#1406=IFCAXIS2PLACEMENT3D(#1403,#1404,#1405);
#1407=IFCLOCALPLACEMENT(#171,#1406);
#1413=IFCRELCONNECTSPATHELEMENTS('1JtZ6tfPn46P7Sq8lAw4WX',$,$,$,$,#696,#721,(),(),.ATSTART.,.ATEND.);
#1440=IFCCARTESIANPOINT((12.5376100713806,8.5440711975097692,0.));
#1441=IFCDIRECTION((0.,0.,1.));
#1442=IFCDIRECTION((7.5497901264043096E-08,-0.999999999999997,0.));
#1443=IFCAXIS2PLACEMENT3D(#1440,#1441,#1442);
#1444=IFCLOCALPLACEMENT(#171,#1443);
#1450=IFCRELCONNECTSPATHELEMENTS('2T$OohhOb0MhkUS6W26iiQ',$,$,$,$,#721,#746,(),(),.ATSTART.,.ATEND.);
#1451=IFCCARTESIANPOINTLIST2D(((0.,0.),(-0.229999986807808,0.230000004172325),(7.9000017667608802,0.230000004172325),(7.6700017104949998,0.)),$);
#1452=IFCINDEXEDPOLYCURVE(#1451,(IFCLINEINDEX((1,2,3,4,1))),$);
#1453=IFCARBITRARYCLOSEDPROFILEDEF(.AREA.,$,#1452);
#1454=IFCCARTESIANPOINT((0.,0.,0.));
#1455=IFCDIRECTION((0.,0.,1.));
#1456=IFCDIRECTION((1.,0.,0.));
#1457=IFCAXIS2PLACEMENT3D(#1454,#1455,#1456);
#1458=IFCDIRECTION((0.,0.,1.));
#1459=IFCEXTRUDEDAREASOLID(#1453,#1457,#1458,3.);
#1460=IFCSHAPEREPRESENTATION(#15,'Body','SweptSolid',(#1459));
#1461=IFCCARTESIANPOINTLIST2D(((0.,0.),(7.6700017104949998,0.)),$);
#1462=IFCINDEXEDPOLYCURVE(#1461,$,$);
#1463=IFCSHAPEREPRESENTATION(#27,'Axis','Curve2D',(#1462));
#1477=IFCCARTESIANPOINT((12.537610650449601,0.87406948701478604,0.));
#1478=IFCDIRECTION((0.,0.,1.));
#1479=IFCDIRECTION((-0.99999999999998901,1.50995802528085E-07,0.));
#1480=IFCAXIS2PLACEMENT3D(#1477,#1478,#1479);
#1481=IFCLOCALPLACEMENT(#171,#1480);
#1487=IFCRELCONNECTSPATHELEMENTS('0fXeEGBZv1WB7zDn_GHs5H',$,$,$,$,#771,#746,(),(),.ATEND.,.ATSTART.);
#1501=IFCCARTESIANPOINT((3.1226106137827201,0.87407090864027304,0.));
#1502=IFCDIRECTION((0.,0.,1.));
#1503=IFCDIRECTION((1.9470718370939401E-07,0.99999999999998102,0.));
#1504=IFCAXIS2PLACEMENT3D(#1501,#1502,#1503);
#1505=IFCLOCALPLACEMENT(#171,#1504);
#1506=IFCCARTESIANPOINTLIST2D(((0.,0.),(-0.23000005626588399,0.230000004172325),(9.6450000508929605,0.230000004172325),(9.4150000366670099,0.)),$);
#1507=IFCINDEXEDPOLYCURVE(#1506,(IFCLINEINDEX((1,2,3,4,1))),$);
#1508=IFCARBITRARYCLOSEDPROFILEDEF(.AREA.,$,#1507);
#1509=IFCCARTESIANPOINT((0.,0.,0.));
#1510=IFCDIRECTION((0.,0.,1.));
#1511=IFCDIRECTION((1.,0.,0.));
#1512=IFCAXIS2PLACEMENT3D(#1509,#1510,#1511);
#1513=IFCDIRECTION((0.,0.,1.));
#1514=IFCEXTRUDEDAREASOLID(#1508,#1512,#1513,3.);
#1515=IFCSHAPEREPRESENTATION(#15,'Body','SweptSolid',(#1514));
#1516=IFCCARTESIANPOINTLIST2D(((0.,0.),(9.4150000366670099,0.)),$);
#1517=IFCINDEXEDPOLYCURVE(#1516,$,$);
#1518=IFCSHAPEREPRESENTATION(#27,'Axis','Curve2D',(#1517));
#1519=IFCRELCONNECTSPATHELEMENTS('0Mrx9V3qH9IOT2RXsAA0lx',$,$,$,$,#771,#796,(),(),.ATSTART.,.ATEND.);
#1520=IFCCARTESIANPOINTLIST2D(((0.,0.),(-0.23000001422594299,0.230000004172325),(1.9699999579845899,0.230000004172325),(2.1999999722105299,0.)),$);
#1521=IFCINDEXEDPOLYCURVE(#1520,(IFCLINEINDEX((1,2,3,4,1))),$);
#1522=IFCARBITRARYCLOSEDPROFILEDEF(.AREA.,$,#1521);
#1523=IFCCARTESIANPOINT((0.,0.,0.));
#1524=IFCDIRECTION((0.,0.,1.));
#1525=IFCDIRECTION((1.,0.,0.));
#1526=IFCAXIS2PLACEMENT3D(#1523,#1524,#1525);
#1527=IFCDIRECTION((0.,0.,1.));
#1528=IFCEXTRUDEDAREASOLID(#1522,#1526,#1527,4.);
#1529=IFCSHAPEREPRESENTATION(#15,'Body','SweptSolid',(#1528));
#1530=IFCCARTESIANPOINTLIST2D(((0.,0.),(1.9699999680382101,0.)),$);
#1531=IFCINDEXEDPOLYCURVE(#1530,$,$);
#1532=IFCSHAPEREPRESENTATION(#27,'Axis','Curve2D',(#1531));
#1533=IFCCARTESIANPOINTLIST2D(((-1.0053617854888201E-08,-0.230000004172325),(0.230000004172325,0.),(3.9969998552845198,0.),(3.7669998410585799,-0.230000004172325)),$);
#1534=IFCINDEXEDPOLYCURVE(#1533,(IFCLINEINDEX((1,2,3,4,1))),$);
#1535=IFCARBITRARYCLOSEDPROFILEDEF(.AREA.,$,#1534);
#1536=IFCCARTESIANPOINT((0.,0.,0.));
#1537=IFCDIRECTION((0.,0.,1.));
#1538=IFCDIRECTION((1.,0.,0.));
#1539=IFCAXIS2PLACEMENT3D(#1536,#1537,#1538);
#1540=IFCDIRECTION((0.,0.,1.));
#1541=IFCEXTRUDEDAREASOLID(#1535,#1539,#1540,5.);
#1542=IFCSHAPEREPRESENTATION(#15,'Body','SweptSolid',(#1541));
#1543=IFCCARTESIANPOINTLIST2D(((0.,0.),(3.7669998511122,0.)),$);
#1544=IFCINDEXEDPOLYCURVE(#1543,$,$);
#1545=IFCSHAPEREPRESENTATION(#27,'Axis','Curve2D',(#1544));
#1551=IFCSLAB('2qMzXa7sjDTv4j5DKY7vcB',$,'Slab',$,$,#1734,#1562,$,$);
#1557=IFCRELASSOCIATESMATERIAL('032TunfXv7lwEsQzqaSZQt',$,$,$,(#1551),#1558);
#1558=IFCMATERIALLAYERSETUSAGE(#1367,.AXIS3.,.POSITIVE.,-0.44999998807907099,$);
#1559=IFCRELDEFINESBYPROPERTIES('0vTfZgpav1pvEICcTckZp6',$,$,$,(#1551),#1560);
#1560=IFCPROPERTYSET('38nphdILX6Sx_sMPwHuvmL',$,'EPset_Parametric',$,(#1561));
#1561=IFCPROPERTYSINGLEVALUE('Engine',$,IFCLABEL('Bonsai.DumbLayer3'),$);
#1562=IFCPRODUCTDEFINITIONSHAPE($,$,(#1563));
#1563=IFCSHAPEREPRESENTATION(#15,'Body','SweptSolid',(#1564));
#1564=IFCEXTRUDEDAREASOLID(#2282,#1568,#1572,0.44999998807907099);
#1568=IFCAXIS2PLACEMENT3D(#1569,#1570,#1571);
#1569=IFCCARTESIANPOINT((-0.,-0.,-0.44999998807907099));
#1570=IFCDIRECTION((0.,0.,1.));
#1571=IFCDIRECTION((1.,0.,0.));
#1572=IFCDIRECTION((0.,0.,1.));
#1576=IFCCARTESIANPOINTLIST2D(((3.3512983322143599,0.015054464340210001),(3.3989999294281001,1.23199987411499),(3.9990003108978298,1.23199987411499),(3.9990003108978298,2.68699979782104),(6.5799999237060502,2.68699979782104),(6.5799999237060502,6.7520003318786603),(2.90199995040894,6.7520003318786603),(2.9040000438690199,5.9920001029968297),(2.1113133430481001,5.9919991493225098),(0.79000002145767201,4.5214428901672399),(0.79200005531311002,3.7119998931884801),(0.,3.71399974822998),(0.,0.),(3.3512983322143599,0.015054464340210001)),$);
#1577=IFCINDEXEDPOLYCURVE(#1576,$,$);
#1578=IFCARBITRARYCLOSEDPROFILEDEF(.AREA.,$,#1577);
#1584=IFCWALL('3u91ibhkr8$v_Oj1VqQ7KZ',$,'Wall',$,$,#2962,#1595,$,$);
#1590=IFCRELDEFINESBYPROPERTIES('2XxFc$iK9CQBKuWL3Gf3JM',$,$,$,(#1584),#1591);
#1591=IFCPROPERTYSET('15Bsdi46PDuenGnU100s5E',$,'EPset_Parametric',$,(#1592));
#1592=IFCPROPERTYSINGLEVALUE('Engine',$,IFCLABEL('Bonsai.DumbLayer2'),$);
#1593=IFCRELASSOCIATESMATERIAL('3ObDetw_j3cBxGBEmwNgbx',$,$,$,(#1584),#1594);
#1594=IFCMATERIALLAYERSETUSAGE(#162,.AXIS2.,.POSITIVE.,0.,$);
#1595=IFCPRODUCTDEFINITIONSHAPE($,$,(#2957,#2954));
#1688=IFCRELCONNECTSPATHELEMENTS('01IeR6yUPDLOCJSNu9OM6Q',$,$,$,$,#1096,#696,(),(),.ATPATH.,.ATSTART.);
#1702=IFCCARTESIANPOINT((8.3286104821353106,8.5440711975097692,0.));
#1703=IFCDIRECTION((0.,0.,1.));
#1704=IFCDIRECTION((7.5497901264043096E-08,-0.999999999999997,0.));
#1705=IFCAXIS2PLACEMENT3D(#1702,#1703,#1704);
#1706=IFCLOCALPLACEMENT(#171,#1705);
#1707=IFCCARTESIANPOINTLIST2D(((0.,0.),(0.,0.230000004172325),(7.0639991611242001,0.230000004172325),(6.8339991743163901,0.)),$);
#1708=IFCINDEXEDPOLYCURVE(#1707,(IFCLINEINDEX((1,2,3,4,1))),$);
#1709=IFCARBITRARYCLOSEDPROFILEDEF(.AREA.,$,#1708);
#1710=IFCCARTESIANPOINT((0.,0.,0.));
#1711=IFCDIRECTION((0.,0.,1.));
#1712=IFCDIRECTION((1.,0.,0.));
#1713=IFCAXIS2PLACEMENT3D(#1710,#1711,#1712);
#1714=IFCDIRECTION((0.,0.,1.));
#1715=IFCEXTRUDEDAREASOLID(#1709,#1713,#1714,2.6499998569488499);
#1716=IFCSHAPEREPRESENTATION(#15,'Body','SweptSolid',(#1715));
#1717=IFCCARTESIANPOINTLIST2D(((0.,0.),(6.8339991743163901,0.)),$);
#1718=IFCINDEXEDPOLYCURVE(#1717,$,$);
#1719=IFCSHAPEREPRESENTATION(#27,'Axis','Curve2D',(#1718));
#1720=IFCCARTESIANPOINT((0.,0.,-0.44999998807907099));
#1721=IFCDIRECTION((0.,0.,1.));
#1722=IFCDIRECTION((1.,0.,0.));
#1723=IFCAXIS2PLACEMENT3D(#1720,#1721,#1722);
#1724=IFCLOCALPLACEMENT(#171,#1723);
#1725=IFCCARTESIANPOINT((-0.87638902664184604,2.8420710563659699,0.44999998807907099));
#1726=IFCDIRECTION((0.,0.,1.));
#1727=IFCDIRECTION((1.,0.,0.));
#1728=IFCAXIS2PLACEMENT3D(#1725,#1726,#1727);
#1729=IFCLOCALPLACEMENT(#171,#1728);
#1730=IFCCARTESIANPOINT((6.7349801063537598,0.79545855522155795,0.));
#1731=IFCDIRECTION((0.,0.,1.));
#1732=IFCDIRECTION((1.,0.,0.));
#1733=IFCAXIS2PLACEMENT3D(#1730,#1731,#1732);
#1734=IFCLOCALPLACEMENT(#171,#1733);
#1735=IFCCARTESIANPOINT((2.31261110305786,4.0740709304809597,0.44999998807907099));
#1736=IFCDIRECTION((0.,0.,1.));
#1737=IFCDIRECTION((1.,0.,0.));
#1738=IFCAXIS2PLACEMENT3D(#1735,#1736,#1737);
#1739=IFCLOCALPLACEMENT(#171,#1738);
#1740=IFCCARTESIANPOINT((3.1226110458374001,4.0740709304809597,0.44999998807907099));
#1741=IFCDIRECTION((0.,0.,1.));
#1742=IFCDIRECTION((1.94707183709397E-07,1.,0.));
#1743=IFCAXIS2PLACEMENT3D(#1740,#1741,#1742);
#1744=IFCLOCALPLACEMENT(#171,#1743);
#1750=IFCCARTESIANPOINT((3.1226110458374001,2.8440709114074698,5.9604644775390599E-08));
#1751=IFCDIRECTION((0.,0.,1.));
#1752=IFCDIRECTION((-1.,1.5099580252808701E-07,0.));
#1753=IFCAXIS2PLACEMENT3D(#1750,#1751,#1752);
#1754=IFCLOCALPLACEMENT(#171,#1753);
#1756=IFCBUILDINGSTOREY('2AS214sF109xsWE6gedJVw',$,'FF',$,$,#1777,$,$,$,$);
#1773=IFCCARTESIANPOINT((0.,0.,3.));
#1774=IFCDIRECTION((0.,0.,1.));
#1775=IFCDIRECTION((1.,0.,0.));
#1776=IFCAXIS2PLACEMENT3D(#1773,#1774,#1775);
#1777=IFCLOCALPLACEMENT(#60,#1776);
#1778=IFCPROPERTYSINGLEVALUE('LayerSetDirection',$,IFCLABEL('AXIS3'),$);
#1779=IFCPROPERTYSET('3toDZXNJH7CQhQcpRYPDJF',$,'EPset_Parametric',$,(#1778));
#1780=IFCSLABTYPE('0w02EY5jT5zA82LTe7kCwA',$,'FLOOR_150',$,$,(#1779),$,$,$,.FLOOR.);
#1781=IFCRELASSOCIATESMATERIAL('1VEqw0q0z1xPTPXytOnRMc',$,$,$,(#1780),#1783);
#1782=IFCMATERIALLAYER(#156,0.15000000596046401,$,$,$,$,$);
#1783=IFCMATERIALLAYERSET((#1782),'tile',$);
#1785=IFCRELCONTAINEDINSPATIALSTRUCTURE('20iDBGqkH4Dup_nTZRMnsH',$,$,$,(#1868,#3922,#10814,#1975,#1816,#10848,#11135,#11695,#12088,#12274,#12690,#12704,#12728),#1756);
#1786=IFCRELDEFINESBYTYPE('3Zpxyb4bvD0v$soJw2Kfcd',$,$,$,(#3922,#12088,#11695,#1816),#1780);
#1816=IFCSLAB('2y6FJgqlLC3hiOF1INOTby',$,'Slab',$,$,#1874,#1827,$,$);
#1822=IFCRELASSOCIATESMATERIAL('1T4zRKFrn3Q8SenNKdoYCP',$,$,$,(#1816),#1823);
#1823=IFCMATERIALLAYERSETUSAGE(#1783,.AXIS3.,.POSITIVE.,-0.15000000596046401,$);
#1824=IFCRELDEFINESBYPROPERTIES('1wGWFgZVfDQwUEZ4QutrsL',$,$,$,(#1816),#1825);
#1825=IFCPROPERTYSET('2AiPI7$rvAAO$zYEv0h68y',$,'EPset_Parametric',$,(#1826));
#1826=IFCPROPERTYSINGLEVALUE('Engine',$,IFCLABEL('Bonsai.DumbLayer3'),$);
#1827=IFCPRODUCTDEFINITIONSHAPE($,$,(#1828));
#1828=IFCSHAPEREPRESENTATION(#15,'Body','SweptSolid',(#1829));
#1829=IFCEXTRUDEDAREASOLID(#1840,#1833,#1837,0.15000000596046401);
#1833=IFCAXIS2PLACEMENT3D(#1834,#1835,#1836);
#1834=IFCCARTESIANPOINT((-0.,-0.,-0.15000000596046401));
#1835=IFCDIRECTION((0.,0.,1.));
#1836=IFCDIRECTION((1.,0.,0.));
#1837=IFCDIRECTION((0.,0.,1.));
#1838=IFCCARTESIANPOINTLIST2D(((-1.21553766727448,0.81698989868164096),(-1.21553671360016,4.0619635581970197),(-4.300537109375,4.0619635581970197),(-4.30053806304932,0.81696337461471602),(-1.21553766727448,0.81698989868164096)),$);
#1839=IFCINDEXEDPOLYCURVE(#1838,$,$);
#1840=IFCARBITRARYCLOSEDPROFILEDEF(.AREA.,$,#1839);
#1841=IFCRELCONNECTSELEMENTS('01fc2NQlHELwHy5uXdGRHj',$,$,'TOP',$,#1816,#1584);
#1842=IFCRELCONNECTSELEMENTS('00r6OG0UH0NQatVQWmzqJk',$,$,'TOP',$,#1816,#403);
#1843=IFCRELCONNECTSELEMENTS('2AFP1k4zn4OBPl$gtTdhdm',$,$,'TOP',$,#1816,#696);
#1844=IFCRELCONNECTSELEMENTS('2Pt_0ELPr9tPuqZ2YSesnI',$,$,'TOP',$,#1816,#1096);
#1852=IFCCARTESIANPOINTLIST3D(((-1.4518568515777599,-1.06477379798889,1.19209289550781E-07),(1.4501419067382799,4.4652252197265598,1.19209289550781E-07),(0.53014147281646695,4.4652252197265598,1.19209289550781E-07),(-0.66185820102691695,3.13588571548462,1.19209289550781E-07),(-0.66185820102691695,2.1852254867553702,1.19209289550781E-07),(-1.4518568515777599,2.1852254867553702,1.19209289550781E-07),(1.4501419067382799,5.2252254486084002,1.19209289550781E-07),(4.6661415100097701,5.2252254486084002,1.19209289550781E-07),(4.6661415100097701,4.0732479095459002,1.19209289550781E-07),(3.3068997859954798,2.9527921676635702,1.62999987602234),(1.03843545913696,2.9527921676635702,1.62999987602234),(-0.065858364105224595,3.8005554676055899,1.19209289550781E-07),(1.03843545913696,-1.06477403640747,1.62999987602234),(4.5856571197509801,1.5175032615661601,1.62999987602234),(2.1173157691955602,1.5175032615661601,1.62999987602234),(2.0851418972015399,-1.06477403640747,1.62999987602234)),$);
#1853=IFCINDEXEDPOLYGONALFACE((11,15,14,10));
#1854=IFCINDEXEDPOLYGONALFACE((15,11,13,16));
#1855=IFCINDEXEDPOLYGONALFACE((10,14,9));
#1856=IFCINDEXEDPOLYGONALFACE((9,8,10));
#1857=IFCINDEXEDPOLYGONALFACE((8,7,10));
#1858=IFCINDEXEDPOLYGONALFACE((7,2,10));
#1859=IFCINDEXEDPOLYGONALFACE((3,11,2));
#1860=IFCINDEXEDPOLYGONALFACE((12,11,3));
#1861=IFCINDEXEDPOLYGONALFACE((10,2,11));
#1862=IFCINDEXEDPOLYGONALFACE((12,4,11));
#1863=IFCINDEXEDPOLYGONALFACE((4,5,11));
#1864=IFCINDEXEDPOLYGONALFACE((5,6,11));
#1865=IFCINDEXEDPOLYGONALFACE((1,13,11,6));
#1866=IFCPOLYGONALFACESET(#1852,$,(#1853,#1854,#1855,#1856,#1857,#1858,#1859,#1860,#1861,#1862,#1863,#1864,#1865),$);
#1867=IFCSHAPEREPRESENTATION(#15,'Body','Tessellation',(#1866));
#1868=IFCSLAB('2FugePEy17sfor4hvvv_ks',$,'Plane',$,$,#2546,#1869,$,.ROOF.);
#1869=IFCPRODUCTDEFINITIONSHAPE($,$,(#1867));
#1870=IFCCARTESIANPOINT((9.7741489410400408,4.7121076583862296,0.25));
#1871=IFCDIRECTION((0.,0.,1.));
#1872=IFCDIRECTION((1.,0.,0.));
#1873=IFCAXIS2PLACEMENT3D(#1870,#1871,#1872);
#1874=IFCLOCALPLACEMENT(#1777,#1873);
#1885=IFCCARTESIANPOINTLIST3D(((0.,0.,0.),(0.,0.,0.69999998807907104),(0.,1.1000000238418599,0.),(0.,1.1000000238418599,0.69999998807907104),(2.5,0.,0.),(2.5,0.,0.69999998807907104),(2.5,1.1000000238418599,0.),(2.5,1.1000000238418599,0.69999998807907104)),$);
#1886=IFCINDEXEDPOLYGONALFACE((1,2,4,3));
#1887=IFCINDEXEDPOLYGONALFACE((3,4,8,7));
#1888=IFCINDEXEDPOLYGONALFACE((7,8,6,5));
#1889=IFCINDEXEDPOLYGONALFACE((5,6,2,1));
#1890=IFCINDEXEDPOLYGONALFACE((3,7,5,1));
#1891=IFCINDEXEDPOLYGONALFACE((8,4,2,6));
#1892=IFCPOLYGONALFACESET(#1885,$,(#1886,#1887,#1888,#1889,#1890,#1891),$);
#1893=IFCSHAPEREPRESENTATION(#15,'Body','Tessellation',(#1892));
#1894=IFCUNITARYEQUIPMENTTYPE('21fMEFvbT93fBAkFif_EDq',$,'4TR',$,$,(#1900),(#1899),$,$,.AIRCONDITIONINGUNIT.);
#1895=IFCCARTESIANPOINT((0.,0.,0.));
#1896=IFCDIRECTION((1.,0.,0.));
#1897=IFCDIRECTION((0.,0.,1.));
#1898=IFCAXIS2PLACEMENT3D(#1895,#1897,#1896);
#1899=IFCREPRESENTATIONMAP(#1898,#1893);
#1900=IFCPROPERTYSET('25dODNLVf3uw19xIkarrJN',$,'Pset_ManufacturerTypeInformation',$,(#1901));
#1901=IFCPROPERTYSINGLEVALUE('Manufacturer',$,IFCLABEL('Mitsubishi'),$);
#1902=IFCUNITARYEQUIPMENT('1Ikdx8DqX9Evc6B72z1X7n',$,'UnitaryEquipment',$,$,#3019,#2016,$,$);
#1950=IFCWALL('190qzqC$LEwvyGe6whzbD4',$,'Wall',$,$,#11360,#1961,$,$);
#1956=IFCRELASSOCIATESMATERIAL('2QU5PiAbr858PCCViWsgnf',$,$,$,(#1950),#1957);
#1957=IFCMATERIALLAYERSETUSAGE(#158,.AXIS2.,.POSITIVE.,0.,$);
#1958=IFCRELDEFINESBYPROPERTIES('2EneVJmNr6owgUY6klcvrv',$,$,$,(#1950),#1959);
#1959=IFCPROPERTYSET('13mU4B8YnF190uIxIqhSXh',$,'EPset_Parametric',$,(#1960));
#1960=IFCPROPERTYSINGLEVALUE('Engine',$,IFCLABEL('Bonsai.DumbLayer2'),$);
#1961=IFCPRODUCTDEFINITIONSHAPE($,$,(#11355,#11352));
#1975=IFCSLAB('1Gaoax_S9B2xi1rBnnvgGz',$,'Plane',$,$,#3999,#1981,$,.ROOF.);
#1981=IFCPRODUCTDEFINITIONSHAPE($,$,(#1982));
#1982=IFCSHAPEREPRESENTATION(#15,'Body','Tessellation',(#1992));
#1987=IFCCARTESIANPOINTLIST3D(((0.85894459486007702,4.0350003242492702,1.76700019836426),(0.85894441604614302,-6.0658545494079599,1.76700019836426),(3.7941200733184801,-6.0658545494079599,0.),(-1.,4.0350003242492702,1.76699995994568),(-1.00000035762787,-6.0658545494079599,1.76699995994568),(3.7941205501556401,4.0350003242492702,0.)),$);
#1988=IFCINDEXEDPOLYGONALFACE((1,2,3));
#1989=IFCINDEXEDPOLYGONALFACE((4,5,2));
#1990=IFCINDEXEDPOLYGONALFACE((3,6,1));
#1991=IFCINDEXEDPOLYGONALFACE((2,1,4));
#1992=IFCPOLYGONALFACESET(#1987,$,(#1988,#1989,#1990,#1991),$);
#1993=IFCCARTESIANPOINTLIST3D(((0.,0.,0.),(0.,0.,0.5),(0.,0.64999997615814198,0.),(0.,0.64999997615814198,0.5),(1.29999995231628,0.,0.),(1.29999995231628,0.,0.5),(1.29999995231628,0.64999997615814198,0.),(1.29999995231628,0.64999997615814198,0.5)),$);
#1994=IFCINDEXEDPOLYGONALFACE((1,2,4,3));
#1995=IFCINDEXEDPOLYGONALFACE((3,4,8,7));
#1996=IFCINDEXEDPOLYGONALFACE((7,8,6,5));
#1997=IFCINDEXEDPOLYGONALFACE((5,6,2,1));
#1998=IFCINDEXEDPOLYGONALFACE((3,7,5,1));
#1999=IFCINDEXEDPOLYGONALFACE((8,4,2,6));
#2000=IFCPOLYGONALFACESET(#1993,$,(#1994,#1995,#1996,#1997,#1998,#1999),$);
#2001=IFCSHAPEREPRESENTATION(#15,'Body','Tessellation',(#2000));
#2002=IFCUNITARYEQUIPMENTTYPE('2LdKF3kJ1AlAAVKM$OniFU',$,'Mitsubishi 5.5TR',$,$,$,(#2007),$,$,.AIRCONDITIONINGUNIT.);
#2003=IFCCARTESIANPOINT((0.,0.,0.));
#2004=IFCDIRECTION((1.,0.,0.));
#2005=IFCDIRECTION((0.,0.,1.));
#2006=IFCAXIS2PLACEMENT3D(#2003,#2005,#2004);
#2007=IFCREPRESENTATIONMAP(#2006,#2001);
#2008=IFCRELDEFINESBYTYPE('1Gti_JNv5DDR$izTp$C1Oo',$,$,$,(#1902),#2002);
#2009=IFCCARTESIANPOINT((0.,0.,0.));
#2010=IFCDIRECTION((1.,0.,0.));
#2011=IFCDIRECTION((0.,1.,0.));
#2012=IFCDIRECTION((0.,0.,1.));
#2013=IFCCARTESIANTRANSFORMATIONOPERATOR3D(#2010,#2011,#2009,1.,#2012);
#2014=IFCMAPPEDITEM(#2007,#2013);
#2015=IFCSHAPEREPRESENTATION(#15,'Body','MappedRepresentation',(#2014));
#2016=IFCPRODUCTDEFINITIONSHAPE($,$,(#2015));
#2037=IFCANNOTATION('298e$fCgHBfBmXQmuXC7Dd',$,'GF PLAN',$,'DRAWING',#2560,#2048,.USERDEFINED.);
#2048=IFCPRODUCTDEFINITIONSHAPE($,$,(#2574));
#2049=IFCGROUP('1I59oWewH4twIM4HyeNYd0',$,'GF PLAN',$,'DRAWING');
#2050=IFCRELASSIGNSTOGROUP('3X2lDvLEr4SQPPuXb_b_eT',$,$,$,(#2399,#2609,#2254,#2037),$,#2049);
#2051=IFCPROPERTYSET('1D1DeW9Cj7q9bMm7u6ApGc',$,'EPset_Drawing',$,(#2053,#2054,#2055,#2056,#2057,#2058,#2059,#2060,#2061,#2062,#2063,#2064,#2065));
#2052=IFCRELDEFINESBYPROPERTIES('0COULjKJz4jue_pgg50XII',$,$,$,(#2037),#2051);
#2053=IFCPROPERTYSINGLEVALUE('TargetView',$,IFCLABEL('PLAN_VIEW'),$);
#2054=IFCPROPERTYSINGLEVALUE('Scale',$,IFCLABEL('1/50'),$);
#2055=IFCPROPERTYSINGLEVALUE('HumanScale',$,IFCLABEL('1:50'),$);
#2056=IFCPROPERTYSINGLEVALUE('HasUnderlay',$,IFCBOOLEAN(.F.),$);
#2057=IFCPROPERTYSINGLEVALUE('HasLinework',$,IFCBOOLEAN(.T.),$);
#2058=IFCPROPERTYSINGLEVALUE('HasAnnotation',$,IFCBOOLEAN(.T.),$);
#2059=IFCPROPERTYSINGLEVALUE('GlobalReferencing',$,IFCBOOLEAN(.T.),$);
#2060=IFCPROPERTYSINGLEVALUE('Stylesheet',$,IFCTEXT('drawings/assets/plan.css'),$);
#2061=IFCPROPERTYSINGLEVALUE('Markers',$,IFCTEXT('drawings/assets/markers.svg'),$);
#2062=IFCPROPERTYSINGLEVALUE('Symbols',$,IFCTEXT('drawings/assets/symbols.svg'),$);
#2063=IFCPROPERTYSINGLEVALUE('Patterns',$,IFCTEXT('drawings/assets/patterns.svg'),$);
#2064=IFCPROPERTYSINGLEVALUE('ShadingStyles',$,IFCTEXT('drawings/assets/shading_styles.json'),$);
#2065=IFCPROPERTYSINGLEVALUE('CurrentShadingStyle',$,IFCLABEL('Blender Default'),$);
#2066=IFCDOCUMENTINFORMATION('X','GF PLAN',$,$,$,$,'DRAWING',$,$,$,$,$,$,$,$,$,$);
#2067=IFCRELASSOCIATESDOCUMENT('1uvvtWei9AYAXtI5AAaJ2B',$,$,$,(#1),#2066);
#2068=IFCDOCUMENTREFERENCE('drawings/GF PLAN.svg','X',$,$,#2066);
#2069=IFCRELASSOCIATESDOCUMENT('2kFaVNewj6deWkTG6bUPj2',$,$,$,(#2037),#2068);
#2083=IFCCARTESIANPOINTLIST2D(((0.,0.),(1.7364517605731801E-08,0.230000004172325),(3.0150001049041801,0.230000004172325),(3.0150001049041801,0.)),$);
#2084=IFCINDEXEDPOLYCURVE(#2083,(IFCLINEINDEX((1,2,3,4,1))),$);
#2085=IFCARBITRARYCLOSEDPROFILEDEF(.AREA.,$,#2084);
#2086=IFCCARTESIANPOINT((0.,0.,0.));
#2087=IFCDIRECTION((0.,0.,1.));
#2088=IFCDIRECTION((1.,0.,0.));
#2089=IFCAXIS2PLACEMENT3D(#2086,#2087,#2088);
#2090=IFCDIRECTION((0.,0.,1.));
#2091=IFCEXTRUDEDAREASOLID(#2085,#2089,#2090,2.6499998569488499);
#2092=IFCSHAPEREPRESENTATION(#15,'Body','SweptSolid',(#2091));
#2093=IFCCARTESIANPOINTLIST2D(((0.,0.),(3.0150001049041801,0.)),$);
#2094=IFCINDEXEDPOLYCURVE(#2093,$,$);
#2095=IFCSHAPEREPRESENTATION(#27,'Axis','Curve2D',(#2094));
#2127=IFCSHAPEREPRESENTATION(#15,'Body','Tessellation',(#2229));
#2128=IFCSPACE('2hhWFKfcXFmg2EIwd4TcCU',$,'Space',$,$,#2234,#2130,$,$,$,$);
#2129=IFCRELAGGREGATES('0KFkBBqR9Ef8ynOQVhVpti',$,$,$,#43,(#2128));
#2130=IFCPRODUCTDEFINITIONSHAPE($,$,(#2127));
#2199=IFCCARTESIANPOINTLIST3D(((-5.4737057685852104,4.3864603042602504,0.),(-6.3937053680419904,4.3864603042602504,0.),(-6.3937053680419904,4.3864603042602504,3.4500000476837198),(-4.6087055206298801,-1.1435399055480999,0.),(-4.6087055206298801,-3.3435397148132302,0.),(-4.6087055206298801,-3.3435397148132302,3.4500000476837198),(-5.4187059402465803,0.0064601898193359401,0.),(-4.75870561599731,0.0064601898193359401,0.),(-4.75870561599731,0.0064601898193359401,3.4500000476837198),(-2.0277056694030802,1.46146011352539,0.),(-0.82370567321777299,1.46146011352539,0.),(-0.82370567321777299,1.46146011352539,3.4500000476837198),(-8.3757057189941406,-1.1435399055480999,0.),(-4.6087055206298801,-1.1435399055480999,3.4500000476837198),(-4.75870561599731,1.46146011352539,0.),(-2.2577056884765598,1.46146011352539,0.),(-2.2577056884765598,1.46146011352539,3.4500000476837198),(-2.0277056694030802,4.3264598846435502,0.),(-2.0277056694030802,1.46146011352539,3.4500000476837198),(4.8062944412231401,4.3264598846435502,0.),(0.82729434967041005,4.3264598846435502,0.),(0.82729434967041005,4.3264598846435502,3.4500000476837198),(-2.2577056884765598,5.1464605331420898,0.),(-2.2577056884765598,5.1464605331420898,3.4500000476837198),(-0.82370567321777299,1.3114600181579601,0.),(-0.82370567321777299,1.3114600181579601,3.4500000476837198),(-4.6087055206298801,1.3114600181579601,0.),(-4.6087055206298801,1.3114600181579601,3.4500000476837198),(0.82729434967041005,1.3114600181579601,0.),(0.59729480743408203,1.3114600181579601,0.),(0.59729480743408203,1.3114600181579601,3.4500000476837198),(-7.5857057571411097,3.0574603080749498,0.),(-7.5857057571411097,2.1064600944518999,0.),(-7.5857057571411097,2.1064600944518999,3.4500000476837198),(-5.4737057685852104,5.1464605331420898,0.),(-5.4737057685852104,5.1464605331420898,3.4500000476837198),(4.8062944412231401,-3.3435397148132302,0.),(4.8062944412231401,4.3264598846435502,3.4500000476837198),(-7.5857057571411097,3.0574603080749498,3.4500000476837198),(4.8062944412231401,-3.3435397148132302,3.4500000476837198),(-4.6087055206298801,-0.14353990554809601,0.),(-4.6087055206298801,-0.14353990554809601,3.4500000476837198),(-5.4187059402465803,-0.14353990554809601,0.),(-5.4187059402465803,0.0064601898193359401,3.4500000476837198),(0.59729480743408203,4.3264598846435502,0.),(0.59729480743408203,4.3264598846435502,3.4500000476837198),(-8.3757057189941406,2.1064600944518999,0.),(-8.3757057189941406,-1.1435399055480999,3.4500000476837198),(-4.75870561599731,1.46146011352539,3.4500000476837198),(-2.0277056694030802,4.3264598846435502,3.4500000476837198),(0.82729434967041005,1.3114600181579601,3.4500000476837198),(-8.3757057189941406,2.1064600944518999,3.4500000476837198),(-5.4737057685852104,4.3864603042602504,3.4500000476837198),(-5.4187059402465803,-0.14353990554809601,3.4500000476837198)),$);
#2200=IFCINDEXEDPOLYGONALFACE((6,14,4,5));
#2201=IFCINDEXEDPOLYGONALFACE((9,44,7,8));
#2202=IFCINDEXEDPOLYGONALFACE((12,19,10,11));
#2203=IFCINDEXEDPOLYGONALFACE((14,48,13,4));
#2204=IFCINDEXEDPOLYGONALFACE((17,49,15,16));
#2205=IFCINDEXEDPOLYGONALFACE((19,50,18,10));
#2206=IFCINDEXEDPOLYGONALFACE((22,38,20,21));
#2207=IFCINDEXEDPOLYGONALFACE((24,17,16,23));
#2208=IFCINDEXEDPOLYGONALFACE((26,12,11,25));
#2209=IFCINDEXEDPOLYGONALFACE((28,26,25,27));
#2210=IFCINDEXEDPOLYGONALFACE((31,51,29,30));
#2211=IFCINDEXEDPOLYGONALFACE((34,39,32,33));
#2212=IFCINDEXEDPOLYGONALFACE((36,24,23,35));
#2213=IFCINDEXEDPOLYGONALFACE((38,40,37,20));
#2214=IFCINDEXEDPOLYGONALFACE((39,3,2,32));
#2215=IFCINDEXEDPOLYGONALFACE((40,6,5,37));
#2216=IFCINDEXEDPOLYGONALFACE((42,28,27,41));
#2217=IFCINDEXEDPOLYGONALFACE((44,54,43,7));
#2218=IFCINDEXEDPOLYGONALFACE((46,31,30,45));
#2219=IFCINDEXEDPOLYGONALFACE((48,52,47,13));
#2220=IFCINDEXEDPOLYGONALFACE((49,9,8,15));
#2221=IFCINDEXEDPOLYGONALFACE((50,46,45,18));
#2222=IFCINDEXEDPOLYGONALFACE((51,22,21,29));
#2223=IFCINDEXEDPOLYGONALFACE((52,34,33,47));
#2224=IFCINDEXEDPOLYGONALFACE((53,36,35,1));
#2225=IFCINDEXEDPOLYGONALFACE((54,42,41,43));
#2226=IFCINDEXEDPOLYGONALFACE((49,17,24,36,53,3,39,34,52,48,14,6,40,38,22,51,31,46,50,19,12,26,28,42,54,44,9));
#2227=IFCINDEXEDPOLYGONALFACE((7,43,41,27,25,11,10,18,45,30,29,21,20,37,5,4,13,47,33,32,2,1,35,23,16,15,8));
#2228=IFCINDEXEDPOLYGONALFACE((3,53,1,2));
#2229=IFCPOLYGONALFACESET(#2199,$,(#2200,#2201,#2202,#2203,#2204,#2205,#2206,#2207,#2208,#2209,#2210,#2211,#2212,#2213,#2214,#2215,#2216,#2217,#2218,#2219,#2220,#2221,#2222,#2223,#2224,#2225,#2226,#2227,#2228),$);
#2230=IFCCARTESIANPOINT((7.7317056655883798,4.2175397872924796,5.5511151231257802E-17));
#2231=IFCDIRECTION((0.,0.,1.));
#2232=IFCDIRECTION((1.,0.,0.));
#2233=IFCAXIS2PLACEMENT3D(#2230,#2231,#2232);
#2234=IFCLOCALPLACEMENT(#171,#2233);
#2235=IFCDOCUMENTINFORMATION('X','BBIM_Cost_Documents','Bonsai internal document containing references to cost CSV files',$,$,$,$,$,$,$,$,$,$,$,$,$,$);
#2236=IFCRELASSOCIATESDOCUMENT('0Kl0mLxdn5SB6384UEEmOJ',$,$,$,(#1),#2235);
#2237=IFCELEMENTQUANTITY('3WGcd$hST8Jglk7QlH2WJ3',$,'Qto_SpaceBaseQuantities',$,'BaseQuantities',(#2239,#2240,#2241,#2242,#2243,#2244,#2245,#2246,#2247,#2248));
#2238=IFCRELDEFINESBYPROPERTIES('3b99A38EX1LvPGPkI_v1A$',$,$,$,(#2128),#2237);
#2239=IFCQUANTITYLENGTH('FinishCeilingHeight',$,$,3.4500001072883602,$);
#2240=IFCQUANTITYLENGTH('FinishFloorHeight',$,$,0.,$);
#2241=IFCQUANTITYAREA('GrossCeilingArea',$,$,90.776596277952194,$);
#2242=IFCQUANTITYAREA('GrossFloorArea',$,$,90.7765945643187,$);
#2243=IFCQUANTITYLENGTH('GrossPerimeter',$,$,66.308246944001695,$);
#2244=IFCQUANTITYVOLUME('GrossVolume',$,$,313.17926075363999,$);
#2245=IFCQUANTITYLENGTH('Height',$,$,3.4500000476837198,$);
#2246=IFCQUANTITYAREA('NetCeilingArea',$,$,90.776596277952194,$);
#2247=IFCQUANTITYAREA('NetFloorArea',$,$,90.7765945643187,$);
#2248=IFCQUANTITYVOLUME('NetVolume',$,$,313.17926075363999,$);
#2254=IFCANNOTATION('1xRKW24Un3NPud9$go8f1f',$,'TEXT',$,$,#2287,#2267,.TEXT.);
#2260=IFCCARTESIANPOINT((0.,0.,0.));
#2261=IFCDIRECTION((0.,0.,1.));
#2262=IFCDIRECTION((1.,0.,0.));
#2263=IFCAXIS2PLACEMENT3D(#2260,#2261,#2262);
#2264=IFCPLANAREXTENT(1000.,1000.);
#2265=IFCTEXTLITERALWITHEXTENT('TOTAL AREA 90.7sq.m \X2\000A\X0\ 976.6sq.ft',#2263,.RIGHT.,#2264,'bottom-left');
#2266=IFCSHAPEREPRESENTATION(#29,'Annotation','Annotation2D',(#2265));
#2267=IFCPRODUCTDEFINITIONSHAPE($,$,(#2266));
#2268=IFCPROPERTYSET('10UcOByT1DHQuCjaV281ja',$,'EPset_Annotation',$,(#2270,#2271,#2272));
#2269=IFCRELDEFINESBYPROPERTIES('27AVQqo_1DPg$ENtpHZthM',$,$,$,(#2254),#2268);
#2270=IFCPROPERTYSINGLEVALUE('Newline_At',$,IFCINTEGER(0),$);
#2271=IFCPROPERTYSINGLEVALUE('Reverse_List',$,IFCBOOLEAN(.F.),$);
#2272=IFCPROPERTYSINGLEVALUE('List_Separator',$,IFCTEXT(', '),$);
#2278=IFCCARTESIANPOINTLIST2D(((-3.8423688411712602,-0.15138769149780301),(-3.8423690795898402,2.0466127395629901),(-4.2123689651489302,2.0466127395629901),(-4.2123689651489302,3.2786126136779798),(-3.6123690605163601,3.2786126136779798),(-3.6123690605163601,4.7336125373840297),(-1.26136875152588,4.7336125373840297),(-1.26136875152588,7.9786124229431197),(6.0326309204101598,7.9786124229431197),(6.0326309204101598,-0.15138769149780301),(-3.8423688411712602,-0.15138769149780301)),$);
#2279=IFCINDEXEDPOLYCURVE(#2278,$,$);
#2280=IFCCARTESIANPOINTLIST2D(((4.4186310768127397,1.27061295509338),(1.97537469863892,1.27061295509338),(1.97537469863892,3.5836129188537602),(4.4186310768127397,3.5836129188537602),(4.4186310768127397,1.27061295509338)),$);
#2281=IFCINDEXEDPOLYCURVE(#2280,$,$);
#2282=IFCARBITRARYPROFILEDEFWITHVOIDS(.AREA.,$,#2279,(#2281));
#2283=IFCCARTESIANPOINT((5.88368844985962,3.4139027595520002,1.04999995231628));
#2284=IFCDIRECTION((0.,0.,1.));
#2285=IFCDIRECTION((1.,0.,0.));
#2286=IFCAXIS2PLACEMENT3D(#2283,#2284,#2285);
#2287=IFCLOCALPLACEMENT($,#2286);
#2366=IFCANNOTATION('0xv6C$9Qb4t91zV5ibCMih',$,'WEST SECTION',$,'DRAWING',#2536,#2377,.USERDEFINED.);
#2377=IFCPRODUCTDEFINITIONSHAPE($,$,(#2597));
#2378=IFCGROUP('135tq637T1SvCV4s1LwJd$',$,'WEST SECTION',$,'DRAWING');
#2379=IFCRELASSIGNSTOGROUP('3Hsqp9E9f8tAT4Ak6GFFSS',$,$,$,(#2366,#2405,#2416,#2466),$,#2378);
#2380=IFCPROPERTYSET('1FV2OcDm16NPZ1OFHyPzdF',$,'EPset_Drawing',$,(#2382,#2383,#2384,#2385,#2386,#2387,#2388,#2389,#2390,#2391,#2392,#2393,#2394));
#2381=IFCRELDEFINESBYPROPERTIES('2Cn1vaVrf6YgXMO9z2Fd1d',$,$,$,(#2366),#2380);
#2382=IFCPROPERTYSINGLEVALUE('TargetView',$,IFCLABEL('SECTION_VIEW'),$);
#2383=IFCPROPERTYSINGLEVALUE('Scale',$,IFCLABEL('1/50'),$);
#2384=IFCPROPERTYSINGLEVALUE('HumanScale',$,IFCLABEL('1:50'),$);
#2385=IFCPROPERTYSINGLEVALUE('HasUnderlay',$,IFCBOOLEAN(.F.),$);
#2386=IFCPROPERTYSINGLEVALUE('HasLinework',$,IFCBOOLEAN(.T.),$);
#2387=IFCPROPERTYSINGLEVALUE('HasAnnotation',$,IFCBOOLEAN(.T.),$);
#2388=IFCPROPERTYSINGLEVALUE('GlobalReferencing',$,IFCBOOLEAN(.T.),$);
#2389=IFCPROPERTYSINGLEVALUE('Stylesheet',$,IFCTEXT('drawings/assets/plan.css'),$);
#2390=IFCPROPERTYSINGLEVALUE('Markers',$,IFCTEXT('drawings/assets/markers.svg'),$);
#2391=IFCPROPERTYSINGLEVALUE('Symbols',$,IFCTEXT('drawings/assets/symbols.svg'),$);
#2392=IFCPROPERTYSINGLEVALUE('Patterns',$,IFCTEXT('drawings/assets/patterns.svg'),$);
#2393=IFCPROPERTYSINGLEVALUE('ShadingStyles',$,IFCTEXT('drawings/assets/shading_styles.json'),$);
#2394=IFCPROPERTYSINGLEVALUE('CurrentShadingStyle',$,IFCLABEL('Blender Default'),$);
#2395=IFCDOCUMENTINFORMATION('X','WEST SECTION',$,$,$,$,'DRAWING',$,$,$,$,$,$,$,$,$,$);
#2396=IFCRELASSOCIATESDOCUMENT('255ipJyP9BJBxr73FA1RlN',$,$,$,(#1),#2395);
#2397=IFCDOCUMENTREFERENCE('drawings/WEST SECTION.svg','X',$,$,#2395);
#2398=IFCRELASSOCIATESDOCUMENT('0tzyc_5b54E9MVC95tUm3t',$,$,$,(#2366),#2397);
#2399=IFCANNOTATION('3pzSeZaB96J9hfHuXAQuxM',$,'WEST SECTION',$,'SECTION',#2569,#2564,.USERDEFINED.);
#2400=IFCCARTESIANPOINTLIST3D(((-0.72809696197509799,-9.9998493194580096,0.),(-0.72809696197509799,9.9998493194580096,0.)),$);
#2401=IFCINDEXEDPOLYCURVE(#2400,$,$);
#2402=IFCSHAPEREPRESENTATION(#29,'Annotation','Curve3D',(#2401));
#2404=IFCRELASSIGNSTOPRODUCT('0HYw3dTFz7zuUw9Rp73EvK',$,$,$,(#2399),$,#2366);
#2405=IFCANNOTATION('0bEsHfmcLCVP4LmRsWDNor',$,'GF',$,'SECTION_LEVEL',#2583,#2578,.USERDEFINED.);
#2411=IFCCARTESIANPOINTLIST3D(((24.999849319458001,-1.7881393432617201E-07,0.),(-24.999849319458001,-1.7881393432617201E-07,0.)),$);
#2412=IFCINDEXEDPOLYCURVE(#2411,$,$);
#2413=IFCSHAPEREPRESENTATION(#18,'Annotation','Curve3D',(#2412));
#2415=IFCRELASSIGNSTOPRODUCT('2NgIMjxtTAHhq4bjrxG7Rc',$,$,$,(#2405),$,#43);
#2416=IFCANNOTATION('3erV8tcCX10vC2zr7e89MI',$,'FF',$,'SECTION_LEVEL',#2592,#2587,.USERDEFINED.);
#2422=IFCCARTESIANPOINTLIST3D(((24.999849319458001,2.54999971389771,0.),(-24.999849319458001,2.54999971389771,0.)),$);
#2423=IFCINDEXEDPOLYCURVE(#2422,$,$);
#2424=IFCSHAPEREPRESENTATION(#18,'Annotation','Curve3D',(#2423));
#2426=IFCRELASSIGNSTOPRODUCT('2anz2tEUn2gOVfGllUVIFw',$,$,$,(#2416),$,#1756);
#2466=IFCANNOTATION('1VtK9jwRz3qw$mcYGcCYRu',$,'DIMENSION',$,$,#2471,#2476,.DIMENSION.);
#2467=IFCCARTESIANPOINT((3.2719030380249001,1.6721537113189699,0.44999992847442599));
#2468=IFCDIRECTION((1.,0.,-2.2204460492503101E-16));
#2469=IFCDIRECTION((-2.2204460492503101E-16,1.,0.));
#2470=IFCAXIS2PLACEMENT3D(#2467,#2468,#2469);
#2471=IFCLOCALPLACEMENT($,#2470);
#2474=IFCGEOMETRICCURVESET((#2510));
#2475=IFCSHAPEREPRESENTATION(#18,'Annotation','GeometricSet',(#2474,#2512));
#2476=IFCPRODUCTDEFINITIONSHAPE($,$,(#2475));
#2481=IFCCARTESIANPOINTLIST3D(((24.999849319458001,-1.7881393432617201E-07,0.),(-24.999849319458001,-1.7881393432617201E-07,0.)),$);
#2482=IFCINDEXEDPOLYCURVE(#2481,$,$);
#2483=IFCSHAPEREPRESENTATION(#18,'Annotation','Curve3D',(#2482));
#2490=IFCCARTESIANPOINTLIST3D(((24.999849319458001,2.54999971389771,0.),(-24.999849319458001,2.54999971389771,0.)),$);
#2491=IFCINDEXEDPOLYCURVE(#2490,$,$);
#2492=IFCSHAPEREPRESENTATION(#18,'Annotation','Curve3D',(#2491));
#2509=IFCCARTESIANPOINTLIST2D(((-4.7035388946533203,7.2164496600635205E-16),(-4.7035388946533203,3.20000028610229)),$);
#2510=IFCINDEXEDPOLYCURVE(#2509,$,$);
#2511=IFCCARTESIANPOINTLIST2D(((0.,7.2164496600635205E-16),(2.8865815580912999E-15,4.7670001983642596)),$);
#2512=IFCINDEXEDPOLYCURVE(#2511,$,$);
#2520=IFCSHAPEREPRESENTATION(#29,'Annotation','Curve2D',(#2555));
#2532=IFCCARTESIANPOINT((3.9421234130859402,3.8191933631896999,2.4500000476837198));
#2533=IFCDIRECTION((1.,4.3711388286737902E-08,-4.3711388286737902E-08));
#2534=IFCDIRECTION((-4.3711388286737902E-08,1.,0.));
#2535=IFCAXIS2PLACEMENT3D(#2532,#2533,#2534);
#2536=IFCLOCALPLACEMENT($,#2535);
#2542=IFCCARTESIANPOINT((0.80746912956237804,4.1388454437255904,0.58266544342041005));
#2543=IFCDIRECTION((0.,0.,1.));
#2544=IFCDIRECTION((1.,0.,0.));
#2545=IFCAXIS2PLACEMENT3D(#2542,#2543,#2544);
#2546=IFCLOCALPLACEMENT(#1777,#2545);
#2554=IFCCARTESIANPOINTLIST2D(((-1.0578750371932999,-7.4539246559143102),(-1.0578759908676101,5.5848374366760298)),$);
#2555=IFCINDEXEDPOLYCURVE(#2554,$,$);
#2556=IFCCARTESIANPOINT((5.,3.,2.0499999523162802));
#2557=IFCDIRECTION((0.,0.,1.));
#2558=IFCDIRECTION((1.,0.,0.));
#2559=IFCAXIS2PLACEMENT3D(#2556,#2557,#2558);
#2560=IFCLOCALPLACEMENT($,#2559);
#2561=IFCCARTESIANPOINTLIST3D(((-1.0578759908676101,-7.2420411109924299,0.),(-1.0578767061233501,7.2420406341552699,0.)),$);
#2562=IFCINDEXEDPOLYCURVE(#2561,$,$);
#2563=IFCSHAPEREPRESENTATION(#29,'Annotation','Curve3D',(#2562));
#2564=IFCPRODUCTDEFINITIONSHAPE($,$,(#2563));
#2565=IFCCARTESIANPOINT((5.,3.,1.9979999065399201));
#2566=IFCDIRECTION((0.,0.,1.));
#2567=IFCDIRECTION((1.,0.,0.));
#2568=IFCAXIS2PLACEMENT3D(#2565,#2566,#2567);
#2569=IFCLOCALPLACEMENT($,#2568);
#2570=IFCCARTESIANPOINT((-8.3350000381469709,-7.2423018624142896,-10.));
#2571=IFCAXIS2PLACEMENT3D(#2570,$,$);
#2572=IFCBLOCK(#2571,16.670000076293899,14.484603724828601,10.);
#2573=IFCCSGSOLID(#2572);
#2574=IFCSHAPEREPRESENTATION(#15,'Body','CSG',(#2573));
#2577=IFCSHAPEREPRESENTATION(#18,'Annotation','Curve2D',(#2601));
#2578=IFCPRODUCTDEFINITIONSHAPE($,$,(#2577));
#2579=IFCCARTESIANPOINT((3.8901233673095699,3.8191933631896999,2.4500000476837198));
#2580=IFCDIRECTION((1.,0.,-2.2204460492503101E-16));
#2581=IFCDIRECTION((-2.2204460492503101E-16,1.,0.));
#2582=IFCAXIS2PLACEMENT3D(#2579,#2580,#2581);
#2583=IFCLOCALPLACEMENT($,#2582);
#2586=IFCSHAPEREPRESENTATION(#18,'Annotation','Curve2D',(#2599));
#2587=IFCPRODUCTDEFINITIONSHAPE($,$,(#2586));
#2588=IFCCARTESIANPOINT((3.8901233673095699,3.8191933631896999,2.4500000476837198));
#2589=IFCDIRECTION((1.,0.,-2.2204460492503101E-16));
#2590=IFCDIRECTION((-2.2204460492503101E-16,1.,0.));
#2591=IFCAXIS2PLACEMENT3D(#2588,#2589,#2590);
#2592=IFCLOCALPLACEMENT($,#2591);
#2593=IFCCARTESIANPOINT((-8.3350000381469709,-3.6677388379244298,-10.));
#2594=IFCAXIS2PLACEMENT3D(#2593,$,$);
#2595=IFCBLOCK(#2594,16.670000076293899,7.3354776758488596,10.);
#2596=IFCCSGSOLID(#2595);
#2597=IFCSHAPEREPRESENTATION(#15,'Body','CSG',(#2596));
#2598=IFCCARTESIANPOINTLIST2D(((7.3188095092773402,0.54999971389770497),(-7.31880855560303,0.54999971389770497)),$);
#2599=IFCINDEXEDPOLYCURVE(#2598,$,$);
#2600=IFCCARTESIANPOINTLIST2D(((7.4176654815673801,-2.00000023841858),(-7.41766452789307,-2.00000023841858)),$);
#2601=IFCINDEXEDPOLYCURVE(#2600,$,$);
#2602=IFCDOCUMENTINFORMATION('A01','UNTITLED',$,$,$,$,'SHEET',$,$,$,$,$,$,$,$,$,$);
#2603=IFCRELASSOCIATESDOCUMENT('3VMn4Po9f1Xf2afYTDESid',$,$,$,(#1),#2602);
#2604=IFCDOCUMENTREFERENCE('layouts/A01 - UNTITLED.svg','X',$,'LAYOUT',#2602);
#2605=IFCDOCUMENTREFERENCE('layouts/titleblocks/A1.svg','X',$,'TITLEBLOCK',#2602);
#2606=IFCDOCUMENTREFERENCE('drawings/GF PLAN.svg','1',$,'DRAWING',#2602);
#2607=IFCDOCUMENTREFERENCE('drawings/WEST SECTION.svg','2',$,'DRAWING',#2602);
#2608=IFCDOCUMENTREFERENCE('sheets/A01 - UNTITLED.svg','X',$,'SHEET',#2602);
#2609=IFCANNOTATION('04XJl$2TDBifnoCiMLWQDG',$,'DIMENSION',$,$,#2614,#2619,.DIMENSION.);
#2610=IFCCARTESIANPOINT((8.9490890502929705,0.87400007247924805,1.04999995231628));
#2611=IFCDIRECTION((0.,0.,1.));
#2612=IFCDIRECTION((1.,0.,0.));
#2613=IFCAXIS2PLACEMENT3D(#2610,#2611,#2612);
#2614=IFCLOCALPLACEMENT($,#2613);
#2617=IFCGEOMETRICCURVESET((#2621));
#2618=IFCSHAPEREPRESENTATION(#29,'Annotation','GeometricSet',(#2617,#2623,#2625,#2627,#2629,#2631,#2633,#2635,#2637));
#2619=IFCPRODUCTDEFINITIONSHAPE($,$,(#2618));
#2620=IFCCARTESIANPOINTLIST2D(((-8.8030891418456996,5.4500708580017099),(-8.8030891418456996,6.4092941284179696),(-7.5958151817321804,7.6812438964843803)),$);
#2621=IFCINDEXEDPOLYCURVE(#2620,$,$);
#2622=IFCCARTESIANPOINTLIST2D(((-10.110058784484901,2.2000713348388699),(-10.110058784484901,5.4499998092651403)),$);
#2623=IFCINDEXEDPOLYCURVE(#2622,$,$);
#2624=IFCCARTESIANPOINTLIST2D(((-3.2313895225524898,0.),(-3.2313895225524898,4.6549997329711896)),$);
#2625=IFCINDEXEDPOLYCURVE(#2624,$,$);
#2626=IFCCARTESIANPOINTLIST2D(((-2.6434779167175302,4.8050708770751998),(-2.6434779167175302,7.6699995994567898)),$);
#2627=IFCINDEXEDPOLYCURVE(#2626,$,$);
#2628=IFCCARTESIANPOINTLIST2D(((-0.39008903503418002,6.9253554344177202),(3.5885210037231401,6.9253554344177202)),$);
#2629=IFCINDEXEDPOLYCURVE(#2628,$,$);
#2630=IFCCARTESIANPOINTLIST2D(((-3.24508905410767,6.2374997138977104),(-0.62047863006591797,6.2374997138977104)),$);
#2631=IFCINDEXEDPOLYCURVE(#2630,$,$);
#2632=IFCCARTESIANPOINTLIST2D(((-5.82608890533447,2.1999998092651398),(-0.238734245300293,2.1999998092651398),(2.20452213287354,2.1999998092651398),(3.58852195739746,2.1999998092651398)),$);
#2633=IFCINDEXEDPOLYCURVE(#2632,$,$);
#2634=IFCCARTESIANPOINTLIST2D(((2.9329271316528298,0.),(2.9329271316528298,7.6700711250305202)),$);
#2635=IFCINDEXEDPOLYCURVE(#2634,$,$);
#2636=IFCCARTESIANPOINTLIST2D(((1.5959835052490201,0.),(1.5959835052490201,1.19207143783569),(1.5959835052490201,3.5050711631774898),(1.5959835052490201,7.6700000762939498)),$);
#2637=IFCINDEXEDPOLYCURVE(#2636,$,$);
#2638=IFCCIRCLEPROFILEDEF(.AREA.,'35cm',$,0.17499999701976801);
#2644=IFCDUCTSEGMENTTYPE('2QlGCnNWLBewlPjM5FRVoq',$,'35cm ROUND',$,$,$,$,$,$,.FLEXIBLESEGMENT.);
#2645=IFCMATERIALPROFILESET($,$,(#2647),$);
#2646=IFCRELASSOCIATESMATERIAL('3JM2rfVmjBnxbA3Og2ijzg',$,$,$,(#2644),#2645);
#2647=IFCMATERIALPROFILE($,$,#156,#2638,$,$);
#2648=IFCDUCTSEGMENT('1dO1mxYu50nv4fq21Y5J6W',$,'DuctSegment',$,$,#3024,#2660,$,$);
#2649=IFCRELDEFINESBYTYPE('0lM$f0foL09uylAoxzln_p',$,$,$,(#2752,#2886),#2644);
#2660=IFCPRODUCTDEFINITIONSHAPE($,$,(#2997,#3004));
#2668=IFCPROPERTYSET('3mYabsiF5DFRIOtmLTUirJ',$,'EPset_Parametric',$,(#2670));
#2669=IFCRELDEFINESBYPROPERTIES('21ATLSZSPCeRGHUvF8UTTk',$,$,$,(#2648),#2668);
#2670=IFCPROPERTYSINGLEVALUE('Engine',$,IFCLABEL('Bonsai.DumbProfile'),$);
#2671=IFCDISTRIBUTIONPORT('0zao2QPU15Zu_rxJdkMdH7',$,$,$,$,#2677,$,.NOTDEFINED.,.DUCT.,$);
#2672=IFCRELNESTS('1bYN5CXdn1zxtvET3bx$LE',$,$,$,#2648,(#2678,#2671));
#2673=IFCCARTESIANPOINT((2.2204460492503101E-16,0.,-4.4408920985006301E-16));
#2674=IFCDIRECTION((-5.2108164320315002E-15,-5.2108037546986097E-15,1.));
#2675=IFCDIRECTION((1.,-2.2499312661442402E-21,5.2108050252150096E-15));
#2676=IFCAXIS2PLACEMENT3D(#2673,#2674,#2675);
#2677=IFCLOCALPLACEMENT(#3024,#2676);
#2678=IFCDISTRIBUTIONPORT('2wJRb4sGLB1fMYQreG5gzG',$,$,$,$,#3014,$,.NOTDEFINED.,.DUCT.,$);
#2684=IFCANNOTATION('2H2vKWO41B2xWQGn1AxO83',$,'ORTHOGRAPHIC',$,'DRAWING',#2726,#2695,.USERDEFINED.);
#2695=IFCPRODUCTDEFINITIONSHAPE($,$,(#2731));
#2696=IFCGROUP('0RSF_9tsL6ugp1$JgybHQH',$,'ORTHOGRAPHIC',$,'DRAWING');
#2697=IFCRELASSIGNSTOGROUP('28eJXhSGzFhR4bCN$ypmFl',$,$,$,(#2684),$,#2696);
#2698=IFCPROPERTYSET('2_kGQRhK91oQ3j_4l_01A1',$,'EPset_Drawing',$,(#2700,#2701,#2702,#2703,#2704,#2705,#2706,#2707,#2708,#2709,#2710,#2711,#2712));
#2699=IFCRELDEFINESBYPROPERTIES('3k5EmOSu16UwqFmijXVZY5',$,$,$,(#2684),#2698);
#2700=IFCPROPERTYSINGLEVALUE('TargetView',$,IFCLABEL('MODEL_VIEW'),$);
#2701=IFCPROPERTYSINGLEVALUE('Scale',$,IFCLABEL('1/100'),$);
#2702=IFCPROPERTYSINGLEVALUE('HumanScale',$,IFCLABEL('1:100'),$);
#2703=IFCPROPERTYSINGLEVALUE('HasUnderlay',$,IFCBOOLEAN(.F.),$);
#2704=IFCPROPERTYSINGLEVALUE('HasLinework',$,IFCBOOLEAN(.T.),$);
#2705=IFCPROPERTYSINGLEVALUE('HasAnnotation',$,IFCBOOLEAN(.T.),$);
#2706=IFCPROPERTYSINGLEVALUE('GlobalReferencing',$,IFCBOOLEAN(.T.),$);
#2707=IFCPROPERTYSINGLEVALUE('Stylesheet',$,IFCTEXT('drawings/assets/default.css'),$);
#2708=IFCPROPERTYSINGLEVALUE('Markers',$,IFCTEXT('drawings/assets/markers.svg'),$);
#2709=IFCPROPERTYSINGLEVALUE('Symbols',$,IFCTEXT('drawings/assets/symbols.svg'),$);
#2710=IFCPROPERTYSINGLEVALUE('Patterns',$,IFCTEXT('drawings/assets/patterns.svg'),$);
#2711=IFCPROPERTYSINGLEVALUE('ShadingStyles',$,IFCTEXT('drawings/assets/shading_styles.json'),$);
#2712=IFCPROPERTYSINGLEVALUE('CurrentShadingStyle',$,IFCLABEL('Plan'),$);
#2713=IFCDOCUMENTINFORMATION('X','ORTHOGRAPHIC',$,$,$,$,'DRAWING',$,$,$,$,$,$,$,$,$,$);
#2714=IFCRELASSOCIATESDOCUMENT('2HItALFaT4y8gZyNjUkI04',$,$,$,(#1),#2713);
#2715=IFCDOCUMENTREFERENCE('drawings/ORTHOGRAPHIC.svg','X',$,$,#2713);
#2716=IFCRELASSOCIATESDOCUMENT('3X5GGp9qP8JQiVn3TXm7ir',$,$,$,(#2684),#2715);
#2722=IFCCARTESIANPOINT((5.,3.,11.7723598480225));
#2723=IFCDIRECTION((0.,0.,1.));
#2724=IFCDIRECTION((1.,0.,0.));
#2725=IFCAXIS2PLACEMENT3D(#2722,#2723,#2724);
#2726=IFCLOCALPLACEMENT($,#2725);
#2727=IFCCARTESIANPOINT((-25.,-25.,-1000.));
#2728=IFCAXIS2PLACEMENT3D(#2727,$,$);
#2729=IFCBLOCK(#2728,50.,50.,1000.);
#2730=IFCCSGSOLID(#2729);
#2731=IFCSHAPEREPRESENTATION(#15,'Body','CSG',(#2730));
#2752=IFCDUCTSEGMENT('3VY5QYHtDE5eGAN9pX3Y1E',$,'DuctSegment',$,$,#2801,#2786,$,$);
#2758=IFCRELASSOCIATESMATERIAL('25b8aGiZX9uxsJcLM3r2S6',$,$,$,(#2752),#2759);
#2759=IFCMATERIALPROFILESETUSAGE(#2645,5,$);
#2760=IFCRELDEFINESBYPROPERTIES('0NArBP9HX0XQkpa_PLFC2R',$,$,$,(#2752),#2761);
#2761=IFCPROPERTYSET('2ayRxZHT9FZQ7J4XOa$fUg',$,'EPset_Parametric',$,(#2762));
#2762=IFCPROPERTYSINGLEVALUE('Engine',$,IFCLABEL('Bonsai.DumbProfile'),$);
#2763=IFCDISTRIBUTIONPORT('36av5$6Pf1bPfwSRq6Devh',$,$,$,$,#2780,$,.NOTDEFINED.,.DUCT.,$);
#2769=IFCDISTRIBUTIONPORT('3j2cN9FrP8Af$Ef8SREJTH',$,$,$,$,#2785,$,.NOTDEFINED.,.DUCT.,$);
#2775=IFCRELNESTS('0hsO6ONanAZAjQTQOZwDgF',$,$,$,#2752,(#2763,#2769));
#2776=IFCCARTESIANPOINT((4.3711491315434601E-08,4.37113851781135E-08,1.00000000000023));
#2777=IFCDIRECTION((-3.5378833877351897E-26,0.,1.));
#2778=IFCDIRECTION((1.,0.,-3.30059402744471E-26));
#2779=IFCAXIS2PLACEMENT3D(#2776,#2777,#2778);
#2780=IFCLOCALPLACEMENT(#2801,#2779);
#2781=IFCCARTESIANPOINT((2.2204460492503101E-16,4.4408920985006301E-16,-4.4408920985006301E-16));
#2782=IFCDIRECTION((-5.21081643203149E-15,-5.2108037017590497E-15,1.));
#2783=IFCDIRECTION((1.,-2.2764010457459299E-21,5.2108050252150199E-15));
#2784=IFCAXIS2PLACEMENT3D(#2781,#2782,#2783);
#2785=IFCLOCALPLACEMENT(#2801,#2784);
#2786=IFCPRODUCTDEFINITIONSHAPE($,$,(#2787,#2790));
#2787=IFCSHAPEREPRESENTATION(#16,'Axis','Curve3D',(#2788));
#2788=IFCINDEXEDPOLYCURVE(#2789,$,.F.);
#2789=IFCCARTESIANPOINTLIST3D(((9.7592817382974304E-08,-1.4504934142678401E-08,-1.2219788914080701E-07),(1.4130426961855799E-07,2.9206461249486899E-08,0.99999988079071001)),$);
#2790=IFCSHAPEREPRESENTATION(#15,'Body','SweptSolid',(#2791));
#2791=IFCEXTRUDEDAREASOLID(#2638,#2792,#2796,1.00000000000023);
#2792=IFCAXIS2PLACEMENT3D(#2793,#2794,#2795);
#2793=IFCCARTESIANPOINT((0.,0.,0.));
#2794=IFCDIRECTION((0.,0.,1.));
#2795=IFCDIRECTION((1.,0.,0.));
#2796=IFCDIRECTION((0.,0.,1.));
#2797=IFCCARTESIANPOINT((3.5094914436340301,2.3860650062561,3.28660780191422));
#2798=IFCDIRECTION((-1.,-4.33125677545831E-07,4.3312576281095998E-07));
#2799=IFCDIRECTION((4.3312576281095998E-07,-1.,2.38418579101562E-07));
#2800=IFCAXIS2PLACEMENT3D(#2797,#2798,#2799);
#2801=IFCLOCALPLACEMENT(#171,#2800);
#2833=IFCCIRCLEPROFILEDEF(.AREA.,'20cm',$,0.10000000149011599);
#2834=IFCDUCTSEGMENTTYPE('336NUfQnj9GvYnGm8l1z3g',$,'20cm ROUND',$,$,$,$,$,$,.FLEXIBLESEGMENT.);
#2835=IFCRELASSOCIATESMATERIAL('0ghrFOtTL5LRu7HE4puGF7',$,$,$,(#2834),#2836);
#2836=IFCMATERIALPROFILESET($,$,(#2837),$);
#2837=IFCMATERIALPROFILE($,$,#156,#2833,$,$);
#2838=IFCRELDEFINESBYTYPE('0iio2mJKz8NOLLaGE4oIZy',$,$,$,(#2648),#2834);
#2839=IFCMATERIALPROFILESETUSAGE(#2836,5,$);
#2840=IFCRELASSOCIATESMATERIAL('0Fqs3hKCrCGPUGRhDBeH6K',$,$,$,(#2648),#2839);
#2886=IFCDUCTSEGMENT('3wBiGb8Rn2bAOiyC0zBWc8',$,'DuctSegment',$,$,#3034,#2920,$,$);
#2892=IFCRELDEFINESBYPROPERTIES('3lGGhTWdT5oAqGlXPUOqMW',$,$,$,(#2886),#2893);
#2893=IFCPROPERTYSET('3T6f965NfE9v5aScofixpN',$,'EPset_Parametric',$,(#2894));
#2894=IFCPROPERTYSINGLEVALUE('Engine',$,IFCLABEL('Bonsai.DumbProfile'),$);
#2895=IFCRELASSOCIATESMATERIAL('2_Ied3$J14E9kbbgmYW6Ei',$,$,$,(#2886),#2896);
#2896=IFCMATERIALPROFILESETUSAGE(#2645,5,$);
#2897=IFCDISTRIBUTIONPORT('1J25TiDDT4MAmGvU30a$pF',$,$,$,$,#2914,$,.NOTDEFINED.,.DUCT.,$);
#2903=IFCDISTRIBUTIONPORT('3aq3aZewb90Qn_aizx_nr1',$,$,$,$,#2919,$,.NOTDEFINED.,.DUCT.,$);
#2909=IFCRELNESTS('0BqmrBX0r8_R6iBBTSVHI1',$,$,$,#2886,(#2897,#2903));
#2910=IFCCARTESIANPOINT((4.3711491315434601E-08,4.37113851781135E-08,1.00000000000022));
#2911=IFCDIRECTION((-3.5378833877351897E-26,0.,1.));
#2912=IFCDIRECTION((1.,0.,-3.30059402744471E-26));
#2913=IFCAXIS2PLACEMENT3D(#2910,#2911,#2912);
#2914=IFCLOCALPLACEMENT(#3034,#2913);
#2915=IFCCARTESIANPOINT((0.,8.8817841970012504E-16,-4.4408920985006301E-16));
#2916=IFCDIRECTION((-5.2108164320314797E-15,-5.2108036488194897E-15,1.));
#2917=IFCDIRECTION((1.,-2.3028708253476302E-21,5.2108050252150096E-15));
#2918=IFCAXIS2PLACEMENT3D(#2915,#2916,#2917);
#2919=IFCLOCALPLACEMENT(#3034,#2918);
#2920=IFCPRODUCTDEFINITIONSHAPE($,$,(#2921,#2924));
#2921=IFCSHAPEREPRESENTATION(#16,'Axis','Curve3D',(#2922));
#2922=IFCINDEXEDPOLYCURVE(#2923,$,.F.);
#2923=IFCCARTESIANPOINTLIST3D(((9.7592817382974304E-08,-1.4504934142678401E-08,-1.2219788914080701E-07),(1.4130426961855799E-07,2.9206461249486899E-08,0.99999988079071001)),$);
#2924=IFCSHAPEREPRESENTATION(#15,'Body','SweptSolid',(#2925));
#2925=IFCEXTRUDEDAREASOLID(#2638,#2926,#2930,1.00000000000023);
#2926=IFCAXIS2PLACEMENT3D(#2927,#2928,#2929);
#2927=IFCCARTESIANPOINT((0.,0.,0.));
#2928=IFCDIRECTION((0.,0.,1.));
#2929=IFCDIRECTION((1.,0.,0.));
#2930=IFCDIRECTION((0.,0.,1.));
#2931=IFCRELCONNECTSPATHELEMENTS('2pO5uVrVH90gr2pflO3B1X',$,$,$,$,#403,#1584,(),(),.ATSTART.,.ATEND.);
#2945=IFCCARTESIANPOINTLIST2D(((0.,0.),(0.230000010729034,0.15000000596046401),(1.43399999585648,0.15000000596046401),(1.43399999585648,0.)),$);
#2946=IFCINDEXEDPOLYCURVE(#2945,(IFCLINEINDEX((1,2,3,4,1))),$);
#2947=IFCARBITRARYCLOSEDPROFILEDEF(.AREA.,$,#2946);
#2948=IFCCARTESIANPOINT((0.,0.,0.));
#2949=IFCDIRECTION((0.,0.,1.));
#2950=IFCDIRECTION((1.,0.,0.));
#2951=IFCAXIS2PLACEMENT3D(#2948,#2949,#2950);
#2952=IFCDIRECTION((0.,0.,1.));
#2953=IFCEXTRUDEDAREASOLID(#2947,#2951,#2952,2.6499998569488499);
#2954=IFCSHAPEREPRESENTATION(#15,'Body','SweptSolid',(#2953));
#2955=IFCCARTESIANPOINTLIST2D(((0.,0.),(1.43399999585648,0.)),$);
#2956=IFCINDEXEDPOLYCURVE(#2955,$,$);
#2957=IFCSHAPEREPRESENTATION(#27,'Axis','Curve2D',(#2956));
#2958=IFCCARTESIANPOINT((5.4736107103575398,5.5290708541870099,0.));
#2959=IFCDIRECTION((0.,0.,1.));
#2960=IFCDIRECTION((1.,0.,0.));
#2961=IFCAXIS2PLACEMENT3D(#2958,#2959,#2960);
#2962=IFCLOCALPLACEMENT(#171,#2961);
#2963=IFCRELCONNECTSPATHELEMENTS('213hYIYm9CE85wseEUnnAL',$,$,$,$,#1234,#403,(),(),.ATPATH.,.ATEND.);
#2964=IFCCARTESIANPOINTLIST2D(((0.,0.),(-0.149999976754388,0.15000000596046401),(2.3509993877779101,0.15000000596046401),(2.35099938122121,0.)),$);
#2965=IFCINDEXEDPOLYCURVE(#2964,(IFCLINEINDEX((1,2,3,4,1))),$);
#2966=IFCARBITRARYCLOSEDPROFILEDEF(.AREA.,$,#2965);
#2967=IFCCARTESIANPOINT((0.,0.,0.));
#2968=IFCDIRECTION((0.,0.,1.));
#2969=IFCDIRECTION((1.,0.,0.));
#2970=IFCAXIS2PLACEMENT3D(#2967,#2968,#2969);
#2971=IFCDIRECTION((0.,0.,1.));
#2972=IFCEXTRUDEDAREASOLID(#2966,#2970,#2971,0.75);
#2973=IFCSHAPEREPRESENTATION(#15,'Body','SweptSolid',(#2972));
#2974=IFCCARTESIANPOINTLIST2D(((0.,0.),(2.35099938122121,0.)),$);
#2975=IFCINDEXEDPOLYCURVE(#2974,$,$);
#2976=IFCSHAPEREPRESENTATION(#27,'Axis','Curve2D',(#2975));
#2977=IFCCARTESIANPOINT((3.12261132913634,5.5290708541870099,0.44999998807907099));
#2978=IFCDIRECTION((0.,0.,1.));
#2979=IFCDIRECTION((1.,0.,0.));
#2980=IFCAXIS2PLACEMENT3D(#2977,#2978,#2979);
#2981=IFCLOCALPLACEMENT(#171,#2980);
#2982=IFCCARTESIANPOINTLIST2D(((0.,0.),(-0.23000001422594499,0.230000004172325),(3.6850000221328898,0.230000004172325),(3.8350000381469802,0.)),$);
#2983=IFCINDEXEDPOLYCURVE(#2982,(IFCLINEINDEX((1,2,3,4,1))),$);
#2984=IFCARBITRARYCLOSEDPROFILEDEF(.AREA.,$,#2983);
#2985=IFCCARTESIANPOINT((0.,0.,0.));
#2986=IFCDIRECTION((0.,0.,1.));
#2987=IFCDIRECTION((1.,0.,0.));
#2988=IFCAXIS2PLACEMENT3D(#2985,#2986,#2987);
#2989=IFCDIRECTION((0.,0.,1.));
#2990=IFCEXTRUDEDAREASOLID(#2984,#2988,#2989,2.6499998569488499);
#2991=IFCSHAPEREPRESENTATION(#15,'Body','SweptSolid',(#2990));
#2992=IFCCARTESIANPOINTLIST2D(((0.,0.),(3.8350000381469802,0.)),$);
#2993=IFCINDEXEDPOLYCURVE(#2992,$,$);
#2994=IFCSHAPEREPRESENTATION(#27,'Axis','Curve2D',(#2993));
#2995=IFCCARTESIANPOINTLIST3D(((-2.5097347133851102E-07,-1.26429995361832E-07,1.3998453596286701E-07),(2.4052741309787999E-07,-3.2275693229166797E-08,3.6358392238616899)),$);
#2996=IFCINDEXEDPOLYCURVE(#2995,$,.F.);
#2997=IFCSHAPEREPRESENTATION(#16,'Axis','Curve3D',(#2996));
#2998=IFCCARTESIANPOINT((0.,0.,0.));
#2999=IFCDIRECTION((0.,0.,1.));
#3000=IFCDIRECTION((1.,0.,0.));
#3001=IFCAXIS2PLACEMENT3D(#2998,#2999,#3000);
#3002=IFCDIRECTION((0.,0.,1.));
#3003=IFCEXTRUDEDAREASOLID(#2833,#3001,#3002,3.6358389768551702);
#3004=IFCSHAPEREPRESENTATION(#15,'Body','SweptSolid',(#3003));
#3010=IFCCARTESIANPOINT((1.4663870118170101E-08,9.4154516183664301E-08,3.63583898544378));
#3011=IFCDIRECTION((-1.4130114399642199E-23,0.,1.));
#3012=IFCDIRECTION((1.,-2.6469779601696897E-23,-1.4127716262490301E-23));
#3013=IFCAXIS2PLACEMENT3D(#3010,#3011,#3012);
#3014=IFCLOCALPLACEMENT(#3024,#3013);
#3015=IFCCARTESIANPOINT((1.4750721454620399,2.3393959999084499,3.66892129182816));
#3016=IFCDIRECTION((0.,0.,1.));
#3017=IFCDIRECTION((1.94707183709397E-07,-1.,0.));
#3018=IFCAXIS2PLACEMENT3D(#3015,#3016,#3017);
#3019=IFCLOCALPLACEMENT(#171,#3018);
#3020=IFCCARTESIANPOINT((5.8041348457336399,5.1382317543029803,3.0474067330360399));
#3021=IFCDIRECTION((-3.8941428215366598E-07,1.,4.3312576281095998E-07));
#3022=IFCDIRECTION((-1.,-3.89414367418794E-07,2.38418564890708E-07));
#3023=IFCAXIS2PLACEMENT3D(#3020,#3021,#3022);
#3024=IFCLOCALPLACEMENT(#171,#3023);
#3030=IFCCARTESIANPOINT((3.5094914436340301,1.2283300161361701,3.28660780191422));
#3031=IFCDIRECTION((-1.,-4.33125677545831E-07,4.3312576281095998E-07));
#3032=IFCDIRECTION((4.3312576281095998E-07,-1.,2.38418579101562E-07));
#3033=IFCAXIS2PLACEMENT3D(#3030,#3031,#3032);
#3034=IFCLOCALPLACEMENT(#171,#3033);
#3543=IFCPROPERTYSINGLEVALUE('LayerSetDirection',$,IFCLABEL('AXIS2'),$);
#3544=IFCPROPERTYSET('10I_AzO693DgB5fE9PZ1HR',$,'EPset_Parametric',$,(#3543));
#3545=IFCCOVERINGTYPE('0ek4tLUg18veTMM_P_kEPr',$,'Glass 10mm',$,$,(#3544),$,$,$,.CLADDING.);
#3546=IFCRELASSOCIATESMATERIAL('2BZZMGki95kwEedR8_9MPj',$,$,$,(#3545),#3549);
#3547=IFCMATERIAL('Glass',$,$);
#3548=IFCMATERIALLAYER(#3547,0.0099999997764825821,$,$,$,$,$);
#3549=IFCMATERIALLAYERSET((#3548),'bathroomtile',$);
#3550=IFCMATERIALDEFINITIONREPRESENTATION($,$,(#3561),#3547);
#3558=IFCEXTERNALLYDEFINEDSURFACESTYLE('Materials.blend','materials/GS_Glazing','GS_Glazing');
#3559=IFCSURFACESTYLE('Glass',.BOTH.,(#3558,#13860));
#3560=IFCSTYLEDITEM($,(#13930),'Glass.004');
#3561=IFCSTYLEDREPRESENTATION(#14,$,$,(#3560));
#3562=IFCCOLUMNTYPE('1gQ4ZsQWr6sgRryALylasn',$,'SHS_0.025x0.025','0.0004 m3 is the volume per metre',$,$,$,$,$,.COLUMN.);
#3563=IFCRELASSOCIATESMATERIAL('1Bi6DnRtT6Xh4xsToxh5aA',$,$,$,(#3562),#3567);
#3564=IFCMATERIAL('UPVC',$,$);
#3565=IFCRECTANGLEHOLLOWPROFILEDEF(.AREA.,'25x25',$,0.025000000372528999,0.025000000372528999,0.0049999998882412902,$,$);
#3566=IFCMATERIALPROFILE($,$,#3564,#3565,$,$);
#3567=IFCMATERIALPROFILESET($,$,(#3566),$);
#3568=IFCMATERIALDEFINITIONREPRESENTATION($,$,(#3579),#3564);
#3574=IFCCOLOURRGB($,0.113993905484676,0.067639775574207306,0.0495002046227455);
#3575=IFCSURFACESTYLESHADING(#3574,$);
#3576=IFCEXTERNALLYDEFINEDSURFACESTYLE('Materials.blend','materials/WOOD_OAK','WOOD_OAK');
#3577=IFCSURFACESTYLE('UPVC',.BOTH.,(#3575,#3576));
#3578=IFCSTYLEDITEM($,(#3577),'UPVC');
#3579=IFCSTYLEDREPRESENTATION(#14,$,$,(#3578));
#3580=IFCCOLUMNTYPE('299vOYmYT5pQDdTAkZCsgI',$,'SHS_0.05x0.05',$,$,$,$,$,$,.COLUMN.);
#3581=IFCRELASSOCIATESMATERIAL('2qtowXGbDAEPvcZK4u_Ycq',$,$,$,(#3580),#3584);
#3582=IFCRECTANGLEHOLLOWPROFILEDEF(.AREA.,'50x50',$,0.050000000745058101,0.050000000745058101,0.0049999998882412902,$,$);
#3583=IFCMATERIALPROFILE($,$,#3564,#3582,$,$);
#3584=IFCMATERIALPROFILESET($,$,(#3583),$);
#3585=IFCCOLUMNTYPE('0zyL3WTTP9QfmPLH3TcX$J',$,'SHS_0.15x0.15','25kg per m',$,$,$,$,$,.COLUMN.);
#3586=IFCRELASSOCIATESMATERIAL('0YGsxD1Jv2J9WvFwr$FQJv',$,$,$,(#3585),#3589);
#3587=IFCRECTANGLEHOLLOWPROFILEDEF(.AREA.,'150 x 150',$,0.15000000596046401,0.15000000596046401,0.0099999997764825804,$,$);
#3588=IFCMATERIALPROFILE($,$,#1365,#3587,$,$);
#3589=IFCMATERIALPROFILESET($,$,(#3588),$);
#3590=IFCCOLUMNTYPE('3_r19aoML9XhUJ_FrmGxkx',$,'SHS_0.1x0.1x0.004',$,$,$,$,$,$,.COLUMN.);
#3591=IFCRELASSOCIATESMATERIAL('3MhClZ8v557fhkAbD5o0cg',$,$,$,(#3590),#3595);
#3592=IFCMATERIAL('Wood',$,'Materials');
#3593=IFCRECTANGLEHOLLOWPROFILEDEF(.AREA.,'SHS_0.1x0.1x0.004',$,0.10000000149011599,0.10000000149011599,0.0040000001899898104,0.0040000001899898104,0.0080000003799796104);
#3594=IFCMATERIALPROFILE($,$,#3592,#3593,$,$);
#3595=IFCMATERIALPROFILESET($,$,(#3594),$);
#3596=IFCMATERIALDEFINITIONREPRESENTATION($,$,(#3604),#3592);
#3603=IFCSTYLEDITEM($,(#3577),'UPVC');
#3604=IFCSTYLEDREPRESENTATION(#15,'Body',$,(#3603));
#3605=IFCCOLUMNTYPE('1Kv_0NGCb00wBwezgLgS0E',$,'Wood 50mmx50mm',$,$,$,$,$,$,.COLUMN.);
#3606=IFCRELASSOCIATESMATERIAL('1t2ZswZArEOfw7UYjvM8Oc',$,$,$,(#3605),#3609);
#3607=IFCRECTANGLEPROFILEDEF(.AREA.,'50mmx50mm_rect',$,0.05000000074505806,0.05000000074505806);
#3608=IFCMATERIALPROFILE($,$,#3564,#3607,$,$);
#3609=IFCMATERIALPROFILESET($,$,(#3608),$);
#3610=IFCBEAMTYPE('3ZjK1HrHL1g9V5zzRMLP80',$,'130mm x 120mm  HS',$,$,$,$,$,$,.BEAM.);
#3611=IFCRELASSOCIATESMATERIAL('1yaP08U8TAZP7g2Sfjv6vP',$,$,$,(#3610),#3615);
#3612=IFCMATERIAL('Wall',$,$);
#3613=IFCRECTANGLEPROFILEDEF(.AREA.,'130 mm x 120mm',$,0.129999995231628,0.119999997317791);
#3614=IFCMATERIALPROFILE($,$,#3612,#3613,$,$);
#3615=IFCMATERIALPROFILESET('concrete',$,(#3614),$);
#3616=IFCMATERIALDEFINITIONREPRESENTATION($,$,(#3623),#3612);
#3622=IFCSTYLEDITEM($,(#1377),'BrickWall');
#3623=IFCSTYLEDREPRESENTATION(#14,$,$,(#3622));
#3624=IFCBEAMTYPE('0hMLHeV2D2Ow6Eq9BC2Eje',$,'230x350mm',$,$,$,$,$,$,.BEAM.);
#3625=IFCRELASSOCIATESMATERIAL('3zWJwbFBnFvfruxXQCQg3h',$,$,$,(#3624),#3628);
#3626=IFCRECTANGLEPROFILEDEF(.AREA.,'350x230',$,0.230000004172325,0.34999999403953602);
#3627=IFCMATERIALPROFILE($,$,#1365,#3626,$,$);
#3628=IFCMATERIALPROFILESET('stone',$,(#3627),$);
#3629=IFCBEAMTYPE('00TtxGeM95Hfk0V6j7QPQF',$,'250mm x 120mm   HS',$,$,$,$,$,$,.BEAM.);
#3630=IFCRELASSOCIATESMATERIAL('2$dEl7wx962921KTqtjFmA',$,$,$,(#3629),#3633);
#3631=IFCRECTANGLEPROFILEDEF(.AREA.,'250 mm x 120mm',$,0.25,0.119999997317791);
#3632=IFCMATERIALPROFILE($,$,#3612,#3631,$,$);
#3633=IFCMATERIALPROFILESET('concrete',$,(#3632),$);
#3634=IFCPROPERTYSINGLEVALUE('LayerSetDirection',$,IFCLABEL('AXIS2'),$);
#3635=IFCPROPERTYSET('31pg6V8zP5mPro88sKvhO3',$,'EPset_Parametric',$,(#3634));
#3636=IFCBEAMTYPE('2fMHD1exn2FxTuNrBny5lH',$,'450mm wide beam',$,$,(#3635),$,$,$,.BEAM.);
#3637=IFCRELASSOCIATESMATERIAL('3lHZUnpdf5MOwq9IpRfrAy',$,$,$,(#3636),#3643);
#3638=IFCMATERIAL('brick2',$,'Materials');
#3639=IFCMATERIALLAYER(#3638,0.0099999997764825804,$,$,$,$,$);
#3640=IFCMATERIAL('Stone',$,'Structure');
#3641=IFCMATERIALLAYER(#3640,0.43000000715255698,$,$,$,$,$);
#3642=IFCMATERIALLAYER(#3638,0.0099999997764825804,$,$,$,$,$);
#3643=IFCMATERIALLAYERSET((#3639,#3641,#3642),'concrete',$);
#3644=IFCMATERIALDEFINITIONREPRESENTATION($,$,(#3655),#3638);
#3651=IFCCOLOURRGB($,1.,1.,1.);
#3652=IFCSURFACESTYLESHADING(#3651,$);
#3653=IFCSURFACESTYLE('Wall',.BOTH.,(#3652));
#3654=IFCSTYLEDITEM($,(#3653),'Wall');
#3655=IFCSTYLEDREPRESENTATION(#15,'Body',$,(#3654));
#3656=IFCMATERIALDEFINITIONREPRESENTATION($,$,(#3661),#3640);
#3657=IFCCOLOURRGB($,0.044315338134765597,0.043249774724245099,0.040149137377739001);
#3658=IFCSURFACESTYLESHADING(#3657,$);
#3659=IFCSURFACESTYLE('Stone',.BOTH.,(#3658));
#3660=IFCSTYLEDITEM($,(#3659),'Stone');
#3661=IFCSTYLEDREPRESENTATION(#15,'Body',$,(#3660));
#3662=IFCBEAMTYPE('2BYwdmfqHF7hmGklCEQKOV',$,'Gutter',$,$,$,$,$,$,.BEAM.);
#3663=IFCRELASSOCIATESMATERIAL('1fuzG2bKXD6PEA_N6hGEf0',$,$,$,(#3662),#3668);
#3664=IFCCARTESIANPOINTLIST2D(((0.0547780841588974,0.17169550061225899),(0.00199998915195465,0.17169550061225899),(0.00199998915195465,0.12400247156620001),(0.0302818566560745,0.11710163950920099),(0.030672326683998101,0.043644279241561897),(0.099625721573829706,0.0025131851434707598),(0.234851494431496,0.0020074993371963501),(0.234703853726387,0.14937210083007799),(0.25673508644103998,0.149371698498726),(0.25673508644103998,0.14737169444560999),(0.23670585453510301,0.147372096776962),(0.23685352504253401,0.),(0.099071070551872295,0.00051525235176086404),(0.028678372502327,0.042504906654357903),(0.028290167450904801,0.11552894115447999),(0.,0.12243179976940199),(0.,0.17369550466537501),(0.056778088212013203,0.17369550466537501),(0.056778088212013203,0.14937210083007799),(0.054778113961219801,0.149371698498726),(0.0547780841588974,0.17169550061225899)),$);
#3665=IFCINDEXEDPOLYCURVE(#3664,$,$);
#3666=IFCARBITRARYCLOSEDPROFILEDEF(.AREA.,'Gutter',#3665);
#3667=IFCMATERIALPROFILE($,$,#3564,#3666,$,$);
#3668=IFCMATERIALPROFILESET($,$,(#3667),$);
#3669=IFCBEAMTYPE('2F7yUONzD1yxra7cY7pcR5',$,'SHS-100mm',$,$,$,$,$,$,.BEAM.);
#3670=IFCRELASSOCIATESMATERIAL('3eB4pnSrj3_BO9bFQwolHx',$,$,$,(#3669),#3672);
#3671=IFCMATERIALPROFILE($,$,#3564,#3593,$,$);
#3672=IFCMATERIALPROFILESET($,$,(#3671),$);
#3673=IFCBEAMTYPE('0Q4gyKM3rE0wd3ZqQXjFi3',$,'SHS_0.032x0.032x0',$,$,$,$,$,$,.BEAM.);
#3674=IFCRELASSOCIATESMATERIAL('1sx$Alu$b9xfMZ7jGobL9e',$,$,$,(#3673),#3677);
#3675=IFCRECTANGLEHOLLOWPROFILEDEF(.AREA.,'SHS_0.032x0.032x0.002',$,0.0320000015199184,0.0320000015199184,0.0020000000949949,0.0020000000949949,0.0040000001899898104);
#3676=IFCMATERIALPROFILE($,$,#3564,#3675,$,$);
#3677=IFCMATERIALPROFILESET($,$,(#3676),$);
#3678=IFCBEAMTYPE('3S6pTAYIbC9fE9jlROYyZ$',$,'SHS_0.05x0.15',$,$,$,$,$,$,.BEAM.);
#3679=IFCRELASSOCIATESMATERIAL('3ehBbk0iTDahI6wnK4Mc30',$,$,$,(#3678),#3682);
#3680=IFCRECTANGLEPROFILEDEF(.AREA.,'50 x 150mm',$,0.050000000745058101,0.15000000596046401);
#3681=IFCMATERIALPROFILE($,$,#3564,#3680,$,$);
#3682=IFCMATERIALPROFILESET($,$,(#3681),$);
#3683=IFCBEAMTYPE('1ggSckCSf4bw7Ct$Ze$3hg',$,'Steel 25x25mm',$,$,$,$,$,$,.BEAM.);
#3684=IFCRELASSOCIATESMATERIAL('3DkgqLB$DAe99ai6bRKy6d',$,$,$,(#3683),#3686);
#3685=IFCMATERIALPROFILE($,$,#3564,#3565,$,$);
#3686=IFCMATERIALPROFILESET($,$,(#3685),$);
#3687=IFCBEAMTYPE('0cxoIp26DC9gWAGCMr8969',$,'Steel 50x50mm','density is kg per meter',$,$,$,$,$,.BEAM.);
#3688=IFCRELASSOCIATESMATERIAL('0xDcHjxhPAr9CzSFSbOXPH',$,$,$,(#3687),#3690);
#3689=IFCMATERIALPROFILE($,$,#3564,#3582,$,$);
#3690=IFCMATERIALPROFILESET($,$,(#3689),$);
#3691=IFCBEAMTYPE('3TGy8lxtf0_gy_r0Uk_uk3',$,'Wood 50mmx50mm',$,$,$,$,$,$,.BEAM.);
#3692=IFCRELASSOCIATESMATERIAL('1JgFVG_Sz18BzIsxeK4b$0',$,$,$,(#3691),#3694);
#3693=IFCMATERIALPROFILE($,$,#3564,#3607,$,$);
#3694=IFCMATERIALPROFILESET($,$,(#3693),$);
#3695=IFCBEAMTYPE('1G_z0jzcP1aAxRY$zFf2xM',$,'Wood_0.05x0',$,$,$,$,$,$,.BEAM.);
#3696=IFCBEAMTYPE('33EzmsZnbDqfuxpAjz1gWL',$,'Wood_100mm square',$,$,$,$,$,$,.BEAM.);
#3806=IFCPROPERTYSINGLEVALUE('LayerSetDirection',$,IFCLABEL('AXIS3'),$);
#3807=IFCPROPERTYSET('2aorwmh_vCMg_DOiPQeEXF',$,'EPset_Parametric',$,(#3806));
#3808=IFCSLABTYPE('3O57Tcldj2wwI0P24qMhCH',$,'Glass 4mm',$,$,(#3807),$,$,$,.FLOOR.);
#3809=IFCRELASSOCIATESMATERIAL('0ljC4fChn149oGgwYoSnPA',$,$,$,(#3808),#3811);
#3810=IFCMATERIALLAYER(#3547,0.0099999997764825821,$,$,$,$,$);
#3811=IFCMATERIALLAYERSET((#3810),$,$);
#3813=IFCRELDEFINESBYTYPE('2WK6DOIjnFCfcnMKM9WyIO',$,$,$,(#13838,#13786,#13813,#13960,#11982),#3808);
#3843=IFCMATERIAL('Roof',$,'Superstructure');
#3844=IFCMATERIALDEFINITIONREPRESENTATION($,$,(#3854),#3843);
#3850=IFCCOLOURRGB($,0.135271996259689,0.025156807154417,0.00597928185015917);
#3851=IFCSURFACESTYLESHADING(#3850,$);
#3852=IFCSURFACESTYLE('Roof',.BOTH.,(#3851));
#3853=IFCSTYLEDITEM($,(#3852),'Roof');
#3854=IFCSTYLEDREPRESENTATION(#14,$,$,(#3853));
#3855=IFCRELASSOCIATESMATERIAL('37FtOGlfX7_ObW2g4AAnNN',$,$,$,(#12704,#12728,#12690),#3592);
#3922=IFCSLAB('3p9ucUG4L4mx1BDCY4mxYu',$,'Slab',$,$,#4004,#3933,$,$);
#3928=IFCRELASSOCIATESMATERIAL('2u3lc0$zbBBBpuP$FBbGbQ',$,$,$,(#3922),#3929);
#3929=IFCMATERIALLAYERSETUSAGE(#1783,.AXIS3.,.POSITIVE.,-0.15000000596046401,$);
#3930=IFCRELDEFINESBYPROPERTIES('3d8e7jBw10gvNsmDb75PlM',$,$,$,(#3922),#3931);
#3931=IFCPROPERTYSET('07vWVsVT5D4OhIslgvWeoF',$,'EPset_Parametric',$,(#3932));
#3932=IFCPROPERTYSINGLEVALUE('Engine',$,IFCLABEL('Bonsai.DumbLayer3'),$);
#3933=IFCPRODUCTDEFINITIONSHAPE($,$,(#3934));
#3934=IFCSHAPEREPRESENTATION(#15,'Body','SweptSolid',(#3935));
#3935=IFCEXTRUDEDAREASOLID(#3936,#3941,#3945,0.15000000596046401);
#3936=IFCARBITRARYPROFILEDEFWITHVOIDS(.AREA.,$,#3937,(#3939));
#3937=IFCINDEXEDPOLYCURVE(#3938,$,$);
#3938=IFCCARTESIANPOINTLIST2D(((-1.2155376672744751,0.81698989868164062),(-1.2155367136001587,5.91546630859375),(-6.6689004898071289,5.91546630859375),(-6.6689014434814453,0.81696337461471558),(-1.2155376672744751,0.81698989868164062)),$);
#3939=IFCINDEXEDPOLYCURVE(#3940,$,$);
#3940=IFCCARTESIANPOINTLIST2D(((-2.3211665153503418,1.8654651641845703),(-2.3211662769317627,4.4654645919799805),(-5.3211660385131836,4.4654645919799805),(-5.3211660385131836,1.865450382232666),(-2.3211665153503418,1.8654651641845703)),$);
#3941=IFCAXIS2PLACEMENT3D(#3942,#3943,#3944);
#3942=IFCCARTESIANPOINT((-0.,-0.,-0.15000000596046401));
#3943=IFCDIRECTION((0.,0.,1.));
#3944=IFCDIRECTION((1.,0.,0.));
#3945=IFCDIRECTION((0.,0.,1.));
#3946=IFCWALL('3KCMvS12z2ewTABhQKFQNU',$,'Wall',$,$,#3975,#3957,$,$);
#3952=IFCRELASSOCIATESMATERIAL('3JrHRQII5FsOt4ajQi1OHW',$,$,$,(#3946),#3953);
#3953=IFCMATERIALLAYERSETUSAGE(#158,.AXIS2.,.POSITIVE.,0.,$);
#3954=IFCRELDEFINESBYPROPERTIES('1LQciGhRrEOQruGk8qGItm',$,$,$,(#3946),#3955);
#3955=IFCPROPERTYSET('3T3m0GVyH5697NBKSAmylx',$,'EPset_Parametric',$,(#3956));
#3956=IFCPROPERTYSINGLEVALUE('Engine',$,IFCLABEL('Bonsai.DumbLayer2'),$);
#3957=IFCPRODUCTDEFINITIONSHAPE($,$,(#3958,#3961));
#3958=IFCSHAPEREPRESENTATION(#27,'Axis','Curve2D',(#3959));
#3959=IFCINDEXEDPOLYCURVE(#3960,$,$);
#3960=IFCCARTESIANPOINTLIST2D(((0.,0.),(7.6700017104949998,0.)),$);
#3961=IFCSHAPEREPRESENTATION(#15,'Body','SweptSolid',(#3962));
#3962=IFCEXTRUDEDAREASOLID(#3963,#3966,#3970,0.79999947547912598);
#3963=IFCARBITRARYCLOSEDPROFILEDEF(.AREA.,$,#3964);
#3964=IFCINDEXEDPOLYCURVE(#3965,(IFCLINEINDEX((1,2,3,4,1))),$);
#3965=IFCCARTESIANPOINTLIST2D(((0.,0.),(-0.229999986807808,0.230000004172325),(7.9000017667608802,0.230000004172325),(7.6700017104949998,0.)),$);
#3966=IFCAXIS2PLACEMENT3D(#3967,#3968,#3969);
#3967=IFCCARTESIANPOINT((0.,0.,0.));
#3968=IFCDIRECTION((0.,0.,1.));
#3969=IFCDIRECTION((1.,0.,0.));
#3970=IFCDIRECTION((0.,0.,1.));
#3971=IFCCARTESIANPOINT((12.537610054016113,8.5440711975097656,3.0000000596046448));
#3972=IFCDIRECTION((0.,0.,1.));
#3973=IFCDIRECTION((1.9470718370939721E-07,-1.,0.));
#3974=IFCAXIS2PLACEMENT3D(#3971,#3972,#3973);
#3975=IFCLOCALPLACEMENT(#171,#3974);
#3976=IFCRELCONNECTSELEMENTS('3S4gGbMFn99fZOapM_Jj8B',$,$,'TOP',$,#3922,#3946);
#3995=IFCCARTESIANPOINT((0.099385261535644531,0.088508009910583496,0.45677495002746582));
#3996=IFCDIRECTION((0.,0.,1.));
#3997=IFCDIRECTION((1.9470718370939721E-07,-1.,0.));
#3998=IFCAXIS2PLACEMENT3D(#3995,#3996,#3997);
#3999=IFCLOCALPLACEMENT(#1777,#3998);
#4000=IFCCARTESIANPOINT((19.250883102416992,0.057106494903564453,1.3999996185302734));
#4001=IFCDIRECTION((0.,0.,1.));
#4002=IFCDIRECTION((1.,0.,0.));
#4003=IFCAXIS2PLACEMENT3D(#4000,#4001,#4002);
#4004=IFCLOCALPLACEMENT(#1777,#4003);
#4006=IFCRELDEFINESBYTYPE('1KKGlPSYr5ve8McJjOd4os',$,$,$,(#12484,#12164,#12230,#12457),#3580);
#4114=IFCCARTESIANPOINT((0.,0.,0.));
#4115=IFCDIRECTION((0.,0.,1.));
#4116=IFCDIRECTION((1.,0.,0.));
#4117=IFCAXIS2PLACEMENT3D(#4114,#4115,#4116);
#4123=IFCCARTESIANPOINTLIST2D(((0.016383912414312401,0.020519752055406602),(-0.030096659436821899,0.174190208315849),(-0.032714724540710401,0.15632523596286799),(-0.058010280132293701,0.14446794986724901),(-0.079353399574756595,0.157906204462051),(-0.067205213010311099,0.0311438739299774),(0.,0.)),$);
#4124=IFCINDEXEDPOLYCURVE(#4123,(IFCLINEINDEX((1,2,3,4,5,6,7,1))),$);
#4125=IFCCARTESIANPOINTLIST2D(((-0.22227430343627899,0.58096212148666404),(-0.21832188963890101,0.55296576023101796),(-0.212393254041672,0.45942488312721302),(-0.18604370951652499,0.44229769706726102),(-0.175116047263145,0.50103396177291903),(-0.122629351913929,0.53080266714096103),(-0.130709677934647,0.55955314636230502),(-0.155741721391678,0.65572893619537398),(-0.17089271545410201,0.68932455778121904),(-0.21305197477340701,0.68932455778121904),(-0.228861689567566,0.67285609245300304),(-0.248623833060265,0.64123666286468495),(-0.25652867555618297,0.60039490461349498),(-0.276290863752365,0.56416434049606301),(-0.29473552107811002,0.53122740983963002),(-0.30659279227256803,0.485115736722946),(-0.298687934875488,0.46930602192878701),(-0.27892577648162797,0.47259968519210799),(-0.23479031026363401,0.54769581556320202),(-0.23874273896217299,0.57075166702270497),(-0.22227430343627899,0.58096212148666404),(-0.228202953934669,0.607640981674194),(-0.228861689567566,0.67285609245300304)),$);
#4126=IFCINDEXEDPOLYCURVE(#4125,$,$);
#4127=IFCCARTESIANPOINTLIST2D(((-0.0398038327693939,0.46917420625686601),(-0.0105558577924967,0.51344144344329801),(0.028177946805954,0.51660341024398804),(0.067702241241931901,0.49446976184844998),(0.088254876434802995,0.44466915726661699),(0.086673907935619396,0.39644950628280601),(0.068492732942104298,0.35534423589706399),(0.033711351454258,0.33716303110122697),(-0.0168797448277473,0.345067888498306),(-0.049289666116237599,0.390125602483749),(-0.050080150365829502,0.42016407847404502)),$);
#4128=IFCINDEXEDPOLYCURVE(#4127,(IFCLINEINDEX((1,2,3,4,5,6,7,8,9,10,11,1))),$);
#4129=IFCCARTESIANPOINTLIST2D(((-0.18604370951652499,0.44229769706726102),(-0.12047766894102099,0.38492739200592002),(-0.10135421901941299,0.35077843070030201),(-0.035788156092166901,0.29750600457191501),(0.109003536403179,0.31389752030372597),(0.193693026900291,0.38219550251960799),(0.21418242156505601,0.41088065505027799),(0.27972951531410201,0.42212450504303001),(0.27018675208091703,0.50649785995483398),(0.23057392239570601,0.54064679145812999),(0.203365594148636,0.54809552431106601),(0.13495676219463301,0.54611063003539995),(0.091929033398628193,0.56181919574737504),(0.048901315778493902,0.57752770185470603),(0.027045963332056999,0.56933194398880005),(-0.0166647415608168,0.57069790363311801),(-0.122629351913929,0.53080266714096103)),$);
#4130=IFCINDEXEDPOLYCURVE(#4129,$,$);
#4131=IFCCARTESIANPOINTLIST2D(((0.091929033398628193,0.56181919574737504),(0.10729959607124299,0.60299032926559404),(0.109495386481285,0.64416146278381303),(0.097967468202114105,0.71936738491058305),(0.107848539948463,0.75450015068054199),(0.12596383690834001,0.76163649559020996),(0.15011757612228399,0.758891701698303),(0.162743404507637,0.71772056818008401),(0.157802864909172,0.66447257995605502),(0.201169788837433,0.58432614803314198),(0.203365594148636,0.54809552431106601)),$);
#4132=IFCINDEXEDPOLYCURVE(#4131,$,$);
#4133=IFCCARTESIANPOINTLIST2D(((0.193693026900291,0.38219550251960799),(0.23163634538650499,0.33792826533317599),(0.22373150289058699,0.30472785234451299),(0.26088434457778897,0.21461246907711001),(0.29645621776580799,0.15295456349849701),(0.28143697977066001,0.075486943125724806),(0.29487523436546298,0.016200503334403),(0.308313488960266,0.028057791292667399),(0.34467583894729598,0.13714484870433799),(0.30357056856155401,0.35057604312896701),(0.29329425096511802,0.366385728120804),(0.27972951531410201,0.42212450504303001)),$);
#4134=IFCINDEXEDPOLYCURVE(#4133,$,$);
#4135=IFCCARTESIANPOINTLIST2D(((-0.035788156092166901,0.29750600457191501),(-0.030096659436821899,0.174190208315849)),$);
#4136=IFCINDEXEDPOLYCURVE(#4135,$,$);
#4137=IFCCARTESIANPOINTLIST2D(((-0.079353399574756595,0.157906204462051),(-0.083596728742122706,0.18822924792766599),(-0.12594148516654999,0.28794428706169101),(-0.10135421901941299,0.35077843070030201)),$);
#4138=IFCINDEXEDPOLYCURVE(#4137,$,$);
#4139=IFCGEOMETRICCURVESET((#4124,#4126,#4128,#4130,#4132,#4134,#4136,#4138));
#4140=IFCSHAPEREPRESENTATION(#28,'Body','Annotation2D',(#4139));
#4141=IFCREPRESENTATIONMAP(#4117,#4140);
#4142=IFCCARTESIANPOINT((0.,0.,0.));
#4143=IFCDIRECTION((0.,0.,1.));
#4144=IFCDIRECTION((1.,0.,0.));
#4145=IFCAXIS2PLACEMENT3D(#4142,#4143,#4144);
#4152=IFCCARTESIANPOINT((-0.31315833330154402,-0.00081859796773642302,-0.047803197056055097));
#4153=IFCBOUNDINGBOX(#4152,0.66584694385528598,0.76948809623718295,1.75069308280945);
#4154=IFCSHAPEREPRESENTATION(#17,'Box','BoundingBox',(#4153));
#4155=IFCREPRESENTATIONMAP(#4145,#4154);
#4156=IFCCARTESIANPOINT((0.,0.,0.));
#4157=IFCDIRECTION((0.,0.,1.));
#4158=IFCDIRECTION((1.,0.,0.));
#4159=IFCAXIS2PLACEMENT3D(#4156,#4157,#4158);
#4161=IFCCARTESIANPOINTLIST3D(((0.105107851326466,0.56162905693054199,1.39347171783447),(0.11204569041729,0.57210046052932695,1.35437095165253),(0.047965265810489703,0.57913702726364102,1.3539189100265501),(0.16728682816028601,0.53854727745056197,1.3335047960281401),(0.20617650449276001,0.45602166652679399,1.4082223176956199),(0.22239926457405099,0.48949348926544201,1.4084700345993),(0.15680430829524999,0.473677277565002,1.44172298908234),(0.215811938047409,0.51375544071197499,1.4010866880416899),(0.144086062908173,0.510259330272675,1.43868660926819),(0.114632725715637,0.34356704354286199,1.3273611068725599),(0.16664499044418299,0.38990601897239702,1.3539409637451201),(0.15530452132225001,0.407764673233032,1.3932520151138299),(0.0183805469423532,0.36833304166793801,1.39354419708252),(0.0175575744360685,0.33052173256874101,1.33425056934357),(0.060321066528558703,0.334829211235046,1.32643258571625),(0.0191033706068993,0.317506343126297,1.03193914890289),(0.019124533981084799,0.32684165239334101,0.94804334640502896),(0.062689840793609605,0.33181989192962602,0.94787985086440996),(0.017624372616410301,0.307689338922501,1.1738187074661299),(0.018611852079629902,0.312594413757324,1.09726905822754),(0.052291192114353201,0.31950300931930498,1.0982038974762001),(0.017174849286675498,0.31100797653198198,1.2613316774368299),(0.065095387399196597,0.31293791532516502,1.227299451828),(0.065748922526836395,0.30744293332099898,1.2400605678558301),(0.017126090824604,0.30758416652679399,1.27635109424591),(0.084522910416126307,0.33055582642555198,1.03567743301392),(0.095568627119064303,0.337720066308975,0.95896679162979104),(0.136912330985069,0.36999538540840099,0.975552618503571),(0.095779620110988603,0.32178810238838201,1.1738349199295),(0.085880681872367901,0.32639184594154402,1.0991401672363299),(0.13523226976394701,0.36478149890899703,1.1042739152908301),(0.12863537669181799,0.32626390457153298,1.2272982597351101),(0.17567068338394201,0.38851863145828203,1.24327373504639),(0.18392051756382,0.39512845873832703,1.28914546966553),(0.13316813111305201,0.32165402173995999,1.2400591373443599),(0.13083688914775801,0.366602092981339,1.0459356307983401),(0.15415833890438099,0.41408273577690102,0.98970764875411998),(0.14837563037872301,0.36228874325752303,1.17382788658142),(0.153702452778816,0.41788187623023998,1.1112926006317101),(0.17602492868900299,0.43269547820091198,1.21514296531677),(0.25616440176963801,0.44506725668907199,1.37423348426819),(0.18482810258865401,0.42402833700180098,1.3932791948318499),(0.147964552044868,0.41599670052528398,1.0599547624587999),(0.13456402719020799,0.45813605189323398,1.0020781755447401),(0.16622604429721799,0.41887843608856201,1.17536401748657),(0.13632787764072399,0.47140559554099998,1.1183122396469101),(0.18272289633750899,0.44509118795394897,1.2461459636688199),(0.16600713133812001,0.50738269090652499,1.2421947717666599),(0.25162386894226102,0.43834966421127303,1.1884959936142001),(0.21548850834369701,0.43284147977829002,1.1917811632156401),(0.180474773049355,0.52442461252212502,1.27238273620605),(0.13134242594242099,0.46556070446968101,1.07398080825806),(0.091734275221824604,0.50347644090652499,1.00586450099945),(0.150488346815109,0.47681537270545998,1.1738297939300499),(0.090361431241035503,0.51103574037551902,1.12344658374786),(0.116834759712219,0.54584193229675304,1.2271536588668801),(0.120331265032291,0.55662351846694902,1.26091969013214),(0.090738669037818895,0.50206214189529397,1.08426129817963),(0.0382546111941338,0.50915783643722501,1.0004587173461901),(0.046592727303504902,0.51623845100402799,1.12417805194855),(0.051162071526050602,0.538954257965088,1.17382740974426),(0.0542267970740795,0.55587315559387196,1.22640669345856),(0.054236106574535398,0.56660979986190796,1.2601454257965099),(0.053034640848636599,0.403986185789108,1.45634257793427),(0.033871654421091101,0.39165127277374301,1.45535039901733),(0.054936278611421599,0.40454974770545998,1.4324723482132),(0.090497694909572601,0.40886554121971103,1.4345451593398999),(0.13764698803424799,0.43433925509452798,1.4382363557815601),(0.084253795444965404,0.42723459005355802,1.4635210037231401),(0.030153866857290299,0.51724690198898304,1.4847275018692001),(0.0418741330504417,0.54316872358322099,1.4369248151779199),(0.0209102369844913,0.53858077526092496,1.4369263648986801),(0.097028784453868894,0.45836120843887301,1.4698349237442001),(0.084927037358283997,0.4898501932621,1.47832190990448),(0.095709279179573101,0.54010778665542603,1.43759369850159),(0.070075526833534199,0.41072139143943798,1.4886835813522299),(0.049555864185094799,0.39044442772865301,1.4816602468490601),(0.070421174168586703,0.473810434341431,1.51155126094818),(0.054064966738224002,0.50873172283172596,1.48373687267303),(0.035606916993856402,0.38631632924079901,1.48011410236359),(0.077738329768180806,0.44222107529640198,1.5001348257064799),(0.0361660607159138,0.501867115497589,1.52111327648163),(0.020521273836493499,0.51659154891967796,1.4857189655303999),(0.27791786193847701,0.470762848854065,1.3595005273819001),(0.27332296967506398,0.49835529923438998,1.35260450839996),(0.26026198267936701,0.40238156914710999,1.3064382076263401),(0.28629413247108498,0.42843803763389599,1.28703045845032),(0.28442284464836098,0.46133866906166099,1.27762198448181),(0.19419832527637501,0.54051530361175504,1.37939524650574),(0.22992061078548401,0.534601390361786,1.3446403741836499),(0.20603837072849299,0.39206185936927801,1.3067712783813501),(0.203056916594505,0.416072487831116,1.3630627393722501),(0.22509172558784499,0.35062986612319902,1.2378004789352399),(0.26888284087181102,0.35684847831726102,1.2356270551681501),(0.241805344820023,0.50129711627960205,1.2667222023010301),(0.097212344408035306,0.38002258539199801,1.39337074756622),(0.0578222833573818,0.37419462203979498,1.3934568166732799),(0.046286761760711698,0.565587818622589,1.39299476146698),(0.16015288233757,0.53916728496551503,1.39287221431732),(0.23017907142639199,0.34181416034698497,1.12142205238342),(0.196579590439796,0.40310412645339999,1.20965647697449),(0.28312912583351102,0.319528728723526,1.15620601177216),(0.298983573913574,0.33963119983673101,1.1420544385910001),(0.29033854603767401,0.386406749486923,1.2196338176727299),(0.28782138228416398,0.41758769750595098,1.2002192735671999),(0.1982601583004,0.36532431840896601,1.2232762575149501),(0.33248680830001798,0.166745349764824,0.99747294187545799),(0.31800273060798601,0.21052843332290599,1.0192235708236701),(0.33492529392242398,0.203455850481987,1.0330398082733201),(0.31609952449798601,0.164271906018257,0.994878709316254),(0.294333696365356,0.20567543804645499,1.0180459022521999),(0.232802540063858,0.3187615275383,1.13763403892517),(0.29476135969161998,0.360861957073212,1.12357401847839),(0.25516086816787698,0.31035500764846802,1.1542282104492201),(0.272832661867142,0.370232284069061,1.10968589782715),(0.24594701826572399,0.362161844968796,1.10847568511963),(0.33953601121902499,0.14512898027896901,1.0176520347595199),(0.33583009243011502,0.189712509512901,1.0508189201355),(0.318407833576202,0.17202311754226701,1.0662984848022501),(0.30360427498817399,0.155738189816475,1.0009359121322601),(0.27875807881355302,0.19355610013008101,1.02918589115143),(0.296733468770981,0.13838440179824801,1.0199714899063099),(0.27797946333885198,0.17517751455307001,1.0512456893920901),(0.30551579594612099,0.127735480666161,1.0284960269928001),(0.321841061115265,0.12808743119239799,1.02847111225128),(0.34127485752105702,0.15690428018569899,1.00696468353271),(0.29481300711631803,0.16703331470489499,1.0657541751861599),(0.229909613728523,0.28766450285911599,1.13015925884247),(0.257711261510849,0.27796271443366999,1.1507806777954099),(0.241916954517365,0.24259693920612299,1.10072541236877),(0.27040353417396501,0.23351049423217801,1.1202419996261599),(0.25475031137466397,0.208176925778389,1.0786213874816899),(0.280782580375671,0.20023159682750699,1.09569120407104),(0.30670008063316301,0.34036737680435197,1.1096158027648899),(0.31815853714942899,0.29675266146659901,1.0784944295883201),(0.31193280220031699,0.31519281864166299,1.13521540164948),(0.322511255741119,0.25735694169998202,1.05705010890961),(0.32407149672508201,0.27182596921920799,1.10437560081482),(0.29188671708107,0.28965583443641701,1.15323674678802),(0.30439719557762102,0.245659679174423,1.12167513370514),(0.31130868196487399,0.211387604475021,1.0963329076767001),(0.225027695298195,0.313420981168747,1.1040112972259499),(0.23582987487316101,0.26770177483558699,1.0745003223419201),(0.24864000082016,0.23064045608043701,1.0551015138626101),(0.255837082862854,0.29401811957359297,1.0571383237838701),(0.26607361435890198,0.25436544418335,1.0390739440918),(0.32851588726043701,0.23501552641391801,1.0803412199020399),(0.24553999304771401,0.33958959579467801,1.0879710912704501),(0.279303878545761,0.35057264566421498,1.09032142162323),(0.29000321030616799,0.30600821971893299,1.05888652801514),(0.29667717218398998,0.26540517807006803,1.03992259502411),(0.019326733425259601,0.40014216303825401,1.4311152696609499),(0.019489789381623299,0.38219889998436002,1.4785637855529801),(0.019288914278149601,0.38760891556739802,1.4543559551239),(0.060149475932121298,0.31470239162445102,1.17382884025574),(0.052844449877739001,0.49509760737419101,1.5188304185867301),(0.0216527190059423,0.55071878433227495,1.2601515054702801),(0.021400988101959201,0.56234055757522605,1.3539391756057699),(0.021615281701088,0.53975516557693504,1.22640597820282),(0.0202723536640406,0.49792852997779802,1.1241301298141499),(0.021034823730588001,0.52077913284301802,1.1738194227218599),(0.019599469378590601,0.50383001565933205,0.99513453245162997),(0.019866645336151099,0.48562982678413402,1.0856617689132699),(0.021110694855451601,0.553760766983032,1.3931523561477701),(0.030126869678497301,0.54451429843902599,0.91649734973907504),(0.033897418528795201,0.52749305963516202,0.83187860250473),(0.019562670961022401,0.51468980312347401,0.84627306461334195),(0.021718248724937401,0.32441771030425998,0.83107358217239402),(0.035924695432186099,0.33567833900451699,0.81693691015243497),(0.0518000982701778,0.33340343832969699,0.84943592548370395),(0.032596353441476801,0.419561088085175,0.79569017887115501),(0.0222188681364059,0.41913849115371699,0.80656486749649003),(0.051448039710521698,0.361855208873749,0.68956595659256004),(0.0830114111304283,0.33012139797210699,0.70200991630554199),(0.079696789383888203,0.32297503948211698,0.78537631034851096),(0.042961064726114301,0.42250719666481001,0.68451279401779197),(0.045104995369911201,0.35640200972557101,0.751367688179016),(0.132392778992653,0.33690753579139698,0.72140425443649303),(0.123667895793915,0.33064007759094199,0.80679023265838601),(0.055105086416006102,0.49515980482101402,0.68891900777816795),(0.047098323702812202,0.50209927558898904,0.769192755222321),(0.075560577213764205,0.542458295822144,0.81838744878768899),(0.037202119827270501,0.42210686206817599,0.74175554513931297),(0.179896220564842,0.37334498763084401,0.73959195613861095),(0.16635185480117801,0.37033087015152,0.829437255859375),(0.20524388551712,0.42300185561180098,0.74882465600967396),(0.18913167715072601,0.42438355088233898,0.84112781286239602),(0.075533330440521199,0.51515769958496105,0.69617837667465199),(0.12063304334878901,0.53596097230911299,0.83462762832641602),(0.171666145324707,0.47246670722961398,0.73479068279266402),(0.15879574418067899,0.482288837432861,0.83816289901733398),(0.123929396271706,0.50865542888641402,0.71537393331527699),(0.107170730829239,0.54640913009643599,0.88335478305816695),(0.15404744446277599,0.48336201906204201,0.88908183574676503),(0.17889443039894101,0.42382931709289601,0.88607448339462302),(0.047430492937564801,0.55302888154983498,0.85622406005859397),(0.15776720643043499,0.37272760272026101,0.87313723564147905),(0.118156507611275,0.335164755582809,0.84854066371917702),(0.035168439149856602,0.420766770839691,0.77046883106231701),(0.043031573295593303,0.50473040342330899,0.81153476238250699),(0.069967716932296795,0.32819756865501398,0.82518571615219105),(0.0426611192524433,0.359372317790985,0.78237771987914995),(0.11286011338233901,0.33966854214668302,0.89004850387573198),(0.14950466156005901,0.37486609816551197,0.91668766736984297),(0.168977946043015,0.42286098003387501,0.93102031946182295),(0.14642281830310799,0.47083932161331199,0.94060957431793202),(0.097337029874324799,0.54003232717514005,0.93378990888595603),(0.029281169176101698,0.53252530097961404,0.95360469818115201),(0.019222915172576901,0.52008569240570102,0.89933890104293801),(0.10146909207105601,0.33979481458663902,0.92125207185745195),(0.093002341687679305,0.52686226367950395,0.96639627218246504),(0.13756462931633001,0.46676692366599998,0.96912413835525502),(0.16011771559715299,0.42029839754104598,0.95840668678283703),(0.14106021821498901,0.37379261851310702,0.94409114122390703),(0.0203286949545145,0.32061120867729198,0.85780656337738004),(0.064345739781856495,0.33424961566924999,0.90268856287002597),(0.019511772319674499,0.51340794563293501,0.94118446111679099),(0.019251139834523201,0.32863524556160001,0.90376836061477706),(0.050156261771917302,0.424946248531342,0.64220726490020796),(0.059235349297523499,0.36744287610053999,0.64320331811904896),(0.089438743889331804,0.33806833624839799,0.64412200450897195),(0.13716565072536499,0.34420719742775002,0.64479666948318504),(0.17518298327922799,0.47122526168823198,0.64352953433990501),(0.062791064381599399,0.49252125620842002,0.64140999317169201),(0.18309172987937899,0.378166884183884,0.64503198862075795),(0.20761887729167899,0.42463573813438399,0.644739389419556),(0.082308679819107097,0.51169192790985096,0.64143949747085605),(0.12909996509551999,0.50537204742431596,0.642284095287323),(0.098430052399635301,0.49746525287628202,0.57010489702224698),(0.084015384316444397,0.48125165700912498,0.56972199678420998),(0.18042434751987499,0.38831996917724598,0.57005596160888705),(0.20056611299514801,0.42729657888412498,0.56980735063552901),(0.080863639712333693,0.37784603238105802,0.56839960813522294),(0.103934481739998,0.353849917650223,0.56877696514129605),(0.14273518323898299,0.359846740961075,0.56986838579177901),(0.13676483929157299,0.492485672235489,0.57020395994186401),(0.071985557675361606,0.42553862929344199,0.56865751743316695),(0.174308061599731,0.46515005826950101,0.56954598426818803),(0.20065972208976701,0.42769235372543302,0.52087152004241899),(0.11416845023632,0.484033763408661,0.52811706066131603),(0.10159157961607,0.38666433095932001,0.51960384845733598),(0.119065776467323,0.3674136698246,0.51886457204818703),(0.18346725404262501,0.39621320366859403,0.52056676149368297),(0.146488443017006,0.48055103421211198,0.52673393487930298),(0.092028096318244906,0.42563122510910001,0.52234888076782204),(0.151971906423569,0.37207379937171903,0.51936316490173295),(0.17830757796764399,0.458683460950851,0.52305930852890004),(0.104033395648003,0.47071906924247697,0.52665585279464699),(0.116200983524323,0.42468628287315402,0.46997922658920299),(0.131546065211296,0.407262623310089,0.46099540591239901),(0.15956079959869399,0.414356619119644,0.45982843637466397),(0.20115780830383301,0.46831291913986201,0.47703617811202997),(0.18178604543209101,0.49654805660247803,0.490256607532501),(0.10765755921602201,0.46145468950271601,0.48466527462005599),(0.117716811597347,0.50568807125091597,0.49996355175972002),(0.186486721038818,0.4384765625,0.46656203269958502),(0.126297637820244,0.51912170648574796,0.50476813316345204),(0.15421617031097401,0.51677620410919201,0.50093108415603604),(0.166847109794617,0.48300966620445301,0.39101839065551802),(0.20264618098735801,0.53825497627258301,0.41121900081634499),(0.18604871630668601,0.56779956817626998,0.42776781320571899),(0.12219881266355501,0.53319573402404796,0.42177221179008501),(0.13166755437850999,0.57674860954284701,0.43930074572563199),(0.190198108553886,0.50689792633056596,0.39849337935447698),(0.13861645758152,0.59136766195297197,0.446484684944153),(0.14249023795127899,0.47733026742935197,0.392250806093216),(0.162517786026001,0.58874100446701005,0.44139903783798201),(0.129411280155182,0.495433419942856,0.40285673737525901),(0.158266887068748,0.68349516391754195,0.14158926904201499),(0.15058881044387801,0.69829165935516402,0.15250699222087899),(0.14901149272918701,0.68277794122695901,0.16743643581867201),(0.103795453906059,0.70294612646102905,0.156289532780647),(0.098078534007072393,0.68374091386795,0.141358733177185),(0.10229025036096601,0.668296098709106,0.159579902887344),(0.108371280133724,0.69004321098327603,0.174718037247658),(0.119935803115368,0.69903588294982899,0.179403096437454),(0.15654429793357799,0.66822874546051003,0.15887139737605999),(0.147865206003189,0.65142625570297197,0.14614626765251201),(0.137930348515511,0.71221905946731601,0.16276876628398901),(0.12349852919578599,0.71419817209243797,0.163990303874016),(0.115181736648083,0.65151357650756803,0.11530599743127801),(0.116108573973179,0.63673764467239402,0.135102108120918),(0.106844440102577,0.64897513389587402,0.14460286498069799),(0.13385720551013899,0.64754593372345004,0.117708742618561),(0.151347771286964,0.66155529022216797,0.12926375865936299),(0.135271966457367,0.69654762744903598,0.17694206535816201),(0.10126668214798,0.670787334442139,0.130992442369461),(0.13301968574523901,0.63908690214157104,0.136695861816406),(0.12596152722835499,0.52268052101135298,0.32790270447731001),(0.15748439729213701,0.528387010097504,0.32547193765640298),(0.12646540999412501,0.570748150348663,0.25929382443428001),(0.14969305694103199,0.57490897178649902,0.25744041800499001),(0.13889977335929901,0.61456787586212203,0.187733694911003),(0.10923229157924701,0.53959679603576705,0.33857157826423601),(0.114262379705906,0.583740234375,0.26741087436675998),(0.10018205642700199,0.57516187429428101,0.35676902532577498),(0.10793355107307399,0.64392060041427601,0.20667764544487),(0.11260075122118,0.62197816371917702,0.19538614153862),(0.18287916481494901,0.60880130529403698,0.35914832353591902),(0.15256595611572299,0.62823927402496305,0.37321996688842801),(0.14668567478656799,0.65104168653488204,0.29375779628753701),(0.13695290684700001,0.67587345838546797,0.21766209602355999),(0.16886712610721599,0.63604938983917203,0.283054709434509),(0.187864109873772,0.55129814147949197,0.33130937814712502),(0.17218482494354201,0.59219205379486095,0.261878341436386),(0.15575221180915799,0.62843364477157604,0.191705152392387),(0.121559947729111,0.61135363578796398,0.18879759311676),(0.121689431369305,0.63036322593688998,0.37924143671989402),(0.123966261744499,0.65283632278442405,0.29833784699440002),(0.12281262129545201,0.67716735601425204,0.220595717430115),(0.20416280627250699,0.58112144470214799,0.34267747402191201),(0.184357315301895,0.61482834815979004,0.27052563428878801),(0.16479507088661199,0.64646166563034102,0.198904559016228),(0.111902989447117,0.61752802133560203,0.37479397654533397),(0.116705812513828,0.643116235733032,0.29495826363563499),(0.11464188992977099,0.66973000764846802,0.218173652887344),(0.107822746038437,0.61089754104614302,0.28125104308128401),(0.15340931713581099,0.663721263408661,0.209077224135399),(0.0443600825965405,0.50399976968765303,1.08574330806732),(0.052932843565940899,0.32402986288070701,1.03380727767944),(0.34545224905013999,0.096802599728107494,0.91027671098709095),(0.33605027198791498,0.10185152292251599,0.90686428546905495),(0.34161239862442,0.120581962168217,0.92251127958297696),(0.2974494099617,0.107506528496742,1.0256389379501301),(0.31275904178619401,0.105477169156075,1.0264481306076001),(0.28593632578849798,0.073716029524803203,0.96558511257171598),(0.29240325093269298,0.083468630909919697,0.96005243062973),(0.29640975594520602,0.069689489901065799,0.93653804063796997),(0.32391020655632002,0.110725156962872,1.0120187997818),(0.34366026520729098,0.13328371942043299,0.99260342121124301),(0.34904071688652,0.144955113530159,0.98227137327194203),(0.33687031269073497,0.12371877580881099,1.0010242462158201),(0.31739157438278198,0.094054922461509705,0.91477906703948997),(0.31825572252273598,0.10259060561657,0.93920487165451005),(0.32789990305900601,0.122446827590466,0.92206722497940097),(0.30690068006515497,0.081872217357158703,0.92565858364105202),(0.297728091478348,0.090267367660999298,0.95402318239212003),(0.30588153004646301,0.13974925875663799,0.98924607038497903),(0.29416841268539401,0.126500993967056,1.0013414621353101),(0.30124664306640597,0.119639664888382,0.97696411609649703),(0.319847822189331,0.123405829071999,0.97035813331604004),(0.31382140517234802,0.14853340387344399,0.98107296228408802),(0.33011454343795799,0.144308507442474,0.95226776599884),(0.32660570740699801,0.15638884902000399,0.97356474399566695),(0.33243736624717701,0.084458462893962902,0.95317918062210105),(0.33784168958663902,0.10677977651357699,0.98278659582138095),(0.32535123825073198,0.093732878565788297,0.99438047409057595),(0.32104027271270802,0.072681449353694902,0.96363902091980003),(0.31638145446777299,0.058964684605598401,0.94378685951232899),(0.326872378587723,0.071147345006465898,0.93290734291076705),(0.34202209115028398,0.097046852111816406,0.94188010692596402),(0.34577712416648898,0.117452904582024,0.97319793701171897),(0.335474193096161,0.084344521164894104,0.921342253684998),(0.34922122955322299,0.110997214913368,0.92980599403381303),(0.35268864035606401,0.13229417800903301,0.96041226387023904),(0.30725774168968201,0.062266364693641697,0.97332376241684004),(0.27481201291084301,0.0789925381541252,0.99896377325057995),(0.28147158026695301,0.068054653704166398,0.97505086660385099),(0.30400145053863498,0.047796402126550702,0.95398068428039595),(0.283906489610672,0.112198673188686,0.98582363128662098),(0.29317310452461198,0.064331069588661194,0.97274476289749101),(0.28986811637878401,0.063053481280803694,0.976701259613037),(0.297646343708038,0.066730394959449796,1.00725162029266),(0.29012686014175398,0.117510698735714,1.0179755687713601),(0.34513524174690202,0.14242228865623499,0.95266520977020297),(0.29792273044586198,0.059220407158136402,0.98102176189422596),(0.294086754322052,0.053120616823434802,0.95038205385208097),(0.28341743350028997,0.069704964756965596,1.0063184499740601),(0.34087839722633401,0.15515981614589699,0.97399276494979903),(0.271845072507858,0.060587294399738298,0.99052590131759599),(0.27893024682998702,0.054523345082998297,0.99518626928329501),(0.293554186820984,-0.000125071048387326,0.88715279102325395),(0.28995499014854398,0.0018077242420986299,0.88584631681442305),(0.29393914341926602,0.0064343051053583596,0.88171470165252697),(0.29219686985015902,0.0258753765374422,0.89664512872695901),(0.29695928096771201,0.023317962884902999,0.89837372303009),(0.29586562514305098,0.0112580945715308,0.88354420661926303),(0.301721751689911,0.020760521292686501,0.90010225772857699),(0.29560485482215898,0.013657102361321401,0.90644580125808705),(0.29425510764121998,-0.00022867384541314101,0.89314204454421997),(0.290412276983261,0.015714997425675399,0.90516334772109996),(0.282929867506027,0.0058529628440737698,0.88903152942657504),(0.28607994318008401,0.0187720432877541,0.90298873186111495),(0.326503396034241,0.049215417355299003,0.85529100894928001),(0.33048754930496199,0.053841970860958099,0.85115927457809404),(0.33408662676811202,0.051909260451793698,0.85246562957763705),(0.32675135135650601,0.061706632375717198,0.85093361139297496),(0.32757747173309298,0.070595331490039798,0.86532998085021995),(0.33233994245529203,0.0680379047989845,0.86705857515335105),(0.33710247278213501,0.065480358898639707,0.86878705024719205),(0.330985456705093,0.058376941829919801,0.87513059377670299),(0.33080339431762701,0.047178920358419398,0.86258667707443204),(0.326223105192184,0.060934443026781103,0.873402118682861),(0.32514074444770802,0.050219878554344198,0.86053144931793202),(0.32146060466766402,0.063491910696029705,0.87167352437973),(0.31759276986122098,0.025854445993900299,0.85936015844345104),(0.31399372220039401,0.027787214145064399,0.85805374383926403),(0.31797781586647,0.0324138514697552,0.85392206907272294),(0.31424155831336997,0.040278431028127698,0.85369640588760398),(0.31556579470634499,0.051596935838460901,0.87031579017639205),(0.32032823562622098,0.049039408564567601,0.87204432487487804),(0.32509079575538602,0.046481966972351102,0.87377291917800903),(0.31897374987602201,0.039378631860017797,0.88011652231216397),(0.31829366087913502,0.025750759989023202,0.86534941196441695),(0.31421130895614602,0.0419359616935253,0.87838780879974399),(0.30696842074394198,0.031832478940486901,0.86123895645141602),(0.30944871902465798,0.044493544846773099,0.87665939331054699),(0.305191099643707,0.0080593796446919407,0.86719995737075795),(0.30159217119216902,0.0099919764325022697,0.86589366197586104),(0.30557632446289101,0.0146185858175159,0.86176186800003096),(0.30346855521202099,0.035871319472789799,0.87852948904037498),(0.30870366096496599,0.033059995621442802,0.88042968511581399),(0.30750244855880698,0.019442487508058499,0.86359149217605602),(0.31316509842872597,0.016401641070842701,0.86564677953720104),(0.31393885612487799,0.030248813331127201,0.882329821586609),(0.30721470713615401,0.022440228611230899,0.88930296897888195),(0.30589202046394298,0.0079555781558155996,0.87318927049636796),(0.30197957158088701,0.025251494720578201,0.88740283250808705),(0.29456689953803999,0.014037243090570001,0.86907875537872303),(0.29674440622329701,0.028062846511602402,0.88550269603729204),(0.28591901063919101,0.057506769895553603,0.94741755723953203),(0.295673757791519,0.064294889569282504,0.93058449029922496),(0.30151867866516102,0.043339867144823102,0.94739294052124001),(0.31200951337814298,0.055522613227367401,0.93651360273361195),(0.30457770824432401,0.065303362905979198,0.93950259685516402),(0.30384162068366999,0.059908781200647403,0.93354904651641801),(0.29586020112037698,0.064508557319641099,0.93038702011108398),(0.31219589710235601,0.055736217647790902,0.93631613254547097),(0.31506845355033902,0.077486105263233199,0.92862325906753496),(0.31451898813247697,0.072304986417293493,0.92247200012206998),(0.30650067329406699,0.076868936419487,0.91935801506042503),(0.32283660769462602,0.0680965185165405,0.92528706789016701),(0.32555934786796598,0.089668780565261799,0.91774362325668302),(0.32515949010848999,0.084665410220623002,0.91144305467605602),(0.32788243889808699,0.106237590312958,0.90389961004257202),(0.32764840126037598,0.10143868625164,0.89744448661804199),(0.333493202924728,0.080483734607696505,0.91425311565399203),(0.33581629395484902,0.097052492201328305,0.90040904283523604),(0.34398421645164501,0.0926663503050804,0.90337359905242898),(0.32532542943954501,0.084869787096977206,0.91128855943679798),(0.33332738280296298,0.080279231071472196,0.91440773010253895),(0.31466853618621798,0.072482727468013805,0.92232257127761796),(0.32268691062927202,0.067918881773948697,0.92543661594390902),(0.29261288046836897,0.046869315207004499,0.94519358873367298),(0.30022940039634699,0.010996396653354199,0.87113398313522294),(0.297993093729019,0.0119246868416667,0.86458730697631803),(0.30197712779045099,0.016551353037357299,0.86045563220977805),(0.32556679844856301,0.034196738153696102,0.85780692100524902),(0.31039461493492099,0.029719952493906,0.85674750804901101),(0.31437873840331998,0.034346561878919601,0.85261583328247104),(0.31947812438011203,0.053260684013366699,0.858476161956787),(0.33241388201713601,0.058665856719017001,0.85298895835876498),(0.32290431857109098,0.051148127764463397,0.85398483276367199),(0.32688847184181202,0.055774737149476998,0.84985315799713101),(0.286356031894684,0.0037403495516628001,0.88454008102417003),(0.29034021496772799,0.0083669591695070301,0.88040840625762895),(0.28829598426818798,0.051753088831901599,0.99649679660797097),(0.30139389634132402,0.0486989468336105,0.92370748519897505),(0.29989418387413003,0.036917172372341198,0.91040831804275502),(0.30790668725967402,0.0452016033232212,0.92607116699218806),(0.30660793185234098,0.0333118066191673,0.91284519433975198),(0.28518289327621499,0.052112147212028503,0.94146388769149802),(0.28651654720306402,0.042482312768697697,0.93001848459243797),(0.29244077205657998,0.038301933556795099,0.93299221992492698),(0.28455713391303999,0.030508557334542299,0.91691410541534402),(0.290664553642273,0.026199072599411,0.91997987031936601),(0.29488149285316501,0.052196122705936397,0.92134374380111705),(0.29318034648895303,0.040522426366806003,0.90797150135040305),(0.29954171180725098,0.035487722605466801,0.93474590778350797),(0.297984689474106,0.023297995328903202,0.92178779840469405),(0.31237363815307601,0.060741681605577497,0.91127395629882801),(0.31130760908126798,0.047207694500684703,0.89418756961822499),(0.31891086697578402,0.057231139391660697,0.91364651918411299),(0.31850144267082198,0.043344695121049902,0.89679878950118996),(0.303977340459824,0.0509912073612213,0.91998118162155196),(0.30402806401252702,0.060122288763523102,0.93335145711898804),(0.29744023084640497,0.054501622915267903,0.91760849952697798),(0.29487368464469899,0.0403407961130142,0.90115875005722001),(0.30206748843193099,0.036477696150541299,0.90376991033554099),(0.30635112524032598,0.076691240072250394,0.91950756311416604),(0.30583661794662498,0.064252056181430803,0.90890115499496504),(0.30411371588706998,0.051070820540189701,0.89157646894455),(0.31051456928253202,0.0474806651473045,0.92235380411148105),(0.30926159024238598,0.032614629715681097,0.90638095140457198),(0.32314130663871798,0.073321647942066207,0.90021985769271895),(0.329401314258575,0.069960035383701297,0.90249198675155595),(0.328829765319824,0.058874890208244303,0.88842195272445701),(0.322376608848572,0.062340274453163098,0.88607978820800803),(0.315100997686386,0.063984759151935605,0.90855795145034801),(0.31408789753913902,0.0527150146663189,0.89467537403106701),(0.30884116888046298,0.067346341907978099,0.90628588199615501),(0.30763477087020902,0.056180410087108598,0.89233314990997303),(0.316991537809372,0.089051611721515697,0.90847849845886197),(0.31688138842582703,0.076683238148689298,0.89794778823852495),(0.31592333316803001,0.065805710852146093,0.88373756408691395),(0.321361064910889,0.060623124241828898,0.91083008050918601),(0.32054123282432601,0.049249630421400098,0.89701759815216098),(0.33411279320716902,0.087488248944282504,0.89095205068588301),(0.33381155133247398,0.078939348459243802,0.87913328409194902),(0.34023720026016202,0.084199354052543599,0.89317488670349099),(0.34012514352798501,0.0755489617586136,0.88142490386962902),(0.31715750694274902,0.089255996048450498,0.90832400321960405),(0.32012182474136402,0.081642255187034607,0.89688682556152299),(0.32570233941078203,0.069522269070148496,0.88754296302795399),(0.32624644041061401,0.078353360295295701,0.89910972118377697),(0.319388628005981,0.072912745177745805,0.88525146245956399),(0.32798829674720797,0.090777143836021396,0.88872915506362904),(0.327497959136963,0.082329764962196406,0.87684178352356001),(0.33237084746360801,0.075064443051815005,0.90133261680603005),(0.332015931606293,0.066131897270679502,0.88983452320098899),(0.29020303487777699,0.0142989410087466,0.88148897886276201),(0.30152815580367998,0.0082173608243465406,0.88559955358505205),(0.28859245777130099,0.0028121161740273198,0.89108675718307495),(0.33010247349739102,0.047282665967941298,0.85659730434417702),(0.31990420818328902,0.037237610667944003,0.85575157403945901),(0.31263104081153897,0.028791576623916602,0.86329412460327104),(0.30917525291442899,0.012685960158705699,0.86306834220886197),(0.30183988809585599,0.0224832780659199,0.8615363240242),(0.29753834009170499,0.0045015951618552199,0.88302099704742398),(0.338076442480087,0.0556249842047691,0.855044186115265),(0.32157689332961997,0.030481169000268,0.85522836446762096),(0.269173353910446,0.0126094622537494,0.95908504724502597),(0.27355110645294201,0.016005186364054701,0.95204752683639504),(0.27789118885994002,0.0136745488271117,0.95362281799316395),(0.27456006407737699,0.039662279188633,0.96179944276809703),(0.28030285239219699,0.036578297615051297,0.963883876800537),(0.27655541896820102,0.021759022027254101,0.95228332281112704),(0.28604620695114102,0.033494174480438198,0.96596837043762196),(0.279324620962143,0.0282805878669024,0.97677296400070202),(0.27539238333702099,0.0118929659947753,0.96760857105255105),(0.27310901880264299,0.0309979375451803,0.97544842958450295),(0.26856389641761802,0.015559904277324701,0.96513015031814597),(0.26783847808837902,0.0344486907124519,0.97260403633117698),(0.26972702145576499,0.025425959378480901,0.94980490207672097),(0.26483327150344799,0.0149400429800153,0.95750963687896695),(0.26921108365058899,0.018335767090320601,0.95047247409820601),(0.28597798943519598,0.051967505365610102,0.97101736068725597),(0.29407408833503701,0.047619912773370701,0.97395581007003795),(0.27583634853362998,0.044100828468799598,0.98732006549835205),(0.26840662956237799,0.048965260386467001,0.98331034183502197),(0.277881890535355,0.056315183639526402,0.96807885169982899),(0.28459882736206099,0.040270075201988199,0.98918730020523105),(0.28338411450385997,0.0180920828133821,0.954761862754822),(0.27351352572441101,0.010278766974806799,0.96066021919250499),(0.261735290288925,0.019226841628551501,0.96265172958374001),(0.099356092512607602,0.53036403656005904,1.1738318204879801),(0.059404671192169203,0.47396770119667098,1.6838296651840201),(0.042822845280170399,0.48239600658416698,1.6863197088241599),(0.039905481040477801,0.457946687936783,1.6981683969497701),(0.078951723873615307,0.45024985074996898,1.6723062992095901),(0.054554745554923997,0.447394579648972,1.6966090202331501),(0.088806033134460394,0.41326829791068997,1.6565650701522801),(0.067581251263618497,0.431612998247147,1.6914317607879601),(0.067581236362457303,0.36722141504287698,1.6670347452163701),(0.076901547610759693,0.371722251176834,1.64082396030426),(0.0530493222177029,0.35283786058425898,1.6588978767395),(0.055001672357320799,0.35269618034362799,1.62930047512054),(0.019779905676841701,0.33766961097717302,1.65562951564789),(0.019779905676841701,0.33017620444297802,1.62508273124695),(0.036736972630023998,0.337574243545532,1.62594437599182),(0.019320320338010798,0.33548057079315202,1.47000432014465),(0.038441505283117301,0.33979424834251398,1.4726803302764899),(0.037013851106166798,0.33981102705001798,1.5057511329650899),(0.019687337800860401,0.333379656076431,1.50554800033569),(0.037526577711105298,0.326558947563171,1.55438828468323),(0.019779905676841701,0.31780844926834101,1.55320703983307),(0.037353560328483602,0.33777520060539201,1.5917334556579601),(0.019779905676841701,0.33132454752922103,1.59087586402893),(0.059331052005290999,0.355639308691025,1.51191973686218),(0.058078389614820501,0.35987690091133101,1.4837024211883501),(0.073716863989830003,0.38547056913375899,1.4960619211196899),(0.058399107307195698,0.34624385833740201,1.5584031343460101),(0.076113030314445496,0.38095104694366499,1.5235800743103001),(0.055647265166044201,0.35404637455940202,1.59576392173767),(0.082629851996898707,0.37427619099616999,1.5675289630889899),(0.079515136778354603,0.37374436855316201,1.6047118902206401),(0.084497570991516099,0.43317538499832198,1.5169992446899401),(0.089768350124359103,0.428537547588348,1.5416125059127801),(0.097295232117176098,0.42545768618583701,1.58319735527039),(0.093311451375484494,0.42189288139343301,1.6229547262191799),(0.075190588831901606,0.46971282362937899,1.5298787355423),(0.078236006200313596,0.47148841619491599,1.5596448183059699),(0.084715940058231395,0.471994668245316,1.6025892496109),(0.0816012397408485,0.46539688110351601,1.64119744300842),(0.061189576983451802,0.48792970180511502,1.53611731529236),(0.062061566859483698,0.50170105695724498,1.57178771495819),(0.064835987985134097,0.499995946884155,1.6167851686477701),(0.061093967407941797,0.49213126301765397,1.65455222129822),(0.0394053012132645,0.498754233121872,1.54002749919891),(0.040476016700267799,0.51345175504684404,1.57727670669556),(0.043529555201530498,0.51159590482711803,1.6224677562713601),(0.043755922466516502,0.50230562686920199,1.65897905826569),(0.037188027054071399,0.34337034821510298,1.65599465370178),(0.037434566766023601,0.368662059307098,1.6807599067687999),(0.019779905676841701,0.367378890514374,1.6826869249343901),(0.053761135786771802,0.42907345294952398,1.69727230072021),(0.039092581719160101,0.42916283011436501,1.7009037733078001),(0.019779905676841701,0.46380877494812001,1.69823658466339),(0.019779905676841701,0.39831554889678999,1.69819796085358),(0.039040535688400303,0.39962598681449901,1.6959273815155),(0.053657032549381298,0.40093651413917503,1.6936568021774301),(0.076806515455245999,0.39941719174385099,1.67923331260681),(0.0504451058804989,0.369945198297501,1.67883276939392),(0.020074961706995999,0.50615596771240201,1.52263331413269),(0.019883101806044599,0.50487744808196999,1.5421291589736901),(0.019779905676841701,0.50871562957763705,1.6614230871200599),(0.019779905676841701,0.487265884876251,1.6857782602310201),(0.019779905676841701,0.51856666803359996,1.62506580352783),(0.0198147054761648,0.51858067512512196,1.5797041654586801),(0.096016265451908098,0.74133318662643399,0.12545521557331099),(0.091429814696312006,0.71127569675445601,0.10260833799839),(0.15203765034675601,0.74606001377105702,0.12967647612094901),(0.14114621281623799,0.753623247146606,0.135480776429176),(0.18622846901416801,0.62257200479507402,0.0131365386769176),(0.189700648188591,0.62580615282058705,0.010112402960658099),(0.18677057325839999,0.63479542732238803,0.019440505653619801),(0.18720012903213501,0.63772708177566495,-0.0051898821257054797),(0.17300586402416199,0.63761460781097401,-0.0080026211217045801),(0.171514376997948,0.64713251590728804,0.00019236472144257299),(0.110894322395325,0.60222405195236195,0.0014319729525595899),(0.12831860780715901,0.60257840156555198,0.00256191729567945),(0.129117786884308,0.61274188756942705,0.021914057433605201),(0.15884575247764601,0.70008772611617998,0.051202263683080701),(0.151489198207855,0.74801498651504505,0.084607623517513303),(0.164125561714172,0.73808586597442605,0.083522312343120603),(0.17033499479293801,0.68685114383697499,0.084354192018508897),(0.167297318577766,0.718197822570801,0.109529614448547),(0.10384551435709,0.674205482006073,0.072982527315616594),(0.10825709998607599,0.64931833744049094,0.044947184622287799),(0.14178507030010201,0.76726037263870195,0.106185212731361),(0.15358775854110701,0.76276385784149203,0.102995671331882),(0.108969233930111,0.74459177255630504,0.0811314657330513),(0.098470874130725902,0.73375767469406095,0.079481013119220706),(0.100726298987865,0.75526714324951205,0.096743479371070903),(0.110090866684914,0.76425677537918102,0.104088455438614),(0.11988015472888899,0.76745581626892101,0.106742195785046),(0.121455758810043,0.75060391426086404,0.086166135966777802),(0.130320399999619,0.76866948604583696,0.107155591249466),(0.13546076416969299,0.751731216907501,0.087311260402202606),(0.120748415589333,0.69666481018066395,0.047726389020681402),(0.10919659584760701,0.68568718433380105,0.058266285806894302),(0.14296196401119199,0.69880896806716897,0.049903746694326401),(0.128957495093346,0.69768154621124301,0.048758789896964999),(0.173475190997124,0.61919027566909801,0.015028011985123199),(0.18255643546581299,0.62872290611267101,0.0239709317684174),(0.15705715119838701,0.61007744073867798,0.0100294752046466),(0.170196503400803,0.62393981218338002,0.0246794410049915),(0.14221625030040699,0.60595506429672197,0.0059576416388154004),(0.15405790507793399,0.61901605129241899,0.024121040478348701),(0.14041465520858801,0.61568856239318803,0.022738574072718599),(0.12783789634704601,0.62244403362274203,-0.0201619304716587),(0.110435202717781,0.61920583248138406,-0.021365739405155199),(0.11036073416471499,0.63090449571609497,-0.0045171719975769502),(0.141730532050133,0.62512910366058305,-0.018009778112173101),(0.12650202214717901,0.63818520307540905,-0.0068325726315379099),(0.139820337295532,0.64078986644744895,-0.0047071580775082103),(0.154553428292274,0.64370757341384899,-0.00239583570510149),(0.15657144784927399,0.62962615489959695,-0.014405488967895499),(0.105105325579643,0.75056266784668002,0.13277465105056799),(0.117305383086205,0.75592344999313399,0.13681946694850899),(0.12562873959541301,0.75662004947662398,0.13741961121559099),(0.11727852374315299,0.582436382770538,-0.042880453169345897),(0.12923137843608901,0.58339869976043701,-0.041903220117092098),(0.12936763465404499,0.57921314239501998,-0.037475999444723102),(0.130047127604485,0.59533393383026101,-0.043143734335899402),(0.130110368132591,0.60475933551788297,-0.033415269106626497),(0.13033255934715299,0.59793329238891602,-0.026195021346211399),(0.130554780364037,0.59110718965530396,-0.018974661827087399),(0.111863613128662,0.58960253000259399,-0.020502703264355701),(0.114595204591751,0.58140397071838401,-0.031057046726345999),(0.109441861510277,0.59625130891799905,-0.027902740985155099),(0.11225112527608901,0.58755820989608798,-0.037923604249954203),(0.114183329045773,0.59405678510665905,-0.0444406680762768),(0.11141917854547501,0.60325461626052901,-0.034943424165248899),(0.179556533694267,0.61036753654480003,-0.020651564002037),(0.18674343824386599,0.61094617843627896,-0.020064048469066599),(0.18684989213943501,0.60767626762390103,-0.0166053343564272),(0.18813823163509399,0.62782722711563099,-0.0153792081400752),(0.19043207168579099,0.62167501449585005,-0.0085230711847543699),(0.190041899681091,0.61768829822540305,-0.013503481633961201),(0.188202664256096,0.61166822910308805,-0.0074744680896401397),(0.18854971230030099,0.61518663167953502,-0.0020085007417947102),(0.17553663253784199,0.61413896083831798,-0.0030722843948751701),(0.17533087730407701,0.62045931816101096,-0.0097578084096312506),(0.17609925568103801,0.61656588315963701,-0.014643396250903599),(0.175125151872635,0.62677973508834794,-0.016443105414509801),(0.18782137334346799,0.62338179349899303,-0.019864659756422001),(0.16642852127551999,0.59608489274978604,-0.026318620890379001),(0.166322097182274,0.59935456514358498,-0.029777219519019099),(0.173509001731873,0.59993320703506503,-0.029189590364694599),(0.17438797652721399,0.61804866790771495,-0.0226222276687622),(0.174593716859818,0.61172842979431197,-0.015936929732561101),(0.17477759718895,0.60651230812072798,-0.0227954462170601),(0.17479945719242099,0.60540813207626298,-0.0092515191063284909),(0.160964176058769,0.60429430007934604,-0.0103825964033604),(0.163055464625359,0.59969645738601696,-0.017574295401573198),(0.160758405923843,0.61061459779739402,-0.017067894339561501),(0.16267415881156899,0.61140996217727706,-0.0299643743783236),(0.16055266559124001,0.616934955120087,-0.023753417655825601),(0.151863113045692,0.59291851520538297,-0.035250436514615999),(0.159050047397614,0.59349709749221802,-0.034662920981645598),(0.15915647149086001,0.59022730588912997,-0.031204208731651299),(0.16012796759605399,0.60593277215957597,-0.034463532269001),(0.15885865688324,0.61315292119979903,-0.0266028624027967),(0.15906439721584301,0.60683274269104004,-0.019917564466595601),(0.160509273409843,0.59421920776367199,-0.0220734551548958),(0.15927012264728499,0.60051238536834695,-0.0132322683930397),(0.146132126450539,0.59945470094680797,-0.0143062481656671),(0.14592640101909601,0.60577505826950095,-0.020991658791899698),(0.14840583503246299,0.59911698102951005,-0.029242495074868199),(0.145720660686493,0.61209535598754905,-0.027677068486809699),(0.13693916797637901,0.58752042055130005,-0.039886225014925003),(0.1441261023283,0.58809894323348999,-0.039298593997955301),(0.14423254132270799,0.58482921123504605,-0.035839993506669998),(0.14371593296527899,0.60903215408325195,-0.0299989264458418),(0.143921688199043,0.60271179676055897,-0.023313516750931702),(0.145394667983055,0.59467786550521895,-0.032904222607612603),(0.14558534324169201,0.58882117271423295,-0.026709239929914499),(0.14412742853164701,0.59639143943786599,-0.0166281051933765),(0.13149930536747001,0.59537482261657704,-0.017660507932305301),(0.131293565034866,0.60169517993927002,-0.0243459194898605),(0.133481904864311,0.59371888637542702,-0.033878169953823097),(0.13329125940799699,0.59957569837570202,-0.0400732643902302),(0.13108783960342399,0.608015596866608,-0.031031329184770601),(0.130253061652184,0.58900737762451205,-0.036451868712902097),(0.130146503448486,0.58432644605636597,-0.040998607873916598),(0.11624875664711,0.57784831523895297,-0.0364950299263),(0.130320504307747,0.57898122072219804,-0.035344693809747703),(0.116074748337269,0.58319365978241,-0.042149171233177199),(0.12997250258922599,0.58967196941375699,-0.046652860939502702),(0.187854498624802,0.61203664541244496,-0.019000830128788899),(0.187702417373657,0.61670792102813698,-0.023941930383443801),(0.17628991603851299,0.61070907115936302,-0.0084483008831739408),(0.17825925350189201,0.60658061504364003,-0.0148564921692014),(0.17810720205307001,0.61125195026397705,-0.019797705113887801),(0.17795512080192599,0.61592322587966897,-0.024738805368542699),(0.174586936831474,0.61236894130706798,-0.0289904270321131),(0.17462004721164701,0.60102385282516502,-0.028126599267125098),(0.16502480208873699,0.59556782245635997,-0.023982373997569102),(0.174772128462791,0.596352398395538,-0.023185387253761298),(0.162864804267883,0.60555320978164695,-0.023769391700625399),(0.16487275063991499,0.600239038467407,-0.028923474252224),(0.17446798086166401,0.60569506883621205,-0.03306769952178),(0.160318613052368,0.60007596015930198,-0.028268549591302899),(0.160161092877388,0.59458768367767301,-0.033599816262722002),(0.14859651029109999,0.59326016902923595,-0.023047400638461099),(0.15056586265564001,0.58913153409957897,-0.029455479234456999),(0.15041378140449499,0.59380292892456099,-0.034396693110466003),(0.14821521937847101,0.60497379302978505,-0.035437591373920399),(0.16000902652740501,0.59925889968872104,-0.038540802896022797),(0.145204022526741,0.60053461790084794,-0.039099317044019699),(0.14523713290691401,0.58918952941894498,-0.038235489279031802),(0.133672550320625,0.58786213397979703,-0.027683185413479802),(0.13564187288284299,0.58373343944549605,-0.034091152250766803),(0.135489851236343,0.58840477466583296,-0.0390323661267757),(0.14508508145809201,0.59386080503463701,-0.043176703155040699),(0.11741478741168999,0.57825088500976596,-0.0384531170129776),(0.12909513711929299,0.58758413791656505,-0.046330440789461101),(0.11714228242635701,0.58662199974060103,-0.047307673841714901),(0.18663701415062001,0.61421591043472301,-0.023522647097706802),(0.17966297268867501,0.60709774494171098,-0.017192851752042802),(0.164720669388771,0.60491043329238903,-0.033864688128232998),(0.17340256273746499,0.60320299863815297,-0.032648418098688098),(0.15196953713893899,0.58964872360229503,-0.031791839748621001),(0.15894359350204501,0.59676682949066195,-0.038121521472930901),(0.15175668895244601,0.59618824720382702,-0.038709037005901302),(0.14401967823505399,0.59136867523193404,-0.042757194489240598),(0.13704560697078699,0.584250628948212,-0.036427509039640399),(0.135337769985199,0.59307616949081399,-0.043973576277494403),(0.12863412499427801,0.61783820390701305,-0.020450929179787601),(0.141977533698082,0.61891239881515503,-0.019359957426786398),(0.12893348932266199,0.60389178991317705,-0.0030228903051465702),(0.128130033612251,0.61056733131408703,-0.0074230348691344296),(0.128816023468971,0.60950887203216597,-0.010041936300694901),(0.14227691292762801,0.60496616363525402,-0.0019322570879012301),(0.142022669315338,0.616294264793396,-0.0069599095731973596),(0.14215944707393599,0.60955518484115601,-0.00766853243112564),(0.12934884428978,0.611674964427948,-0.025023613125085799),(0.110520511865616,0.609083652496338,-0.027414351701736499),(0.11085004359483699,0.59494507312774703,-0.0097437603399157507),(0.106937311589718,0.60864019393920898,-0.0067804600112140196),(0.107747480273247,0.60152387619018599,-0.0185051914304495),(0.129475757479668,0.59638142585754395,-0.0076146065257489699),(0.129545837640762,0.60390323400497403,-0.015308968722820299),(0.142981052398682,0.620400130748749,-0.0181485582143068),(0.15734428167343101,0.62155646085739102,-0.0169743169099092),(0.14316296577453599,0.61104279756545998,-0.0064571332186460504),(0.14328043162822701,0.606453716754913,-0.00072063133120536804),(0.15764366090297699,0.60761004686355602,0.00045360915828496201),(0.15686357021331801,0.62112820148467995,-0.0037759223487228199),(0.157526195049286,0.61219912767410301,-0.0052828923799097503),(0.15819276869297,0.62339210510253895,-0.0154860392212868),(0.17395058274269101,0.62466073036193803,-0.0141979437321424),(0.15837468206882499,0.61403495073318504,-0.00379472831264138),(0.15849214792251601,0.60968208312988303,0.00164710870012641),(0.17424996197223699,0.610950708389282,0.0029352046549320199),(0.17329800128936801,0.62672525644302401,0.0056105242110788796),(0.174132496118546,0.61530345678329501,-0.0025064058136194901),(0.174456626176834,0.62819015979766801,-0.0119881285354495),(0.18857005238533001,0.62932622432708696,-0.0108342804014683),(0.17475600540638001,0.61563062667846702,0.0037094217259436798),(0.17463853955268899,0.62097513675689697,-0.00296941795386374),(0.18886943161487599,0.61676681041717496,0.0048632700927555596),(0.19089828431606301,0.62228411436080899,-0.0016401980537921199),(0.13683271408081099,0.59079009294509899,-0.043344825506210299),(0.145389214158058,0.58451825380325295,-0.033294502645731),(0.150261715054512,0.59847414493560802,-0.039337791502475697),(0.16031314432620999,0.58991628885269198,-0.028658717870712301),(0.16621562838554399,0.60262441635131803,-0.033235818147659302),(0.17361545562744099,0.59666347503662098,-0.025731103494763399),(0.17945006489753701,0.61363726854324296,-0.024110050871968301),(0.18800656497478499,0.60736531019210804,-0.0140597308054566),(0.11590071767568599,0.58853900432586703,-0.047803197056055097),(0.17496822774410201,0.60065543651580799,-0.016600463539361999),(0.17590858042240101,0.622422754764557,-0.020838605239987401),(0.13045901060104401,0.58268111944198597,-0.0297602266073227),(0.111801482737064,0.65616375207901001,0.035494461655616802),(0.169182613492012,0.69620907306671098,0.0578504614531994),(0.183554917573929,0.64711016416549705,0.0047225649468600698),(0.175715252757072,0.67010575532913197,0.031995870172977399),(0.182750478386879,0.64634329080581698,0.034990552812814699),(0.17873041331768,0.65789127349853505,0.050540488213300698),(0.171543419361115,0.64760500192642201,0.064757406711578397),(0.14832486212253601,0.66966593265533403,0.025667209178209301),(0.13359367847442599,0.66784465312957797,0.024570118635892899),(0.12472897768020599,0.66620182991027799,0.023580765351653099),(0.122684128582478,0.63525927066803001,0.068639025092124897),(0.13377185165882099,0.63572144508361805,0.070131383836269406),(0.143727988004684,0.63739913702011097,0.070397160947322804),(0.161409571766853,0.64241021871566795,0.069740027189254802),(0.111804023385048,0.64359647035598799,0.0136090675368905),(0.108479581773281,0.63375598192214999,0.024939212948083898),(0.16503299772739399,0.67173171043395996,0.026911461725831001),(0.107256174087524,0.61995172500610396,0.0063408985733985901),(0.11719740927219401,0.63732451200485196,0.063737012445926694),(0.17963503301143599,0.65860790014267001,0.018359275534749),(0.15143914520740501,0.65668690204620395,0.011635346338152899),(0.16827362775802601,0.659432172775269,0.0135518563911319),(0.13670702278614,0.65431731939315796,0.0099312532693147694),(0.123405113816261,0.65219360589981101,0.0083739832043647801),(0.137093260884285,0.62570530176162698,0.046435005962848698),(0.125901058316231,0.62400084733963002,0.045276626944541903),(0.14889290928840601,0.62820774316787698,0.0472591854631901),(0.16580298542976399,0.63317501544952404,0.047209903597831698),(0.177049875259399,0.63816392421722401,0.044364310801029198),(0.11426754295826,0.62309485673904397,0.040237080305814701),(-0.058939628303051002,0.55195999145507801,1.39810931682587),(-0.00369900604709983,0.56617671251296997,1.39303231239319),(-0.00465370295569301,0.57985377311706499,1.35395860671997),(-0.0637546107172966,0.56326591968536399,1.3611114025116),(-0.11474630236625701,0.52896410226821899,1.3480210304260301),(-0.166397035121918,0.45269286632537797,1.4071685075759901),(-0.098295696079731001,0.43837130069732699,1.43822228908539),(-0.115996152162552,0.46835058927536,1.4414155483245801),(-0.100730583071709,0.50242793560028098,1.44056212902069),(-0.164402469992638,0.49996927380561801,1.41483426094055),(-0.11705382913351101,0.41305997967719998,1.39326083660126),(-0.12912073731422399,0.39575922489166299,1.3539409637451201),(-0.078982569277286502,0.34739869832992598,1.3273611068725599),(-0.0207811463624239,0.37563869357109098,1.39346504211426),(-0.025059146806597699,0.33651885390281699,1.32643258571625),(-0.0146859250962734,0.32426834106445301,1.0338283777236901),(-0.024205319583415999,0.33304214477539101,0.94947373867034901),(-0.024723920971155201,0.31603500247001598,1.1738085746765099),(-0.014909408986568499,0.32000771164894098,1.0982127189636199),(-0.031564544886350597,0.309367686510086,1.2400575876236),(-0.030695274472236599,0.314833223819733,1.22729575634003),(-0.046244796365499503,0.331028401851654,1.03571557998657),(-0.092384897172451005,0.36757653951644897,1.04598844051361),(-0.097921669483184801,0.37001344561576799,0.97555476427078203),(-0.060213837772607803,0.32430863380432101,1.1738028526306199),(-0.11173754930496201,0.36700415611267101,1.1738101243972801),(-0.097396254539489704,0.36695003509521501,1.1042867898941),(-0.15361385047435799,0.40966293215751598,1.2772080898284901),(-0.13966481387615201,0.39676916599273698,1.2409310340881301),(-0.0936587899923325,0.33066296577453602,1.2272969484329199),(-0.0983704403042793,0.32623618841171298,1.2400591373443599),(-0.109096169471741,0.41734477877616899,1.06001484394073),(-0.115636937320232,0.414908766746521,0.98967772722244296),(-0.12773160636424999,0.42671453952789301,1.17510366439819),(-0.114900022745132,0.42074921727180498,1.1112906932830799),(-0.13247981667518599,0.494036674499512,1.26521480083466),(-0.13672721385955799,0.44646129012107799,1.21553611755371),(-0.146921902894974,0.42723041772842402,1.3915596008300799),(-0.215710788965225,0.45583534240722701,1.3753309249877901),(-0.091876097023487105,0.46694183349609403,1.0740343332290601),(-0.096401572227478,0.45965749025344799,1.0017048120498699),(-0.109622299671173,0.48173302412033098,1.1738083362579299),(-0.096295252442359897,0.47412231564521801,1.1182938814163199),(-0.125365570187569,0.52868497371673595,1.29257357120514),(-0.120113424956799,0.51356542110443104,1.24834012985229),(-0.15123488008975999,0.54581886529922496,1.3486585617065401),(-0.133276596665382,0.58215671777725198,1.2724092006683301),(-0.050715602934360497,0.50303095579147294,1.0842844247818),(-0.053217366337776198,0.504619121551514,1.0054969787597701),(-0.056632660329341902,0.53320926427841198,1.17380666732788),(-0.049314878880977603,0.51274579763412498,1.12342488765717),(-0.0730181485414505,0.55613738298416104,1.26618027687073),(-0.071307405829429599,0.54776859283447299,1.23018014431),(-0.0043439655564725399,0.50432193279266402,1.0857512950897199),(0.00098770123440772295,0.50921815633773804,1.0004647970199601),(-0.0083709042519330996,0.53997957706451405,1.17381131649017),(-0.0055548022501170601,0.51683795452117898,1.12416779994965),(-0.0103071536868811,0.56776541471481301,1.2601579427719101),(-0.0103534385561943,0.557117879390717,1.2264046669006301),(-0.014130978845059899,0.40469726920127902,1.4563356637954701),(-0.051748361438512802,0.41082674264907798,1.434525847435),(-0.016188116744160701,0.40543788671493503,1.43246138095856),(-0.056965056806802701,0.46012926101684598,1.46982765197754),(6.16203615209088E-05,0.54362457990646396,1.43692791461945),(0.010911879129707799,0.51741838455200195,1.4847273826599101),(-0.052202232182025902,0.53338563442230202,1.4393275976180999),(-0.044212583452463199,0.49122816324233998,1.4783143997192401),(-0.044885300099849701,0.42866834998130798,1.46351170539856),(-0.010512319393456,0.390839904546738,1.48159611225128),(-0.012753222137689601,0.49538129568099998,1.51877760887146),(-0.0131014976650476,0.50935888290405296,1.4837349653244001),(0.0048001408576965297,0.39195165038108798,1.45534491539001),(0.0034032687544822702,0.38652470707893399,1.4800781011581401),(-0.030444145202636701,0.474337518215179,1.5114552974700901),(-0.038059290498495102,0.44290769100189198,1.50000011920929),(0.00396208604797721,0.50200194120407104,1.5210890769958501),(-0.17614802718162501,0.48051419854164101,1.4155234098434399),(-0.19851851463317899,0.50059968233108498,1.4056358337402299),(-0.21646842360496499,0.48649343848228499,1.3931121826171899),(-0.218309491872787,0.53640538454055797,1.33832943439484),(-0.220069095492363,0.50321668386459395,1.313028216362),(-0.197624891996384,0.54818296432495095,1.35732793807983),(-0.13804730772972101,0.52210521697998002,1.3992418050766),(-0.110829010605812,0.52429670095443703,1.4022903442382799),(-0.166214749217033,0.421475529670715,1.3601648807525599),(-0.18550407886505099,0.46030646562576299,1.28060579299927),(-0.22490364313125599,0.568966925144196,1.25700175762177),(-0.15305760502815199,0.51278233528137196,1.3980785608291599),(-0.059993535280227703,0.38297951221466098,1.3933851718902599),(-0.13966140151023901,0.55080258846283003,1.24836373329163),(-0.159210994839668,0.64603614807128895,1.1938445568084699),(-0.22602115571498901,0.63961392641067505,1.2010700702667201),(-0.22017572820186601,0.59686660766601596,1.2841123342514),(-0.162505477666855,0.54319143295288097,1.2300008535385101),(-0.194916576147079,0.61602580547332797,1.3017107248306301),(-0.15177802741527599,0.60952907800674405,1.29965019226074),(-0.245188742876053,0.61740010976791404,0.97165161371231101),(-0.23811800777912101,0.63807660341262795,1.02284371852875),(-0.215413868427277,0.63658016920089699,1.0212388038635301),(-0.200012966990471,0.61840283870696999,1.0243046283721899),(-0.217710956931114,0.60786795616149902,0.97219449281692505),(-0.17507626116275801,0.62448859214782704,1.19454026222229),(-0.20371827483177199,0.620619297027588,1.198890209198),(-0.195544943213463,0.54428821802139304,1.2345943450927701),(-0.22666944563388799,0.66559702157974199,1.2079663276672401),(-0.15977160632610299,0.67042052745819103,1.2037215232849101),(-0.207798421382904,0.68418234586715698,1.21352970600128),(-0.25624865293502802,0.58399569988250699,0.99127632379531905),(-0.25666156411170998,0.59618002176284801,1.03420186042786),(-0.25442746281623801,0.62353110313415505,1.0279018878936801),(-0.19990673661232,0.59635931253433205,1.0297335386276201),(-0.21654276549816101,0.592512607574463,0.97704058885574296),(-0.21817463636398299,0.57654672861099199,1.03539383411407),(-0.230090662837029,0.57290983200073198,0.98787540197372403),(-0.24519465863704701,0.57225364446640004,0.994090676307678),(-0.24132485687732699,0.57769930362701405,1.03733670711517),(-0.25521266460418701,0.60704988241195701,0.97810149192810103),(-0.17866194248199499,0.60296946763992298,1.1724644899368299),(-0.19047793745994601,0.58602470159530595,1.1215916872024501),(-0.21424184739589699,0.59941864013671897,1.17674589157104),(-0.202610373497009,0.57619017362594604,1.0815401077270499),(-0.226271972060204,0.58764177560806297,1.1240156888961801),(-0.23472820222377799,0.57983833551406905,1.0830097198486299),(-0.219135671854019,0.68946474790573098,1.17848825454712),(-0.24221020936965901,0.66235375404357899,1.1783127784728999),(-0.222716569900513,0.67670530080795299,1.11912965774536),(-0.25026687979698198,0.63853770494461104,1.08004534244537),(-0.24805752933025399,0.65154325962066695,1.1221290826797501),(-0.22559721767902399,0.65955007076263406,1.07746386528015),(-0.240576356649399,0.62410694360732999,1.17816114425659),(-0.24981813132762901,0.61493563652038596,1.1241438388824501),(-0.25419312715530401,0.605798959732056,1.0823063850402801),(-0.155479565262794,0.63342237472534202,1.1690467596054099),(-0.163770511746407,0.61181992292404197,1.1181831359863299),(-0.17702378332614899,0.59760928153991699,1.0786883831024201),(-0.15813016891479501,0.67009562253952004,1.1716296672821001),(-0.16269102692604101,0.64959794282913197,1.11603307723999),(-0.17353801429271701,0.63115382194518999,1.07632827758789),(-0.184519559144974,0.69250667095184304,1.17598617076874),(-0.18016450107097601,0.68630641698837302,1.21155965328217),(-0.18752200901508301,0.67634832859039296,1.1165344715118399),(-0.193790853023529,0.65669250488281194,1.0758737325668299),(-0.048456750810146297,0.32744202017784102,1.09915518760681),(-0.057038318365812302,0.33872482180595398,0.95997267961502097),(0.0057979850098490698,0.52626961469650302,0.83086311817169201),(0.0083230575546622294,0.54501003026962302,0.91595083475112904),(-0.010282091796398199,0.33323869109153698,0.85717380046844505),(0.0089762192219495808,0.33386868238449102,0.82451587915420499),(0.0140725849196315,0.41531276702880898,0.80023723840713501),(0.017070358619093898,0.32396832108497597,0.72015422582626298),(0.0114997578784823,0.33855068683624301,0.77557134628295898),(-0.026332760229706799,0.31022867560386702,0.81208580732345603),(0.025168007239699398,0.38152748346328702,0.70286929607391402),(0.019306430593133,0.40127360820770303,0.755459904670715),(-0.072067424654960605,0.31898376345634499,0.829176545143127),(-0.066323943436145796,0.30314177274704002,0.74448758363723799),(-0.035027269273996402,0.53842532634735096,0.81435555219650302),(0.00167683826293796,0.48706734180450401,0.76789325475692705),(0.0114399893209338,0.45176854729652399,0.68897545337677002),(-0.117536060512066,0.35952827334403997,0.83760178089141801),(-0.116034060716629,0.33980032801628102,0.74682986736297596),(-0.14237783849239299,0.41239538788795499,0.83447992801666304),(-0.078794673085212694,0.52707839012145996,0.82131499052047696),(-0.010788808576762701,0.47295835614204401,0.68868434429168701),(-0.143066436052322,0.38823649287223799,0.74084031581878695),(-0.11368437856435799,0.46913111209869401,0.82345706224441495),(-0.109048686921597,0.43436673283576999,0.72110867500305198),(-0.116631656885147,0.48208582401275601,0.87665855884552002),(-0.069302432239055606,0.54562467336654696,0.87676930427551303),(-0.13927419483661699,0.42262658476829501,0.88137853145599399),(-0.0086563648656010593,0.55234360694885298,0.85446035861969005),(-0.11613406985998199,0.371949732303619,0.879816174507141),(-0.073553375899791704,0.33300057053566001,0.86694872379303001),(-0.0011292735580354901,0.50075131654739402,0.81042170524597201),(0.016074800863861999,0.40900647640228299,0.780514776706696),(-0.023713584989309301,0.32439532876014698,0.84478902816772505),(0.0081323739141225797,0.349967271089554,0.79986548423767101),(-0.073668152093887301,0.34185546636581399,0.89708983898162797),(-0.111107304692268,0.37648776173591603,0.91824382543563798),(-0.13146461546421101,0.425051540136337,0.92994940280914296),(-0.0599382854998112,0.54141438007354703,0.93099117279052701),(-0.109627723693848,0.47336006164550798,0.93788164854049705),(0.0092581715434789692,0.53310549259185802,0.95334786176681496),(-0.063011251389980302,0.34159496426582298,0.92415237426757801),(-0.055209502577781698,0.52828860282897905,0.965101838111877),(-0.10004198551177999,0.468770831823349,0.968053698539734),(-0.121956966817379,0.42157152295112599,0.95816230773925803),(-0.10205895453691501,0.37379261851310702,0.94409114122390703),(-0.025799442082643499,0.33528441190719599,0.905204176902771),(0.0248711407184601,0.37332895398139998,0.65955293178558305),(-0.0125052435323596,0.288198202848434,0.67480903863906905),(-0.015111081302166001,0.29471775889396701,0.73461210727691695),(-0.097661390900611905,0.41161251068115201,0.63083046674728405),(0.011725679039955099,0.43743777275085399,0.64159536361694303),(-0.10441188514232599,0.322147786617279,0.651969313621521),(-0.0608338341116905,0.46848598122596702,0.70169275999069203),(-0.0075481114909052797,0.45483928918838501,0.63425749540329002),(0.016671948134899101,0.317803144454956,0.672038733959198),(-0.059202756732702297,0.29178738594055198,0.66659700870513905),(-0.053106512874364901,0.44650751352310197,0.62917286157607999),(-0.0097807366400957108,0.42573097348213201,0.55900776386260997),(-0.090089350938796997,0.31440469622612,0.57618445158004805),(-0.128823086619377,0.365495175123215,0.63737869262695301),(-0.047207936644554097,0.41897058486938499,0.55517095327377297),(-0.014693674631416799,0.286055088043213,0.59519833326339699),(-0.053130812942981699,0.28873720765113797,0.58838552236556996),(-0.084041796624660506,0.38978591561317399,0.55775523185730003),(0.0078576216474175505,0.31057384610176098,0.59237551689147905),(-0.109955072402954,0.350878566503525,0.56398177146911599),(0.016427425667643498,0.35742399096489003,0.58134794235229503),(-0.085225440561771407,0.31016167998313898,0.52514636516571001),(-0.048654749989509603,0.39556503295898399,0.50474101305007901),(-0.021599616855382898,0.28692930936813399,0.54129642248153698),(-0.053962007164955098,0.289463490247726,0.53563791513443004),(-0.079860724508762401,0.37208250164985701,0.50835174322128296),(-0.0044130966998636697,0.30674761533737199,0.53824436664581299),(-0.10179533064365399,0.34052151441574102,0.51456564664840698),(0.0044142790138721501,0.410837382078171,0.56515890359878496),(0.0049261483363807201,0.34528073668479897,0.52807533740997303),(-0.00698078470304608,0.38853007555007901,0.51270598173141502),(-0.017397869378328299,0.305031448602676,0.464012861251831),(-0.0605928264558315,0.28750678896903997,0.46831235289573703),(-0.104036122560501,0.33516794443130499,0.44033789634704601),(-0.010276873596012599,0.342533379793167,0.44720566272735601),(-0.016967300325632099,0.40093660354614302,0.50720751285553001),(-0.022751443088054699,0.38441121578216603,0.42634359002113298),(-0.088586732745170593,0.30662029981613198,0.45583811402320901),(-0.05990045145154,0.38976851105690002,0.41927373409271201),(-0.032009989023208597,0.28590211272239702,0.47186854481697099),(-0.086093835532665294,0.36606630682945301,0.42754349112510698),(-0.050609230995178202,0.271011233329773,0.374662965536118),(-0.116562455892563,0.31787863373756398,0.34312596917152399),(-0.050928730517625802,0.37105330824852001,0.32356873154640198),(-0.032306808978319203,0.39599099755287198,0.41945505142211897),(-0.10063449293375,0.29045858979225198,0.35922768712043801),(-0.083778969943523393,0.374039977788925,0.31732645630836498),(-0.075134880840778406,0.27200585603714,0.37159606814384499),(-0.104040779173374,0.34930029511451699,0.32803010940551802),(-0.039638686925172799,0.29091539978981001,0.36541473865509),(-0.085704863071441706,0.18723694980144501,0.051903750747442197),(-0.084975317120552105,0.19095848500728599,0.075116835534572601),(-0.082524925470352201,0.208285301923752,0.069858700037002605),(-0.040607422590255703,0.224984556436539,0.0459817387163639),(-0.046161498874425902,0.228441312909126,0.066532701253891005),(-0.033067911863326999,0.206526383757591,0.0744770392775536),(-0.059951603412628202,0.23425889015197801,0.063120894134044606),(-0.070686496794223799,0.17362657189369199,0.079268313944339794),(-0.0737796351313591,0.22704687714576699,0.064418219029903398),(-0.063340902328491197,0.23195879161357899,0.042669393122196198),(-0.030604392290115402,0.18248596787452701,0.079668447375297505),(-0.0351619459688663,0.16539765894413,0.082933552563190502),(-0.0326110795140266,0.160537734627724,0.058797329664230298),(-0.050267688930034603,0.15445457398891399,0.0633677467703819),(-0.052138902246952099,0.16327445209026301,0.082373447716236101),(-0.083764225244522095,0.20640355348587,0.04787253215909),(-0.028114669024944298,0.20420059561729401,0.051164198666811003),(-0.039263695478439303,0.24844056367874101,0.29623612761497498),(-0.044553440064191797,0.222468361258507,0.21474960446357699),(-0.070827886462211595,0.24678461253643,0.29342213273048401),(-0.067742794752120999,0.22014331817627,0.21294943988323201),(-0.059894662350416197,0.18872457742691001,0.13650530576705899),(-0.036964032799005501,0.32875463366508501,0.34598952531814597),(-0.025449963286519099,0.26842257380485501,0.287472754716873),(-0.022104503586888299,0.30458608269691501,0.26912945508956898),(-0.035323135554790497,0.238099455833435,0.207903668284416),(-0.037773646414279903,0.22604738175868999,0.120968177914619),(-0.034566011279821403,0.26564273238182101,0.19385978579521199),(-0.108094625174999,0.31740012764930697,0.25230467319488498),(-0.0818121582269669,0.34302741289138799,0.24214684963226299),(-0.080377869307994801,0.29284015297889698,0.173896849155426),(-0.098535202443599701,0.27253320813178999,0.18193991482257801),(-0.073571935296058696,0.24716161191463501,0.105770856142044),(-0.10385077446699099,0.26166224479675299,0.28180253505706798),(-0.092791177332401303,0.23034593462944,0.204431802034378),(-0.079250432550907093,0.19660271704196899,0.12997816503047899),(-0.036720141768455498,0.20380985736846899,0.132085680961609),(-0.060701746493577999,0.38141217827796903,0.316012233495712),(-0.052105277776718098,0.35235649347305298,0.240859881043434),(-0.058801285922527299,0.30088096857070901,0.17260134220123299),(-0.060513496398925802,0.25295403599739102,0.104847267270088),(-0.124351397156715,0.286171734333038,0.26660946011543302),(-0.109053418040276,0.24829424917697901,0.193043097853661),(-0.092393390834331499,0.2105643004179,0.121059887111187),(-0.040408395230770097,0.34240567684173601,0.24739751219749501),(-0.049840871244669002,0.29372817277908297,0.17746143043041199),(-0.050813883543014499,0.248434498906136,0.108301050961018),(-0.0859665647149086,0.23043091595172899,0.112165339291096),(-0.279768526554108,0.56969422101974498,0.87189060449600198),(-0.274445980787277,0.58394110202789296,0.89101600646972701),(-0.261446952819824,0.58442324399948098,0.88520479202270497),(-0.26555612683296198,0.56239843368530296,0.99115014076232899),(-0.25358107686042802,0.55291908979415905,0.99338191747665405),(-0.26932546496391302,0.51810628175735496,0.90444165468215898),(-0.25951403379440302,0.52683478593826305,0.92865711450576804),(-0.26286286115646401,0.51595985889434803,0.93482691049575795),(-0.267543494701385,0.57293754816055298,0.97605097293853804),(-0.25506436824798601,0.61257195472717296,0.94377630949020397),(-0.26139238476753202,0.60125249624252297,0.95383977890014604),(-0.265118569135666,0.59026074409484897,0.96274155378341697),(-0.26326090097427401,0.54803192615509,0.88046169281005904),(-0.26022857427597001,0.56299465894699097,0.86847174167633101),(-0.25073367357254001,0.57581102848053001,0.88686704635620095),(-0.26629316806793202,0.53306907415390004,0.89245164394378695),(-0.26066377758979797,0.556729316711426,0.90470701456069902),(-0.25746735930442799,0.53480792045593295,0.92208689451217696),(-0.233927696943283,0.56172931194305398,0.96982872486114502),(-0.23025110363960299,0.57866740226745605,0.95699852705001798),(-0.241405233740807,0.55964314937591597,0.945035040378571),(-0.25049588084220897,0.57501834630966198,0.935827076435089),(-0.22759617865085599,0.59028136730194103,0.94861894845962502),(-0.23923611640930201,0.59573572874069203,0.917100369930267),(-0.22942820191383401,0.60450649261474598,0.94004309177398704),(-0.278660207986832,0.560677289962769,0.95793950557708696),(-0.27627205848693798,0.57760918140411399,0.94496786594390902),(-0.28513175249099698,0.55568009614944502,0.915904641151428),(-0.287203788757324,0.54030793905258201,0.92762637138366699),(-0.28850439190864602,0.54068446159362804,0.89633786678314198),(-0.27275618910789501,0.58981019258499101,0.93459469079971302),(-0.281139045953751,0.57023352384567305,0.90364652872085605),(-0.283371090888977,0.55492687225341797,0.88398033380508401),(-0.265135407447815,0.60386127233505205,0.92132818698883101),(-0.286575317382812,0.52408993244171098,0.938975811004639),(-0.28097990155219998,0.52330303192138705,0.97406822443008401),(-0.25558498501777599,0.51459604501724199,0.96962499618530296),(-0.26586058735847501,0.49901887774467502,0.96122747659683205),(-0.26509159803390497,0.50969755649566695,0.94469612836837802),(-0.29153665900230402,0.52572166919708296,0.90832781791687001),(-0.292468070983887,0.51003849506378196,0.91995030641555797),(-0.23610724508762401,0.54284363985061601,0.95618188381195102),(-0.27461466193199202,0.512434482574463,0.94493573904037498),(-0.25172525644302401,0.60471719503402699,0.91507649421691895),(-0.28338745236396801,0.51597052812576305,0.94789719581604004),(-0.28144162893295299,0.50625801086425803,0.91802096366882302),(-0.27544811367988598,0.51533585786819502,0.940565705299377),(-0.269052684307098,0.51504063606262196,0.97535449266433705),(-0.22972077131271401,0.61850184202194203,0.96654933691024802),(-0.24102531373500799,0.61321026086807295,0.93766254186630205),(-0.275632053613663,0.50035083293914795,0.96460926532745395),(-0.28415629267692599,0.50529181957244895,0.96442854404449496),(-0.311872899532318,0.46349701285362199,0.85415577888488803),(-0.31072121858596802,0.46917942166328402,0.84960234165191695),(-0.30671861767768899,0.46780693531036399,0.848901867866516),(-0.30475848913192699,0.472681164741516,0.85055357217788696),(-0.29858887195587203,0.483111411333084,0.86537569761276201),(-0.29329237341880798,0.481295496225357,0.86444884538650502),(-0.31315833330154402,0.46446695923805198,0.85996788740158103),(-0.30565357208251998,0.47620299458503701,0.87329345941543601),(-0.30388537049293501,0.48492744565010099,0.86630237102508501),(-0.30686065554618802,0.46230775117874101,0.85886597633361805),(-0.30048137903213501,0.47377350926399198,0.872858345508575),(-0.30056315660476701,0.46014857292175299,0.85776418447494496),(-0.29846084117889399,0.47052195668220498,0.84945178031921398),(-0.29861506819724998,0.51970660686492898,0.81978148221969604),(-0.29746356606483498,0.52538913488388095,0.81522804498672496),(-0.29346090555191001,0.52401673793792702,0.81452775001525901),(-0.29150062799453702,0.52889090776443504,0.81617939472198497),(-0.28639113903045699,0.53656095266342196,0.83035188913345304),(-0.281094700098038,0.53474491834640503,0.82942509651184104),(-0.29990053176879899,0.52067667245864901,0.82559359073638905),(-0.29345580935478199,0.52965247631072998,0.83826959133148204),(-0.29168769717216497,0.53837686777114901,0.83127850294113204),(-0.29360291361808799,0.51851749420166005,0.82449185848236095),(-0.28815925121307401,0.52783650159835804,0.83734285831451405),(-0.28520306944847101,0.52673166990280196,0.81507754325866699),(-0.28286275267601002,0.526020467281342,0.83641612529754605),(-0.305974870920181,0.49619102478027299,0.82379919290542603),(-0.30482324957847601,0.50187355279922496,0.81924575567245495),(-0.30082055926322898,0.50050109624862704,0.818545341491699),(-0.29886054992675798,0.50537520647048995,0.82019692659378096),(-0.29260241985321001,0.51527762413024902,0.83655834197998002),(-0.28730601072311401,0.51346170902252197,0.83563166856765703),(-0.30515807867050199,0.50753444433212302,0.82129883766174305),(-0.30726024508476302,0.49716106057167098,0.82961124181747403),(-0.29966714978218101,0.50836920738220204,0.84447622299194303),(-0.30096271634101901,0.49500182271003701,0.82850933074951205),(-0.29437068104744002,0.50655323266982999,0.84354937076568604),(-0.29466497898101801,0.49284264445304898,0.82740753889083896),(-0.29256287217140198,0.50321608781814597,0.81909507513046298),(-0.31140038371086098,0.47571313381195102,0.83291769027710005),(-0.31024876236915599,0.48139554262161299,0.82836425304412797),(-0.30624631047248801,0.48002314567565901,0.82766389846801802),(-0.30428591370582603,0.48489725589752197,0.82931554317474399),(-0.29730799794197099,0.49665898084640497,0.84614926576614402),(-0.291485816240311,0.49466264247894298,0.84513062238693204),(-0.312685877084732,0.476683109998703,0.83872985839843806),(-0.30507376790046697,0.48906475305557301,0.854852974414825),(-0.30313017964363098,0.49865517020225503,0.847168028354645),(-0.30638837814331099,0.47452381253242498,0.83762794733047496),(-0.29925158619880698,0.48706847429275502,0.85383427143096902),(-0.30009073019027699,0.47236466407775901,0.83652609586715698),(-0.29798841476440402,0.482738077640533,0.828213691711426),(-0.27200108766555797,0.51332420110702504,0.89852029085159302),(-0.27235788106918302,0.50314342975616499,0.91643154621124301),(-0.29320099949836698,0.50459045171737704,0.91368901729583696),(-0.28433042764663702,0.50042366981506303,0.91294288635253895),(-0.29016861319541898,0.51955324411392201,0.90169906616210904),(-0.281084835529327,0.51643872261047397,0.90010970830917403),(-0.27840927243232699,0.521220803260803,0.90603101253509499),(-0.26891651749610901,0.528550565242767,0.88631319999694802),(-0.29011633992195102,0.51981675624847401,0.90148192644119296),(-0.28103268146514898,0.51670229434966997,0.89989244937896695),(-0.28708410263061501,0.53477954864501998,0.88949185609817505),(-0.27800032496452298,0.53166502714157104,0.88790249824523904),(-0.275376796722412,0.53618365526199296,0.89404106140136697),(-0.268871009349823,0.52876716852188099,0.88614791631698597),(-0.26583868265152,0.54372996091842696,0.87415790557861295),(-0.287038713693619,0.53499615192413297,0.889326572418213),(-0.27795487642288202,0.53188163042068504,0.88773721456527699),(-0.27492257952690102,0.546844482421875,0.87574720382690396),(-0.272344499826431,0.55114644765853904,0.88205116987228405),(-0.265784472227097,0.54397624731063798,0.87398576736450195),(-0.262752175331116,0.55893909931182895,0.86199581623077404),(-0.28395193815231301,0.55020529031753496,0.87716460227966297),(-0.27486833930015597,0.54709070920944203,0.87557512521743797),(-0.27183586359023998,0.56205356121063199,0.86358517408371005),(-0.26931226253509499,0.56610918045043901,0.87006109952926602),(-0.2809197306633,0.56516808271408103,0.86517459154128995),(-0.284006327390671,0.54995894432067904,0.87733662128448497),(-0.27194872498512301,0.51358777284622203,0.89830327033996604),(-0.27503341436386097,0.49836134910583502,0.91051030158996604),(-0.293429344892502,0.48507228493690502,0.85281556844711304),(-0.31058365106582603,0.48705652356147799,0.83041751384735096),(-0.30224359035491899,0.47865077853202798,0.82696360349655196),(-0.30339527130126998,0.472968369722366,0.83151692152023304),(-0.28907394409179699,0.50473725795745805,0.84262275695800803),(-0.29789912700653098,0.51709371805190996,0.83748513460159302),(-0.29681780934333801,0.499128788709641,0.81784504652023304),(-0.297969400882721,0.49344637989997903,0.82239848375320401),(-0.28730529546737699,0.51635825634002697,0.82338994741439797),(-0.29779818654060403,0.53105002641677901,0.81728124618530296),(-0.28945824503898598,0.52264446020126298,0.81382751464843806),(-0.29060980677604697,0.51696205139160201,0.81838089227676403),(-0.295060485601425,0.47257110476493802,0.87143999338150002),(-0.31105610728263899,0.47484040260314903,0.85165554285049405),(-0.30787017941474898,0.46212455630302401,0.85345536470413197),(-0.30271598696708701,0.46643465757370001,0.84820163249969505),(-0.24042765796184501,0.55386298894882202,0.98717492818832397),(-0.28633174300193798,0.50606876611709595,0.89044326543807995),(-0.29357463121414201,0.50855201482772805,0.89171046018600497),(-0.29221194982528698,0.49567544460296598,0.87720203399658203),(-0.29967871308326699,0.498235613107681,0.87850850820541404),(-0.281506717205048,0.491654872894287,0.89873611927032504),(-0.29487979412078902,0.48251143097877502,0.88775056600570701),(-0.28723788261413602,0.48081645369529702,0.88575094938278198),(-0.27908894419670099,0.50358539819717396,0.88917589187622104),(-0.28474539518356301,0.49311551451683,0.87589550018310502),(-0.288919538259506,0.49329915642738298,0.90067571401596103),(-0.29599252343177801,0.49662145972251898,0.90127062797546398),(-0.30217108130455,0.48593655228614802,0.888363897800446),(-0.28354194760322599,0.52114701271057096,0.87684029340743996),(-0.29081225395202598,0.52363961935043302,0.87811231613159202),(-0.29052072763442999,0.50951790809631303,0.85974335670471203),(-0.29852125048637401,0.51226103305816695,0.86114329099655196),(-0.28596904873848,0.50917160511016801,0.88643640279769897),(-0.27869883179664601,0.50667887926101696,0.88516438007354703),(-0.28519082069397,0.49359601736068698,0.86890381574630704),(-0.29319140315055803,0.496339201927185,0.87030375003814697),(-0.27627182006835899,0.51865434646606401,0.87556815147399902),(-0.28252008557319602,0.50677472352981601,0.85834348201751698),(-0.293239265680313,0.51166427135467496,0.88770848512649503),(-0.301191926002502,0.49908232688903797,0.87170356512069702),(-0.28735047578811601,0.53895395994186401,0.86586529016494795),(-0.29326194524764998,0.52963906526565596,0.85174250602722201),(-0.280388474464417,0.53656691312789895,0.86464715003967296),(-0.28608515858650202,0.52717840671539296,0.85048681497573897),(-0.28271242976188699,0.525099337100983,0.87383639812469505),(-0.27575066685676602,0.52271234989166304,0.87261825799942005),(-0.281304031610489,0.51289594173431396,0.85870397090911899),(-0.28848090767860401,0.51535665988922097,0.85995978116989102),(-0.27342662215232799,0.53417992591857899,0.86342912912368797),(-0.27890822291374201,0.52471768856048595,0.84923106431961104),(-0.28967452049255399,0.52748638391494795,0.87505453824996904),(-0.29565784335136402,0.51781737804412797,0.86121547222137496),(-0.27644374966621399,0.55338740348815896,0.85423237085342396),(-0.28325504064559898,0.55572265386581399,0.85542404651641801),(-0.28097876906394997,0.54621702432632402,0.84236317873001099),(-0.28800028562545799,0.54862451553344704,0.843591749668121),(-0.27871745824813798,0.54216790199279796,0.86322271823883101),(-0.271906197071075,0.53983241319656405,0.86203098297119096),(-0.28332284092903098,0.53465104103088401,0.85163122415542603),(-0.27630114555358898,0.53224372863769498,0.85040265321731601),(-0.269632428884506,0.55105197429657005,0.85304063558578502),(-0.27395725250244102,0.54380959272384599,0.84113466739654497),(-0.28552874922752403,0.54450309276580799,0.86441445350646995),(-0.29034441709518399,0.53705847263336204,0.85285973548889205),(-0.30386757850647,0.46075224876403797,0.85275512933731101),(-0.294612437486649,0.51833420991897605,0.81908118724822998),(-0.30197212100028997,0.49481865763664201,0.82309877872466997),(-0.30739787220954901,0.47434073686599698,0.83221733570098899),(-0.29940193891525302,0.46771568059921298,0.92257153987884499),(-0.29457530379295299,0.46606084704399098,0.92172700166702304),(-0.29492488503456099,0.46120473742485002,0.92924487590789795),(-0.28488391637802102,0.46960407495498702,0.92033874988555897),(-0.29247802495956399,0.47220787405967701,0.92166751623153698),(-0.28571629524231001,0.48615822196006803,0.93297648429870605),(-0.300072401762009,0.47481170296669001,0.92299628257751498),(-0.30071067810058599,0.465946644544601,0.93672001361846902),(-0.29264017939567599,0.48089224100112898,0.94563615322113004),(-0.29311645030975297,0.463342815637589,0.93539124727249101),(-0.286290913820267,0.47817802429199202,0.94533044099807695),(-0.27932938933372498,0.48396837711334201,0.93185901641845703),(-0.27986606955528298,0.476512432098389,0.943401098251343),(-0.28552222251892101,0.46073904633522,0.934062480926514),(-0.29210340976715099,0.48834815621375999,0.93409395217895497),(-0.28974857926368702,0.46440592408180198,0.92088252305984497),(-0.27930256724357599,0.50148612260818504,0.93959754705429099),(-0.288306415081024,0.50457316637039196,0.94117295742034901),(-0.280112564563751,0.49023628234863298,0.95701301097869895),(-0.27105534076690702,0.48788812756538402,0.95429325103759799),(-0.27029857039451599,0.49839901924133301,0.93802225589752197),(-0.28906321525573703,0.49406248331069902,0.95744419097900402),(-0.29975166916847201,0.46285966038703902,0.93008929491043102),(-0.29009819030761702,0.45954972505569502,0.928400158882141),(-0.00034567128750495602,0.457946687936783,1.6981683969497701),(-0.00326303299516439,0.48239600658416698,1.6863197088241599),(-0.019844861701130902,0.47396770119667098,1.6838296651840201),(-0.0149949351325631,0.447394579648972,1.6966090202331501),(-0.039391908794641502,0.45024985074996898,1.6723062992095901),(-0.028021432459354401,0.431612998247147,1.6914317607879601),(-0.049246225506067297,0.41326829791068997,1.6565650701522801),(-0.0280214250087738,0.36722141504287698,1.6670347452163701),(-0.037246707826852798,0.39941719174385099,1.67923331260681),(-0.0134895090013742,0.35283786058425898,1.6588978767395),(-0.037341739982366597,0.371722251176834,1.64082396030426),(0.0023717831354588301,0.34337034821510298,1.65599465370178),(0.00282283616252244,0.337574243545532,1.62594437599182),(0.0023485640995204401,0.33985179662704501,1.5057346820831301),(0.00027046154718846099,0.33998587727546697,1.47263443470001),(0.0020332313142716902,0.326558947563171,1.55438828468323),(0.0022062484640628099,0.33777520060539201,1.5917334556579601),(-0.019904876127839099,0.35571268200874301,1.51189661026001),(-0.036593351513147403,0.38099426031112699,1.5235800743103001),(-0.0344673059880733,0.38587722182273898,1.49594283103943),(-0.018839297816157299,0.34624385833740201,1.5584031343460101),(-0.0430700406432152,0.37427619099616999,1.5675289630889899),(-0.0160874519497156,0.35404637455940202,1.59576392173767),(-0.039955321699380902,0.37374436855316201,1.6047118902206401),(-0.015441860072314699,0.35269618034362799,1.62930047512054),(-0.0502123311161995,0.42859375476837203,1.5416125059127801),(-0.044926416128873797,0.43349558115005499,1.5168927907943699),(-0.0577354170382023,0.42545768618583701,1.58319735527039),(-0.0537516437470913,0.42189288139343301,1.6229547262191799),(-0.038642540574073798,0.47153985500335699,1.5596448183059699),(-0.035487655550241498,0.46993637084960899,1.5298163890838601),(-0.045156132429838201,0.471994668245316,1.6025892496109),(-0.042041428387165097,0.46539688110351601,1.64119744300842),(-0.022442253306508099,0.50173783302307096,1.57178771495819),(-0.021457269787788402,0.48806416988372803,1.5360914468765301),(-0.025276171043515198,0.499995946884155,1.6167851686477701),(-0.021534150466322899,0.49213126301765397,1.65455222129822),(-0.00084823719225823901,0.513469219207764,1.57727670669556),(0.00035222433507442501,0.49881485104560902,1.5400182008743299),(-0.0039697475731372799,0.51159590482711803,1.6224677562713601),(-0.0041961129754781697,0.50230562686920199,1.65897905826569),(-0.019095884636044499,0.36021918058395402,1.4836094379425),(-0.0307889692485332,0.41138875484466603,1.48857975006104),(0.00212523969821632,0.368662059307098,1.6807599067687999),(-0.014201320707798001,0.42907345294952398,1.69727230072021),(0.00046722684055566799,0.42916283011436501,1.7009037733078001),(0.019779905676841701,0.42925217747688299,1.7028899192810101),(0.00051927426829934098,0.39962601661682101,1.6959273815155),(-0.010885295458137999,0.369945198297501,1.67883276939392),(-0.0140972193330526,0.40093651413917503,1.6936568021774301),(-0.0264203473925591,0.187821730971336,0.0543577037751675),(-0.018282352015376101,0.195442155003548,0.0052467533387243696),(-0.076542645692825304,0.22589048743248,0.043698966503143297),(-0.081360839307308197,0.231143549084663,-0.0054098893888294697),(-0.073039583861827906,0.047853272408247001,0.014042624272406099),(-0.073026187717914595,0.060617912560701398,0.016443898901343301),(-0.077213928103447002,0.059912659227848102,0.00888593588024378),(-0.072820231318473802,0.043730799108743702,-0.0093973223119974102),(-0.073236323893070193,0.057837177067995099,-0.0100477142259479),(-0.060720734298229197,0.058012291789054898,-0.0130187189206481),(0.0054802554659545404,0.048236444592475898,0.021837700158357599),(-0.00032354099676012998,0.065444163978099795,0.0263685807585716),(-0.018396150320768401,0.064459979534149198,0.027219040319323502),(-0.088732048869132996,0.17748598754406,-0.027551883831620199),(-0.078726381063461304,0.18809799849986999,-0.034356020390987403),(-0.069559007883071899,0.131772235035896,-0.019907029345631599),(-0.093702346086502103,0.18306066095828999,0.0045197778381407304),(-0.0206638425588608,0.11361123621463801,0.035846903920173603),(-0.010256676003336899,0.11001746356487301,0.0145011050626636),(-0.089093483984470395,0.21915555000305201,-0.00339141953736544),(-0.087487369775772095,0.21007710695266699,-0.033494457602500902),(-0.078070849180221599,0.21828836202621499,-0.034852907061576802),(-0.016796573996543902,0.14719291031360601,0.013936585746705501),(-0.036628335714340203,0.195615708827972,-0.034030087292194401),(-0.046701051294803599,0.223916575312614,-0.0340511612594128),(-0.0341269709169865,0.21599470078945199,-0.03189866989851),(-0.057257514446973801,0.22504459321498901,-0.034713108092546498),(-0.067571714520454407,0.223130613565445,-0.035326909273862797),(-0.0507991909980774,0.19945348799228699,-0.035290315747260999),(-0.0316822156310081,0.138026103377342,-0.0195804163813591),(-0.024194834753870999,0.19065628945827501,-0.0269056838005781),(-0.053827680647373199,0.134581863880157,-0.0197847913950682),(-0.064664997160434695,0.19697743654251099,-0.035397488623857498),(-0.060600537806749302,0.050770632922649397,0.0178399588912725),(-0.060444947332143797,0.061687812209129299,0.0205322708934546),(-0.042081765830516801,0.046153780072927503,0.021489676088094701),(-0.043941926211118698,0.062832765281200395,0.023901145905256299),(-0.0262081772089005,0.044875442981719998,0.021960051730275199),(-0.029948852956295,0.063661135733127594,0.025522537529468502),(-0.0115245785564184,0.044283550232648801,0.022305810824036602),(-0.0098385848104953801,0.040325984358787502,-0.0075729163363575901),(-0.014398266561329399,0.060224089771509198,-0.0108158141374588),(0.00192330556456,0.061984844505786903,-0.00378611823543906),(-0.0241177696734667,0.039583913981914499,-0.0082054091617465002),(-0.0281064063310623,0.059577014297246898,-0.011404803022742299),(-0.043268878012895598,0.058854952454566997,-0.012109687551855999),(-0.039959792047739001,0.040756765753030798,-0.0092646609991788899),(-0.033624421805143398,0.229036465287209,-0.0028721026610583102),(-0.045661300420761101,0.23749998211860701,-0.0050640180706977801),(-0.059240467846393599,0.24030344188213301,-0.0064284708350896801),(-0.067489132285118103,0.23879893124103499,-0.0065209148451685897),(0.012383420951664399,0.00242098583839834,0.0140058053657413),(0.00053997605573385997,0.00030537048587575598,0.013913361355662301),(0.00085034547373652502,-0.000256627914495766,0.0078531932085752505),(-0.0018925510812550801,0.00606433162465692,-0.00200453563593328),(-0.0023617092519998598,0.0069138007238507297,0.0071555594913661497),(-0.0063355900347232801,0.019916998222470301,0.00707625737413764),(0.0128877693787217,0.010571110062301201,0.016437893733382201),(0.011678268201649199,0.024141829460859299,0.017104147002100899),(-0.0068417931906878896,0.020833563059568402,0.0169597025960684),(0.0154754752293229,0.010100110433995699,0.0072945654392242397),(0.014363883063197099,0.023614637553691899,0.0072379210032522696),(-0.00582941481843591,0.0190004333853722,-0.00280707469210029),(0.0126907033845782,0.022308755666017501,-0.0026626312173903001),(-0.064386375248432201,0.0167670547962189,0.0059425742365419899),(-0.064143836498260498,0.016328003257513001,0.00120811385568231),(-0.057022713124752003,0.0176000688225031,0.00126373872626573),(-0.069990053772926303,0.0243594571948051,0.00037430683732964098),(-0.072191514074802399,0.030355503782630001,0.00059929880080744602),(-0.069653831422328893,0.029876461252570201,-0.0085357595235109295),(-0.056609336286783198,0.0276136267930269,0.0089620659127831494),(-0.057697236537933301,0.0338770337402821,0.0098671317100524902),(-0.070591196417808505,0.031573727726936299,0.0097665311768651009),(-0.056175000965595197,0.0268272310495377,0.00048204467748291801),(-0.057228516787290601,0.033028360456228298,0.000715873204171658),(-0.055740680545568501,0.0260408353060484,-0.0079980902373790706),(-0.067544415593147306,0.023932300508022301,-0.0080900806933641399),(-0.047665338963270201,0.0070528350770473498,0.0083415824919939006),(-0.047422844916582101,0.0066138114780187598,0.00360734830610454),(-0.040301740169525098,0.0078858770430088009,0.0036628597881644999),(-0.050823412835597999,0.014218052849173501,-0.0056911860592663297),(-0.051257707178592703,0.0150044476613402,0.00278872204944491),(-0.053547278046607999,0.0232973732054234,0.0033062261063605499),(-0.051692042499780697,0.015790844336152101,0.0112686296924949),(-0.039888303726911503,0.0178993791341782,0.0113608473911881),(-0.040307305753231,0.026594819501042401,0.012564316391944901),(-0.0394539833068848,0.0171129833906889,0.00288082589395344),(-0.039838615804910701,0.0257461704313755,0.0034131708089262199),(-0.039019677788019201,0.0163265876471996,-0.0055990819819271599),(-0.053078573197126402,0.0224487241357565,-0.0058448058553040002),(-0.031420547515153899,0.00320171704515815,0.0096523361280560493),(-0.031178094446659099,0.0027626655064523198,0.0049181021749973297),(-0.024056918919086501,0.00403473107144237,0.0049736136570572896),(-0.0345786474645138,0.010366963222622899,-0.0043802056461572604),(-0.035012971609830898,0.0111533580347896,0.0040997024625539797),(-0.036889445036649697,0.021799465641379401,0.0044223493896424796),(-0.035447292029857601,0.0119397537782788,0.012579723261296701),(-0.023643555119633699,0.0140482885763049,0.0126717146486044),(-0.024340353906154601,0.0249735396355391,0.013675115071237099),(-0.023209232836961701,0.0132618928328156,0.0041918060742318604),(-0.023871676996350299,0.0241248924285173,0.0045238560996949699),(-0.036420740187168101,0.020950818434357601,-0.0047286828048527197),(-0.0234029870480299,0.023276215419173199,-0.0046272892504930496),(-0.0151063939556479,0.00074062682688236204,0.010722350329160701),(-0.0148639129474759,0.00030154699925333299,0.0059880032204091497),(-0.0077427951619029002,0.00157366914208978,0.0060435147024691096),(-0.018264451995491999,0.0079058725386858004,-0.00331030460074544),(-0.01869878731668,0.0086922682821750606,0.0051696035079657997),(-0.020873852074146299,0.021099509671330501,0.0053323996253311599),(-0.0073293894529342703,0.011587198823690401,0.013741502538323401),(-0.0088300015777349507,0.024183236062526699,0.014581087045371499),(-0.021342542022466701,0.021948128938674899,0.014483544975519199),(-0.0068950532004237201,0.0108008030802011,0.0052617075853049798),(-0.0083613386377692205,0.0233346167951822,0.0054299416951835199),(-0.0064607318490743602,0.0100143793970346,-0.0032184270676225402),(-0.020405160263180702,0.0202508326619864,-0.0038188588805496701),(-3.0092390801428297E-08,-2.8322249434609098E-08,0.),(-0.00039639996248297399,0.00071768579073250305,0.0077396775595843801),(-0.0028308106120675798,0.0077632418833673,0.016315314918756499),(-0.00079279817873612003,0.0014353432925418,0.015479015186428999),(0.013150189071893701,0.0039260303601622599,0.0155877731740475),(0.013546573929488701,0.0032082877587527002,0.0078483214601874404),(0.0138260573148727,0.0088721998035907693,-0.0018819568213075399),(0.0139429857954383,0.0024906019680201999,0.000108870728581678),(-0.065296761691570296,0.016835708171129199,-0.0056888069957494701),(-0.065643198788166005,0.0174629334360361,0.00107465940527618),(-0.068413056433200795,0.025505091995000801,0.0088698491454124503),(-0.065989620983600603,0.018090156838297799,0.0078382389619946497),(-0.056331496685743297,0.019815435633063299,0.0079135764390230196),(-0.055985115468502003,0.019188182428479202,0.0011498833773657699),(-0.055638689547777197,0.018560986965894699,-0.0056134699843823901),(-0.048575758934021003,0.0071215163916349402,-0.0032899125944823001),(-0.048922155052423498,0.0077487407252192497,0.0034736671950668101),(-0.049268577247857999,0.0083759939298033697,0.0102373603731394),(-0.0396105051040649,0.010101187042892,0.0103124706074595),(-0.0392641127109528,0.0094739906489849108,0.0035491178277880001),(-0.038917686790227897,0.0088467374444007908,-0.0032145753502845799),(-0.032331023365259198,0.0032704267650842701,-0.0019789321813732399),(-0.032677404582500499,0.0038975947536528102,0.0047844210639596003),(-0.033023800700902897,0.0045248474925756498,0.011548000387847399),(-0.023365741595625902,0.0062500974163412996,0.0116234514862299),(-0.0230193194001913,0.0056228162720799403,0.0048597580753266803),(-0.022774940356612199,0.0124754691496491,-0.0042883283458650103),(-0.022672910243272799,0.0049956482835114002,-0.00190370832569897),(-0.0160168260335922,0.00080930825788527695,-0.00090914423344656803),(-0.016363222151994702,0.00143656111322343,0.0058544357307255303),(-0.0191331095993519,0.0094786351546645199,0.0136495111510158),(-0.0167096462100744,0.0020637291017919801,0.0126179018989205),(-0.0070515763945877604,0.0037890071980655202,0.0126933520659804),(-0.0067051667720079396,0.0031618110369890898,0.0059297727420926103),(-0.0063587292097508899,0.00253455806523561,-0.00083392031956464096),(0.00116071477532387,-0.00081859796773642302,0.0017931382171809699),(0.012693804688751699,0.0018590157851576801,0.0079456372186541592),(0.013004202395677599,0.0012970174429938199,0.0018854688387364099),(-0.063901364803314195,0.0158889517188072,-0.0035260068252682699),(-0.057265181094408001,0.018039120361208898,0.0059980861842632302),(-0.0567802339792252,0.017161073163151699,-0.0034703819546848501),(-0.047180365771055201,0.0061747319996356999,-0.0011269989190623201),(-0.040544193238019902,0.0083249006420373899,0.0083970939740538597),(-0.040059246122837101,0.0074468255043029803,-0.0010713740484789001),(-0.030935600399971001,0.00232358556240797,0.00018375476065557499),(-0.024299412965774501,0.0044737826101481897,0.0097079612314701098),(-0.023814452812075601,0.0035956511273980102,0.000239379645790905),(-0.014621445909142499,-0.00013744787429459401,0.0012537693837657599),(-0.0079852472990751301,0.0020126923918724099,0.010777861811220601),(-0.0075002713128924396,0.0011346176033839601,0.00130928098224103),(-0.0096776150166988407,0.037010610103607199,-0.0042694089934229903),(-0.022898878902196902,0.034648872911930098,-0.0043725022114813302),(-0.011145343072712401,0.040871329605579397,0.0176684390753508),(-0.0105572454631329,0.039315670728683499,0.0088329166173934902),(-0.0106670940294862,0.042075790464878103,0.0097380960360169393),(-0.023865105584263802,0.037243332713842399,0.0103453248739243),(-0.025147791951894798,0.042007077485323001,0.0056980969384312604),(-0.0082164136692881602,0.029634136706590701,-0.0025783441960811602),(0.0077006914652883998,0.042417526245117201,-0.0059028100222349202),(0.0093122413381934201,0.0355846397578716,0.0200691465288401),(0.0129590993747115,0.034219931811094298,0.0093683199957013095),(0.0098567511886358296,0.047413907945156097,0.0116181261837482),(-0.0090638156980276108,0.031778894364833797,0.0096484841778874397),(-0.024401685222983398,0.036170430481433903,-0.0047104433178901698),(-0.038633447140455197,0.033628169447183602,-0.0048215799033641798),(-0.025367898866534198,0.0387649163603783,0.0100074969232082),(-0.025869386270642301,0.040031149983406102,0.017227292060852099),(-0.040101174265146297,0.037488859146833399,0.017116269096732101),(-0.039599660784006098,0.036222685128450401,0.0098963603377342207),(-0.040961448103189503,0.0430851094424725,0.0041093318723142104),(-0.040112916380167001,0.035612709820270497,-0.0052427882328629502),(-0.055726490914821597,0.032823588699102402,-0.0053646871820092201),(-0.058589316904544803,0.045686505734920502,-0.011146278120577301),(-0.0410791151225567,0.038207165896892499,0.0094750383868813497),(-0.041560735553503002,0.039406899362802499,0.016323585063219102),(-0.054015967994928402,0.024145964533090598,0.0124573716893792),(-0.056692730635404601,0.0354181043803692,0.0093532530590891803),(-0.059792447835206999,0.0486881136894226,0.0059863040223717698),(-0.057351324707269703,0.036488346755504601,-0.0065996507182717297),(-0.071335531771183,0.033990297466516502,-0.0067086345516145203),(-0.058702182024717303,0.039958558976650203,0.0131581770256162),(-0.058137066662311603,0.038479711860418299,0.0047513404861092602),(-0.072686433792114299,0.0374605357646942,0.013049306347966199),(-0.074247978627681704,0.0356017462909222,0.0046255895867943798),(-0.076313309371471405,0.046681780368089697,0.0096186893060803396),(-0.0567598566412926,0.032179713249206501,-0.0084352726116776501),(-0.057174295186996502,0.036617778241634397,0.0162016861140728),(-0.0393699221313,0.024897523224353801,-0.0057379743084311503),(-0.037358094006776803,0.022648112848401101,0.0135733811184764),(-0.0092629771679639799,0.032688975334167501,0.020368454977870001),(0.010825655423104799,0.0316764526069164,-0.0021726563572883602),(-0.024366607889533001,0.038509506732225397,0.017565006390214001),(-0.0078926617279648798,0.022485939785838099,-0.0037213170435279599),(-0.020860569551587101,0.14213785529136699,-0.0043794126249849796),(-0.012876427732408,0.10641184449195901,0.0031483012717217198),(-0.085284255445003496,0.14430627226829501,0.0117842080071568),(-0.080176882445812198,0.131217941641808,-0.0126275317743421),(-0.075948409736156505,0.094258092343807207,-0.0097062615677714296),(-0.074865385890007005,0.105196610093117,0.028718080371618299),(-0.080583408474922194,0.099234461784362807,0.0116476947441697),(-0.078898876905441298,0.079573161900043501,0.0102651156485081),(-0.048252727836370503,0.097238481044769301,-0.013497137464582899),(-0.039957519620657002,0.13705901801586201,-0.019677279517054599),(-0.033561710268259,0.099526889622211498,-0.0128307724371552),(-0.0245474111288786,0.100323356688023,-0.012230226770043401),(-0.037630788981914499,0.112503819167614,0.041233003139495801),(-0.026599343866109799,0.11430931836366701,0.04060934856534),(-0.047539249062538098,0.11089100688695901,0.040134668350219699),(-0.072138808667659801,0.16659598052501701,0.060318801552057301),(-0.065270282328128801,0.108475729823112,0.035906720906495999),(-0.00320964911952615,0.085700891911983504,0.013259457424283),(-0.0057714814320206599,0.082665622234344496,-0.0015893313102424099),(-0.042654689401388203,0.1909039914608,0.137601673603058),(0.0045849736779928199,0.063919462263584095,0.0115980748087168),(-0.0100868577137589,0.088493183255195604,0.0313169322907925),(-0.074592687189578996,0.076047547161579104,-0.0098774414509534801),(-0.062818109989166301,0.076327793300151797,-0.0136355767026544),(-0.045761067420244203,0.078047350049018901,-0.0128009766340256),(-0.030833952128887201,0.079552583396434798,-0.012115691788494601),(-0.017354883253574399,0.080908030271530207,-0.011520924977958201),(-0.0224968008697033,0.089384563267231001,0.033915441483259201),(-0.033789504319429398,0.088082335889339405,0.033379357308149303),(-0.045740716159343699,0.086861632764339405,0.032019209116697298),(-0.062858030200004605,0.085081115365028395,0.028218137100338901),(-0.073946148157119806,0.082906588912010207,0.022579176351428001),(-0.064914636313915294,0.094642788171768202,-0.0142540214583278),(0.111521616578102,0.610623359680176,0.018146518617868399)),$);
#4162=IFCINDEXEDPOLYGONALFACE((1,2,3));
#4163=IFCINDEXEDPOLYGONALFACE((4,2,1));
#4164=IFCINDEXEDPOLYGONALFACE((5,6,7));
#4165=IFCINDEXEDPOLYGONALFACE((6,8,9));
#4166=IFCINDEXEDPOLYGONALFACE((10,11,12));
#4167=IFCINDEXEDPOLYGONALFACE((13,14,15));
#4168=IFCINDEXEDPOLYGONALFACE((16,17,18));
#4169=IFCINDEXEDPOLYGONALFACE((19,20,21));
#4170=IFCINDEXEDPOLYGONALFACE((22,23,24));
#4171=IFCINDEXEDPOLYGONALFACE((14,25,24));
#4172=IFCINDEXEDPOLYGONALFACE((26,27,28));
#4173=IFCINDEXEDPOLYGONALFACE((29,30,31));
#4174=IFCINDEXEDPOLYGONALFACE((32,33,34));
#4175=IFCINDEXEDPOLYGONALFACE((35,34,11));
#4176=IFCINDEXEDPOLYGONALFACE((36,28,37));
#4177=IFCINDEXEDPOLYGONALFACE((38,31,39));
#4178=IFCINDEXEDPOLYGONALFACE((34,33,40));
#4179=IFCINDEXEDPOLYGONALFACE((41,5,42));
#4180=IFCINDEXEDPOLYGONALFACE((43,37,44));
#4181=IFCINDEXEDPOLYGONALFACE((45,39,46));
#4182=IFCINDEXEDPOLYGONALFACE((47,40,48));
#4183=IFCINDEXEDPOLYGONALFACE((49,50,51));
#4184=IFCINDEXEDPOLYGONALFACE((52,44,53));
#4185=IFCINDEXEDPOLYGONALFACE((54,46,55));
#4186=IFCINDEXEDPOLYGONALFACE((48,56,57));
#4187=IFCINDEXEDPOLYGONALFACE((4,51,57));
#4188=IFCINDEXEDPOLYGONALFACE((58,53,59));
#4189=IFCINDEXEDPOLYGONALFACE((55,60,61));
#4190=IFCINDEXEDPOLYGONALFACE((57,56,62));
#4191=IFCINDEXEDPOLYGONALFACE((2,57,63));
#4192=IFCINDEXEDPOLYGONALFACE((64,65,66));
#4193=IFCINDEXEDPOLYGONALFACE((64,67,68));
#4194=IFCINDEXEDPOLYGONALFACE((69,68,7));
#4195=IFCINDEXEDPOLYGONALFACE((70,71,72));
#4196=IFCINDEXEDPOLYGONALFACE((73,7,9));
#4197=IFCINDEXEDPOLYGONALFACE((74,9,75));
#4198=IFCINDEXEDPOLYGONALFACE((76,77,64));
#4199=IFCINDEXEDPOLYGONALFACE((78,74,79));
#4200=IFCINDEXEDPOLYGONALFACE((80,65,64));
#4201=IFCINDEXEDPOLYGONALFACE((78,81,73));
#4202=IFCINDEXEDPOLYGONALFACE((81,76,69));
#4203=IFCINDEXEDPOLYGONALFACE((82,70,83));
#4204=IFCINDEXEDPOLYGONALFACE((6,84,85));
#4205=IFCINDEXEDPOLYGONALFACE((41,84,6));
#4206=IFCINDEXEDPOLYGONALFACE((41,86,87));
#4207=IFCINDEXEDPOLYGONALFACE((84,87,88));
#4208=IFCINDEXEDPOLYGONALFACE((89,90,4));
#4209=IFCINDEXEDPOLYGONALFACE((91,92,11));
#4210=IFCINDEXEDPOLYGONALFACE((93,94,86));
#4211=IFCINDEXEDPOLYGONALFACE((90,95,51));
#4212=IFCINDEXEDPOLYGONALFACE((85,90,89));
#4213=IFCINDEXEDPOLYGONALFACE((41,92,91));
#4214=IFCINDEXEDPOLYGONALFACE((67,96,12));
#4215=IFCINDEXEDPOLYGONALFACE((11,92,42));
#4216=IFCINDEXEDPOLYGONALFACE((66,97,96));
#4217=IFCINDEXEDPOLYGONALFACE((72,71,98));
#4218=IFCINDEXEDPOLYGONALFACE((75,9,99));
#4219=IFCINDEXEDPOLYGONALFACE((85,88,95));
#4220=IFCINDEXEDPOLYGONALFACE((9,8,89));
#4221=IFCINDEXEDPOLYGONALFACE((42,5,68));
#4222=IFCINDEXEDPOLYGONALFACE((100,101,50));
#4223=IFCINDEXEDPOLYGONALFACE((102,103,104));
#4224=IFCINDEXEDPOLYGONALFACE((93,91,34));
#4225=IFCINDEXEDPOLYGONALFACE((105,88,87));
#4226=IFCINDEXEDPOLYGONALFACE((50,101,47));
#4227=IFCINDEXEDPOLYGONALFACE((104,87,86));
#4228=IFCINDEXEDPOLYGONALFACE((105,49,95));
#4229=IFCINDEXEDPOLYGONALFACE((101,106,34));
#4230=IFCINDEXEDPOLYGONALFACE((107,108,109));
#4231=IFCINDEXEDPOLYGONALFACE((110,111,108));
#4232=IFCINDEXEDPOLYGONALFACE((112,106,101));
#4233=IFCINDEXEDPOLYGONALFACE((102,94,93));
#4234=IFCINDEXEDPOLYGONALFACE((103,113,105));
#4235=IFCINDEXEDPOLYGONALFACE((114,93,106));
#4236=IFCINDEXEDPOLYGONALFACE((115,116,50));
#4237=IFCINDEXEDPOLYGONALFACE((113,115,49));
#4238=IFCINDEXEDPOLYGONALFACE((117,118,119));
#4239=IFCINDEXEDPOLYGONALFACE((110,120,121));
#4240=IFCINDEXEDPOLYGONALFACE((122,123,121));
#4241=IFCINDEXEDPOLYGONALFACE((124,125,119));
#4242=IFCINDEXEDPOLYGONALFACE((126,109,118));
#4243=IFCINDEXEDPOLYGONALFACE((122,124,127));
#4244=IFCINDEXEDPOLYGONALFACE((128,129,114));
#4245=IFCINDEXEDPOLYGONALFACE((130,131,129));
#4246=IFCINDEXEDPOLYGONALFACE((132,133,131));
#4247=IFCINDEXEDPOLYGONALFACE((127,133,132));
#4248=IFCINDEXEDPOLYGONALFACE((134,113,103));
#4249=IFCINDEXEDPOLYGONALFACE((135,134,136));
#4250=IFCINDEXEDPOLYGONALFACE((137,135,138));
#4251=IFCINDEXEDPOLYGONALFACE((118,109,137));
#4252=IFCINDEXEDPOLYGONALFACE((129,139,102));
#4253=IFCINDEXEDPOLYGONALFACE((140,139,129));
#4254=IFCINDEXEDPOLYGONALFACE((133,141,140));
#4255=IFCINDEXEDPOLYGONALFACE((127,119,141));
#4256=IFCINDEXEDPOLYGONALFACE((142,128,112));
#4257=IFCINDEXEDPOLYGONALFACE((143,130,128));
#4258=IFCINDEXEDPOLYGONALFACE((144,132,130));
#4259=IFCINDEXEDPOLYGONALFACE((123,132,144));
#4260=IFCINDEXEDPOLYGONALFACE((142,100,116));
#4261=IFCINDEXEDPOLYGONALFACE((145,143,142));
#4262=IFCINDEXEDPOLYGONALFACE((146,144,143));
#4263=IFCINDEXEDPOLYGONALFACE((121,144,146));
#4264=IFCINDEXEDPOLYGONALFACE((139,136,103));
#4265=IFCINDEXEDPOLYGONALFACE((138,136,139));
#4266=IFCINDEXEDPOLYGONALFACE((141,147,138));
#4267=IFCINDEXEDPOLYGONALFACE((119,118,147));
#4268=IFCINDEXEDPOLYGONALFACE((148,116,115));
#4269=IFCINDEXEDPOLYGONALFACE((145,148,149));
#4270=IFCINDEXEDPOLYGONALFACE((146,145,150));
#4271=IFCINDEXEDPOLYGONALFACE((111,146,151));
#4272=IFCINDEXEDPOLYGONALFACE((149,115,113));
#4273=IFCINDEXEDPOLYGONALFACE((150,149,134));
#4274=IFCINDEXEDPOLYGONALFACE((151,150,135));
#4275=IFCINDEXEDPOLYGONALFACE((108,151,137));
#4276=IFCINDEXEDPOLYGONALFACE((152,13,97));
#4277=IFCINDEXEDPOLYGONALFACE((80,153,154));
#4278=IFCINDEXEDPOLYGONALFACE((65,154,152));
#4279=IFCINDEXEDPOLYGONALFACE((15,24,35));
#4280=IFCINDEXEDPOLYGONALFACE((24,23,32));
#4281=IFCINDEXEDPOLYGONALFACE((155,21,30));
#4282=IFCINDEXEDPOLYGONALFACE((18,27,26));
#4283=IFCINDEXEDPOLYGONALFACE((15,10,96));
#4284=IFCINDEXEDPOLYGONALFACE((75,1,98));
#4285=IFCINDEXEDPOLYGONALFACE((156,79,70));
#4286=IFCINDEXEDPOLYGONALFACE((70,79,75));
#4287=IFCINDEXEDPOLYGONALFACE((63,157,158));
#4288=IFCINDEXEDPOLYGONALFACE((63,62,159));
#4289=IFCINDEXEDPOLYGONALFACE((60,160,161));
#4290=IFCINDEXEDPOLYGONALFACE((59,162,163));
#4291=IFCINDEXEDPOLYGONALFACE((3,158,164));
#4292=IFCINDEXEDPOLYGONALFACE((165,166,167));
#4293=IFCINDEXEDPOLYGONALFACE((168,169,170));
#4294=IFCINDEXEDPOLYGONALFACE((171,169,168));
#4295=IFCINDEXEDPOLYGONALFACE((166,171,172));
#4296=IFCINDEXEDPOLYGONALFACE((173,174,175));
#4297=IFCINDEXEDPOLYGONALFACE((176,173,177));
#4298=IFCINDEXEDPOLYGONALFACE((178,179,175));
#4299=IFCINDEXEDPOLYGONALFACE((180,181,182));
#4300=IFCINDEXEDPOLYGONALFACE((176,183,181));
#4301=IFCINDEXEDPOLYGONALFACE((184,185,179));
#4302=IFCINDEXEDPOLYGONALFACE((184,186,187));
#4303=IFCINDEXEDPOLYGONALFACE((188,182,189));
#4304=IFCINDEXEDPOLYGONALFACE((186,190,191));
#4305=IFCINDEXEDPOLYGONALFACE((190,192,189));
#4306=IFCINDEXEDPOLYGONALFACE((189,193,194));
#4307=IFCINDEXEDPOLYGONALFACE((191,194,195));
#4308=IFCINDEXEDPOLYGONALFACE((182,196,193));
#4309=IFCINDEXEDPOLYGONALFACE((187,195,197));
#4310=IFCINDEXEDPOLYGONALFACE((185,197,198));
#4311=IFCINDEXEDPOLYGONALFACE((183,199,200));
#4312=IFCINDEXEDPOLYGONALFACE((182,181,200));
#4313=IFCINDEXEDPOLYGONALFACE((179,198,201));
#4314=IFCINDEXEDPOLYGONALFACE((177,202,199));
#4315=IFCINDEXEDPOLYGONALFACE((175,201,202));
#4316=IFCINDEXEDPOLYGONALFACE((201,170,169));
#4317=IFCINDEXEDPOLYGONALFACE((199,202,169));
#4318=IFCINDEXEDPOLYGONALFACE((201,198,203));
#4319=IFCINDEXEDPOLYGONALFACE((196,200,166));
#4320=IFCINDEXEDPOLYGONALFACE((200,199,171));
#4321=IFCINDEXEDPOLYGONALFACE((197,204,203));
#4322=IFCINDEXEDPOLYGONALFACE((195,205,204));
#4323=IFCINDEXEDPOLYGONALFACE((193,196,165));
#4324=IFCINDEXEDPOLYGONALFACE((194,206,205));
#4325=IFCINDEXEDPOLYGONALFACE((193,207,206));
#4326=IFCINDEXEDPOLYGONALFACE((208,165,209));
#4327=IFCINDEXEDPOLYGONALFACE((170,203,210));
#4328=IFCINDEXEDPOLYGONALFACE((211,207,165));
#4329=IFCINDEXEDPOLYGONALFACE((212,206,207));
#4330=IFCINDEXEDPOLYGONALFACE((213,205,206));
#4331=IFCINDEXEDPOLYGONALFACE((214,204,205));
#4332=IFCINDEXEDPOLYGONALFACE((210,203,204));
#4333=IFCINDEXEDPOLYGONALFACE((215,170,216));
#4334=IFCINDEXEDPOLYGONALFACE((208,217,162));
#4335=IFCINDEXEDPOLYGONALFACE((216,210,27));
#4336=IFCINDEXEDPOLYGONALFACE((53,211,208));
#4337=IFCINDEXEDPOLYGONALFACE((44,212,211));
#4338=IFCINDEXEDPOLYGONALFACE((37,213,212));
#4339=IFCINDEXEDPOLYGONALFACE((28,214,213));
#4340=IFCINDEXEDPOLYGONALFACE((210,214,28));
#4341=IFCINDEXEDPOLYGONALFACE((17,218,216));
#4342=IFCINDEXEDPOLYGONALFACE((219,220,173));
#4343=IFCINDEXEDPOLYGONALFACE((221,222,178));
#4344=IFCINDEXEDPOLYGONALFACE((223,190,186));
#4345=IFCINDEXEDPOLYGONALFACE((219,176,180));
#4346=IFCINDEXEDPOLYGONALFACE((224,180,188));
#4347=IFCINDEXEDPOLYGONALFACE((225,226,186));
#4348=IFCINDEXEDPOLYGONALFACE((227,188,192));
#4349=IFCINDEXEDPOLYGONALFACE((220,221,174));
#4350=IFCINDEXEDPOLYGONALFACE((222,225,184));
#4351=IFCINDEXEDPOLYGONALFACE((228,192,190));
#4352=IFCINDEXEDPOLYGONALFACE((229,230,224));
#4353=IFCINDEXEDPOLYGONALFACE((231,232,226));
#4354=IFCINDEXEDPOLYGONALFACE((229,227,228));
#4355=IFCINDEXEDPOLYGONALFACE((233,234,221));
#4356=IFCINDEXEDPOLYGONALFACE((235,231,225));
#4357=IFCINDEXEDPOLYGONALFACE((236,228,223));
#4358=IFCINDEXEDPOLYGONALFACE((237,233,220));
#4359=IFCINDEXEDPOLYGONALFACE((235,222,221));
#4360=IFCINDEXEDPOLYGONALFACE((238,223,226));
#4361=IFCINDEXEDPOLYGONALFACE((230,237,219));
#4362=IFCINDEXEDPOLYGONALFACE((239,232,231));
#4363=IFCINDEXEDPOLYGONALFACE((240,229,236));
#4364=IFCINDEXEDPOLYGONALFACE((241,242,234));
#4365=IFCINDEXEDPOLYGONALFACE((243,231,235));
#4366=IFCINDEXEDPOLYGONALFACE((244,236,238));
#4367=IFCINDEXEDPOLYGONALFACE((245,241,233));
#4368=IFCINDEXEDPOLYGONALFACE((242,246,235));
#4369=IFCINDEXEDPOLYGONALFACE((247,238,232));
#4370=IFCINDEXEDPOLYGONALFACE((248,245,237));
#4371=IFCINDEXEDPOLYGONALFACE((240,248,230));
#4372=IFCINDEXEDPOLYGONALFACE((249,241,245));
#4373=IFCINDEXEDPOLYGONALFACE((250,251,246));
#4374=IFCINDEXEDPOLYGONALFACE((252,253,247));
#4375=IFCINDEXEDPOLYGONALFACE((254,245,248));
#4376=IFCINDEXEDPOLYGONALFACE((255,248,240));
#4377=IFCINDEXEDPOLYGONALFACE((256,252,239));
#4378=IFCINDEXEDPOLYGONALFACE((257,240,244));
#4379=IFCINDEXEDPOLYGONALFACE((250,242,241));
#4380=IFCINDEXEDPOLYGONALFACE((251,256,243));
#4381=IFCINDEXEDPOLYGONALFACE((253,258,244));
#4382=IFCINDEXEDPOLYGONALFACE((259,251,250));
#4383=IFCINDEXEDPOLYGONALFACE((260,261,253));
#4384=IFCINDEXEDPOLYGONALFACE((262,254,255));
#4385=IFCINDEXEDPOLYGONALFACE((263,255,257));
#4386=IFCINDEXEDPOLYGONALFACE((264,260,252));
#4387=IFCINDEXEDPOLYGONALFACE((265,257,258));
#4388=IFCINDEXEDPOLYGONALFACE((266,250,249));
#4389=IFCINDEXEDPOLYGONALFACE((259,264,256));
#4390=IFCINDEXEDPOLYGONALFACE((261,267,258));
#4391=IFCINDEXEDPOLYGONALFACE((268,249,254));
#4392=IFCINDEXEDPOLYGONALFACE((269,270,271));
#4393=IFCINDEXEDPOLYGONALFACE((272,273,274));
#4394=IFCINDEXEDPOLYGONALFACE((272,275,276));
#4395=IFCINDEXEDPOLYGONALFACE((269,277,278));
#4396=IFCINDEXEDPOLYGONALFACE((279,280,276));
#4397=IFCINDEXEDPOLYGONALFACE((281,282,283));
#4398=IFCINDEXEDPOLYGONALFACE((284,285,278));
#4399=IFCINDEXEDPOLYGONALFACE((270,279,286));
#4400=IFCINDEXEDPOLYGONALFACE((273,287,283));
#4401=IFCINDEXEDPOLYGONALFACE((281,284,288));
#4402=IFCINDEXEDPOLYGONALFACE((289,290,259));
#4403=IFCINDEXEDPOLYGONALFACE((291,292,290));
#4404=IFCINDEXEDPOLYGONALFACE((293,292,291));
#4405=IFCINDEXEDPOLYGONALFACE((294,268,262));
#4406=IFCINDEXEDPOLYGONALFACE((295,294,296));
#4407=IFCINDEXEDPOLYGONALFACE((297,298,295));
#4408=IFCINDEXEDPOLYGONALFACE((299,300,267));
#4409=IFCINDEXEDPOLYGONALFACE((301,300,299));
#4410=IFCINDEXEDPOLYGONALFACE((302,301,303));
#4411=IFCINDEXEDPOLYGONALFACE((290,304,264));
#4412=IFCINDEXEDPOLYGONALFACE((292,305,304));
#4413=IFCINDEXEDPOLYGONALFACE((306,305,292));
#4414=IFCINDEXEDPOLYGONALFACE((289,266,268));
#4415=IFCINDEXEDPOLYGONALFACE((291,289,294));
#4416=IFCINDEXEDPOLYGONALFACE((298,307,291));
#4417=IFCINDEXEDPOLYGONALFACE((300,308,265));
#4418=IFCINDEXEDPOLYGONALFACE((309,308,300));
#4419=IFCINDEXEDPOLYGONALFACE((310,309,301));
#4420=IFCINDEXEDPOLYGONALFACE((304,311,260));
#4421=IFCINDEXEDPOLYGONALFACE((305,312,311));
#4422=IFCINDEXEDPOLYGONALFACE((313,312,305));
#4423=IFCINDEXEDPOLYGONALFACE((314,263,265));
#4424=IFCINDEXEDPOLYGONALFACE((309,315,314));
#4425=IFCINDEXEDPOLYGONALFACE((316,315,309));
#4426=IFCINDEXEDPOLYGONALFACE((296,262,263));
#4427=IFCINDEXEDPOLYGONALFACE((315,317,296));
#4428=IFCINDEXEDPOLYGONALFACE((316,297,317));
#4429=IFCINDEXEDPOLYGONALFACE((311,299,261));
#4430=IFCINDEXEDPOLYGONALFACE((303,299,311));
#4431=IFCINDEXEDPOLYGONALFACE((318,303,312));
#4432=IFCINDEXEDPOLYGONALFACE((319,163,160));
#4433=IFCINDEXEDPOLYGONALFACE((21,320,26));
#4434=IFCINDEXEDPOLYGONALFACE((55,58,319));
#4435=IFCINDEXEDPOLYGONALFACE((46,52,58));
#4436=IFCINDEXEDPOLYGONALFACE((39,43,52));
#4437=IFCINDEXEDPOLYGONALFACE((31,36,43));
#4438=IFCINDEXEDPOLYGONALFACE((30,26,36));
#4439=IFCINDEXEDPOLYGONALFACE((16,320,21));
#4440=IFCINDEXEDPOLYGONALFACE((321,322,323));
#4441=IFCINDEXEDPOLYGONALFACE((124,324,325));
#4442=IFCINDEXEDPOLYGONALFACE((326,327,328));
#4443=IFCINDEXEDPOLYGONALFACE((125,325,329));
#4444=IFCINDEXEDPOLYGONALFACE((330,331,126));
#4445=IFCINDEXEDPOLYGONALFACE((330,117,332));
#4446=IFCINDEXEDPOLYGONALFACE((332,117,329));
#4447=IFCINDEXEDPOLYGONALFACE((333,334,335));
#4448=IFCINDEXEDPOLYGONALFACE((336,337,334));
#4449=IFCINDEXEDPOLYGONALFACE((327,337,336));
#4450=IFCINDEXEDPOLYGONALFACE((120,338,339));
#4451=IFCINDEXEDPOLYGONALFACE((339,338,340));
#4452=IFCINDEXEDPOLYGONALFACE((341,334,337));
#4453=IFCINDEXEDPOLYGONALFACE((120,342,338));
#4454=IFCINDEXEDPOLYGONALFACE((338,342,341));
#4455=IFCINDEXEDPOLYGONALFACE((341,343,335));
#4456=IFCINDEXEDPOLYGONALFACE((342,120,110));
#4457=IFCINDEXEDPOLYGONALFACE((341,342,344));
#4458=IFCINDEXEDPOLYGONALFACE((345,346,347));
#4459=IFCINDEXEDPOLYGONALFACE((348,349,350));
#4460=IFCINDEXEDPOLYGONALFACE((345,351,352));
#4461=IFCINDEXEDPOLYGONALFACE((329,347,346));
#4462=IFCINDEXEDPOLYGONALFACE((350,353,351));
#4463=IFCINDEXEDPOLYGONALFACE((354,355,352));
#4464=IFCINDEXEDPOLYGONALFACE((332,346,352));
#4465=IFCINDEXEDPOLYGONALFACE((351,353,321));
#4466=IFCINDEXEDPOLYGONALFACE((356,348,347));
#4467=IFCINDEXEDPOLYGONALFACE((357,326,358));
#4468=IFCINDEXEDPOLYGONALFACE((352,355,331));
#4469=IFCINDEXEDPOLYGONALFACE((356,359,349));
#4470=IFCINDEXEDPOLYGONALFACE((360,327,326));
#4471=IFCINDEXEDPOLYGONALFACE((326,361,362));
#4472=IFCINDEXEDPOLYGONALFACE((363,347,329));
#4473=IFCINDEXEDPOLYGONALFACE((364,122,120));
#4474=IFCINDEXEDPOLYGONALFACE((357,364,339));
#4475=IFCINDEXEDPOLYGONALFACE((335,343,365));
#4476=IFCINDEXEDPOLYGONALFACE((356,366,362));
#4477=IFCINDEXEDPOLYGONALFACE((361,367,359));
#4478=IFCINDEXEDPOLYGONALFACE((325,324,368));
#4479=IFCINDEXEDPOLYGONALFACE((369,107,126));
#4480=IFCINDEXEDPOLYGONALFACE((365,369,331));
#4481=IFCINDEXEDPOLYGONALFACE((357,370,371));
#4482=IFCINDEXEDPOLYGONALFACE((363,368,371));
#4483=IFCINDEXEDPOLYGONALFACE((372,373,374));
#4484=IFCINDEXEDPOLYGONALFACE((375,376,377));
#4485=IFCINDEXEDPOLYGONALFACE((378,379,380));
#4486=IFCINDEXEDPOLYGONALFACE((380,379,381));
#4487=IFCINDEXEDPOLYGONALFACE((382,383,375));
#4488=IFCINDEXEDPOLYGONALFACE((384,385,386));
#4489=IFCINDEXEDPOLYGONALFACE((387,388,389));
#4490=IFCINDEXEDPOLYGONALFACE((390,391,392));
#4491=IFCINDEXEDPOLYGONALFACE((391,393,394));
#4492=IFCINDEXEDPOLYGONALFACE((395,388,387));
#4493=IFCINDEXEDPOLYGONALFACE((396,397,398));
#4494=IFCINDEXEDPOLYGONALFACE((399,400,401));
#4495=IFCINDEXEDPOLYGONALFACE((402,403,404));
#4496=IFCINDEXEDPOLYGONALFACE((404,403,405));
#4497=IFCINDEXEDPOLYGONALFACE((406,407,400));
#4498=IFCINDEXEDPOLYGONALFACE((408,409,410));
#4499=IFCINDEXEDPOLYGONALFACE((411,412,413));
#4500=IFCINDEXEDPOLYGONALFACE((414,415,416));
#4501=IFCINDEXEDPOLYGONALFACE((417,416,418));
#4502=IFCINDEXEDPOLYGONALFACE((419,420,411));
#4503=IFCINDEXEDPOLYGONALFACE((421,328,422));
#4504=IFCINDEXEDPOLYGONALFACE((423,359,367));
#4505=IFCINDEXEDPOLYGONALFACE((424,349,359));
#4506=IFCINDEXEDPOLYGONALFACE((328,425,426));
#4507=IFCINDEXEDPOLYGONALFACE((427,328,336));
#4508=IFCINDEXEDPOLYGONALFACE((428,349,425));
#4509=IFCINDEXEDPOLYGONALFACE((350,349,428));
#4510=IFCINDEXEDPOLYGONALFACE((336,429,430));
#4511=IFCINDEXEDPOLYGONALFACE((431,336,333));
#4512=IFCINDEXEDPOLYGONALFACE((432,350,429));
#4513=IFCINDEXEDPOLYGONALFACE((353,350,432));
#4514=IFCINDEXEDPOLYGONALFACE((333,433,434));
#4515=IFCINDEXEDPOLYGONALFACE((333,435,436));
#4516=IFCINDEXEDPOLYGONALFACE((437,353,433));
#4517=IFCINDEXEDPOLYGONALFACE((321,353,437));
#4518=IFCINDEXEDPOLYGONALFACE((435,322,438));
#4519=IFCINDEXEDPOLYGONALFACE((322,321,439));
#4520=IFCINDEXEDPOLYGONALFACE((440,433,333));
#4521=IFCINDEXEDPOLYGONALFACE((433,353,441));
#4522=IFCINDEXEDPOLYGONALFACE((442,429,336));
#4523=IFCINDEXEDPOLYGONALFACE((429,350,443));
#4524=IFCINDEXEDPOLYGONALFACE((425,328,427));
#4525=IFCINDEXEDPOLYGONALFACE((426,425,349));
#4526=IFCINDEXEDPOLYGONALFACE((444,367,421));
#4527=IFCINDEXEDPOLYGONALFACE((445,418,420));
#4528=IFCINDEXEDPOLYGONALFACE((412,415,414));
#4529=IFCINDEXEDPOLYGONALFACE((446,447,410));
#4530=IFCINDEXEDPOLYGONALFACE((405,407,406));
#4531=IFCINDEXEDPOLYGONALFACE((401,402,448));
#4532=IFCINDEXEDPOLYGONALFACE((397,449,450));
#4533=IFCINDEXEDPOLYGONALFACE((393,395,451));
#4534=IFCINDEXEDPOLYGONALFACE((452,389,390));
#4535=IFCINDEXEDPOLYGONALFACE((384,453,454));
#4536=IFCINDEXEDPOLYGONALFACE((381,383,382));
#4537=IFCINDEXEDPOLYGONALFACE((377,376,378));
#4538=IFCINDEXEDPOLYGONALFACE((373,455,456));
#4539=IFCINDEXEDPOLYGONALFACE((365,355,354));
#4540=IFCINDEXEDPOLYGONALFACE((363,457,366));
#4541=IFCINDEXEDPOLYGONALFACE((365,343,344));
#4542=IFCINDEXEDPOLYGONALFACE((344,110,107));
#4543=IFCINDEXEDPOLYGONALFACE((324,364,357));
#4544=IFCINDEXEDPOLYGONALFACE((360,340,337));
#4545=IFCINDEXEDPOLYGONALFACE((361,326,421));
#4546=IFCINDEXEDPOLYGONALFACE((124,122,364));
#4547=IFCINDEXEDPOLYGONALFACE((435,335,323));
#4548=IFCINDEXEDPOLYGONALFACE((458,426,424));
#4549=IFCINDEXEDPOLYGONALFACE((459,458,460));
#4550=IFCINDEXEDPOLYGONALFACE((376,459,461));
#4551=IFCINDEXEDPOLYGONALFACE((444,462,463));
#4552=IFCINDEXEDPOLYGONALFACE((464,463,465));
#4553=IFCINDEXEDPOLYGONALFACE((466,465,383));
#4554=IFCINDEXEDPOLYGONALFACE((463,462,422));
#4555=IFCINDEXEDPOLYGONALFACE((465,463,467));
#4556=IFCINDEXEDPOLYGONALFACE((383,465,468));
#4557=IFCINDEXEDPOLYGONALFACE((469,423,444));
#4558=IFCINDEXEDPOLYGONALFACE((469,464,466));
#4559=IFCINDEXEDPOLYGONALFACE((470,466,381));
#4560=IFCINDEXEDPOLYGONALFACE((424,423,469));
#4561=IFCINDEXEDPOLYGONALFACE((461,460,469));
#4562=IFCINDEXEDPOLYGONALFACE((461,470,379));
#4563=IFCINDEXEDPOLYGONALFACE((467,422,426));
#4564=IFCINDEXEDPOLYGONALFACE((468,467,458));
#4565=IFCINDEXEDPOLYGONALFACE((375,468,459));
#4566=IFCINDEXEDPOLYGONALFACE((471,430,443));
#4567=IFCINDEXEDPOLYGONALFACE((472,471,473));
#4568=IFCINDEXEDPOLYGONALFACE((412,472,474));
#4569=IFCINDEXEDPOLYGONALFACE((475,476,427));
#4570=IFCINDEXEDPOLYGONALFACE((475,477,478));
#4571=IFCINDEXEDPOLYGONALFACE((479,478,420));
#4572=IFCINDEXEDPOLYGONALFACE((427,480,481));
#4573=IFCINDEXEDPOLYGONALFACE((477,481,482));
#4574=IFCINDEXEDPOLYGONALFACE((478,482,411));
#4575=IFCINDEXEDPOLYGONALFACE((428,476,475));
#4576=IFCINDEXEDPOLYGONALFACE((483,475,479));
#4577=IFCINDEXEDPOLYGONALFACE((416,484,479));
#4578=IFCINDEXEDPOLYGONALFACE((473,443,428));
#4579=IFCINDEXEDPOLYGONALFACE((474,473,483));
#4580=IFCINDEXEDPOLYGONALFACE((415,474,484));
#4581=IFCINDEXEDPOLYGONALFACE((480,430,471));
#4582=IFCINDEXEDPOLYGONALFACE((481,471,472));
#4583=IFCINDEXEDPOLYGONALFACE((411,482,472));
#4584=IFCINDEXEDPOLYGONALFACE((485,434,441));
#4585=IFCINDEXEDPOLYGONALFACE((485,486,487));
#4586=IFCINDEXEDPOLYGONALFACE((488,487,402));
#4587=IFCINDEXEDPOLYGONALFACE((489,442,431));
#4588=IFCINDEXEDPOLYGONALFACE((490,489,491));
#4589=IFCINDEXEDPOLYGONALFACE((490,492,407));
#4590=IFCINDEXEDPOLYGONALFACE((431,493,494));
#4591=IFCINDEXEDPOLYGONALFACE((492,491,494));
#4592=IFCINDEXEDPOLYGONALFACE((407,492,495));
#4593=IFCINDEXEDPOLYGONALFACE((496,432,442));
#4594=IFCINDEXEDPOLYGONALFACE((497,496,489));
#4595=IFCINDEXEDPOLYGONALFACE((403,497,490));
#4596=IFCINDEXEDPOLYGONALFACE((441,432,496));
#4597=IFCINDEXEDPOLYGONALFACE((487,486,496));
#4598=IFCINDEXEDPOLYGONALFACE((487,497,403));
#4599=IFCINDEXEDPOLYGONALFACE((493,434,485));
#4600=IFCINDEXEDPOLYGONALFACE((494,485,488));
#4601=IFCINDEXEDPOLYGONALFACE((400,495,488));
#4602=IFCINDEXEDPOLYGONALFACE((498,438,439));
#4603=IFCINDEXEDPOLYGONALFACE((499,498,500));
#4604=IFCINDEXEDPOLYGONALFACE((389,499,501));
#4605=IFCINDEXEDPOLYGONALFACE((440,502,503));
#4606=IFCINDEXEDPOLYGONALFACE((504,505,503));
#4607=IFCINDEXEDPOLYGONALFACE((393,504,506));
#4608=IFCINDEXEDPOLYGONALFACE((502,436,507));
#4609=IFCINDEXEDPOLYGONALFACE((503,507,508));
#4610=IFCINDEXEDPOLYGONALFACE((506,508,388));
#4611=IFCINDEXEDPOLYGONALFACE((437,440,505));
#4612=IFCINDEXEDPOLYGONALFACE((509,505,504));
#4613=IFCINDEXEDPOLYGONALFACE((510,504,393));
#4614=IFCINDEXEDPOLYGONALFACE((500,439,437));
#4615=IFCINDEXEDPOLYGONALFACE((500,509,510));
#4616=IFCINDEXEDPOLYGONALFACE((501,510,391));
#4617=IFCINDEXEDPOLYGONALFACE((507,436,438));
#4618=IFCINDEXEDPOLYGONALFACE((507,498,499));
#4619=IFCINDEXEDPOLYGONALFACE((508,499,389));
#4620=IFCINDEXEDPOLYGONALFACE((511,377,374));
#4621=IFCINDEXEDPOLYGONALFACE((512,380,372));
#4622=IFCINDEXEDPOLYGONALFACE((513,373,372));
#4623=IFCINDEXEDPOLYGONALFACE((382,511,456));
#4624=IFCINDEXEDPOLYGONALFACE((452,385,454));
#4625=IFCINDEXEDPOLYGONALFACE((392,514,386));
#4626=IFCINDEXEDPOLYGONALFACE((394,384,514));
#4627=IFCINDEXEDPOLYGONALFACE((451,387,454));
#4628=IFCINDEXEDPOLYGONALFACE((515,398,450));
#4629=IFCINDEXEDPOLYGONALFACE((448,404,396));
#4630=IFCINDEXEDPOLYGONALFACE((516,397,396));
#4631=IFCINDEXEDPOLYGONALFACE((406,399,450));
#4632=IFCINDEXEDPOLYGONALFACE((413,410,447));
#4633=IFCINDEXEDPOLYGONALFACE((417,408,517));
#4634=IFCINDEXEDPOLYGONALFACE((445,409,408));
#4635=IFCINDEXEDPOLYGONALFACE((419,518,447));
#4636=IFCINDEXEDPOLYGONALFACE((512,519,374));
#4637=IFCINDEXEDPOLYGONALFACE((382,455,373));
#4638=IFCINDEXEDPOLYGONALFACE((452,520,386));
#4639=IFCINDEXEDPOLYGONALFACE((394,451,453));
#4640=IFCINDEXEDPOLYGONALFACE((515,448,521));
#4641=IFCINDEXEDPOLYGONALFACE((516,406,449));
#4642=IFCINDEXEDPOLYGONALFACE((413,414,517));
#4643=IFCINDEXEDPOLYGONALFACE((419,446,409));
#4644=IFCINDEXEDPOLYGONALFACE((522,523,524));
#4645=IFCINDEXEDPOLYGONALFACE((525,526,527));
#4646=IFCINDEXEDPOLYGONALFACE((528,529,530));
#4647=IFCINDEXEDPOLYGONALFACE((529,531,532));
#4648=IFCINDEXEDPOLYGONALFACE((533,525,534));
#4649=IFCINDEXEDPOLYGONALFACE((532,531,533));
#4650=IFCINDEXEDPOLYGONALFACE((527,526,528));
#4651=IFCINDEXEDPOLYGONALFACE((522,535,536));
#4652=IFCINDEXEDPOLYGONALFACE((537,362,366));
#4653=IFCINDEXEDPOLYGONALFACE((537,538,528));
#4654=IFCINDEXEDPOLYGONALFACE((539,371,370));
#4655=IFCINDEXEDPOLYGONALFACE((539,540,533));
#4656=IFCINDEXEDPOLYGONALFACE((370,358,541));
#4657=IFCINDEXEDPOLYGONALFACE((533,540,541));
#4658=IFCINDEXEDPOLYGONALFACE((542,457,371));
#4659=IFCINDEXEDPOLYGONALFACE((542,539,531));
#4660=IFCINDEXEDPOLYGONALFACE((538,366,457));
#4661=IFCINDEXEDPOLYGONALFACE((528,538,542));
#4662=IFCINDEXEDPOLYGONALFACE((358,362,537));
#4663=IFCINDEXEDPOLYGONALFACE((525,541,537));
#4664=IFCINDEXEDPOLYGONALFACE((534,527,523));
#4665=IFCINDEXEDPOLYGONALFACE((543,530,544));
#4666=IFCINDEXEDPOLYGONALFACE((530,532,522));
#4667=IFCINDEXEDPOLYGONALFACE((534,536,535));
#4668=IFCINDEXEDPOLYGONALFACE((543,524,523));
#4669=IFCINDEXEDPOLYGONALFACE((545,535,522));
#4670=IFCINDEXEDPOLYGONALFACE((61,161,159));
#4671=IFCINDEXEDPOLYGONALFACE((23,155,29));
#4672=IFCINDEXEDPOLYGONALFACE((56,546,61));
#4673=IFCINDEXEDPOLYGONALFACE((54,546,56));
#4674=IFCINDEXEDPOLYGONALFACE((45,54,48));
#4675=IFCINDEXEDPOLYGONALFACE((38,45,40));
#4676=IFCINDEXEDPOLYGONALFACE((32,29,38));
#4677=IFCINDEXEDPOLYGONALFACE((22,19,155));
#4678=IFCINDEXEDPOLYGONALFACE((547,548,549));
#4679=IFCINDEXEDPOLYGONALFACE((550,547,551));
#4680=IFCINDEXEDPOLYGONALFACE((552,550,553));
#4681=IFCINDEXEDPOLYGONALFACE((554,555,552));
#4682=IFCINDEXEDPOLYGONALFACE((556,557,555));
#4683=IFCINDEXEDPOLYGONALFACE((558,559,560));
#4684=IFCINDEXEDPOLYGONALFACE((561,562,563));
#4685=IFCINDEXEDPOLYGONALFACE((564,563,565));
#4686=IFCINDEXEDPOLYGONALFACE((566,565,567));
#4687=IFCINDEXEDPOLYGONALFACE((559,568,567));
#4688=IFCINDEXEDPOLYGONALFACE((569,570,571));
#4689=IFCINDEXEDPOLYGONALFACE((572,569,573));
#4690=IFCINDEXEDPOLYGONALFACE((574,572,575));
#4691=IFCINDEXEDPOLYGONALFACE((557,574,576));
#4692=IFCINDEXEDPOLYGONALFACE((573,571,577));
#4693=IFCINDEXEDPOLYGONALFACE((575,573,578));
#4694=IFCINDEXEDPOLYGONALFACE((576,575,579));
#4695=IFCINDEXEDPOLYGONALFACE((576,580,552));
#4696=IFCINDEXEDPOLYGONALFACE((577,581,582));
#4697=IFCINDEXEDPOLYGONALFACE((579,578,582));
#4698=IFCINDEXEDPOLYGONALFACE((580,579,583));
#4699=IFCINDEXEDPOLYGONALFACE((552,580,584));
#4700=IFCINDEXEDPOLYGONALFACE((581,585,586));
#4701=IFCINDEXEDPOLYGONALFACE((583,582,586));
#4702=IFCINDEXEDPOLYGONALFACE((584,583,587));
#4703=IFCINDEXEDPOLYGONALFACE((584,588,547));
#4704=IFCINDEXEDPOLYGONALFACE((586,585,589));
#4705=IFCINDEXEDPOLYGONALFACE((587,586,590));
#4706=IFCINDEXEDPOLYGONALFACE((587,591,592));
#4707=IFCINDEXEDPOLYGONALFACE((588,592,548));
#4708=IFCINDEXEDPOLYGONALFACE((153,80,562));
#4709=IFCINDEXEDPOLYGONALFACE((77,76,571));
#4710=IFCINDEXEDPOLYGONALFACE((76,81,577));
#4711=IFCINDEXEDPOLYGONALFACE((156,82,589));
#4712=IFCINDEXEDPOLYGONALFACE((78,581,577));
#4713=IFCINDEXEDPOLYGONALFACE((156,585,581));
#4714=IFCINDEXEDPOLYGONALFACE((593,594,595));
#4715=IFCINDEXEDPOLYGONALFACE((553,551,596));
#4716=IFCINDEXEDPOLYGONALFACE((597,549,598));
#4717=IFCINDEXEDPOLYGONALFACE((599,600,597));
#4718=IFCINDEXEDPOLYGONALFACE((594,600,599));
#4719=IFCINDEXEDPOLYGONALFACE((596,601,602));
#4720=IFCINDEXEDPOLYGONALFACE((603,554,602));
#4721=IFCINDEXEDPOLYGONALFACE((556,554,603));
#4722=IFCINDEXEDPOLYGONALFACE((603,601,600));
#4723=IFCINDEXEDPOLYGONALFACE((601,596,597));
#4724=IFCINDEXEDPOLYGONALFACE((596,551,549));
#4725=IFCINDEXEDPOLYGONALFACE((593,556,603));
#4726=IFCINDEXEDPOLYGONALFACE((82,604,605));
#4727=IFCINDEXEDPOLYGONALFACE((77,570,562));
#4728=IFCINDEXEDPOLYGONALFACE((592,606,607));
#4729=IFCINDEXEDPOLYGONALFACE((592,591,608));
#4730=IFCINDEXEDPOLYGONALFACE((591,590,609));
#4731=IFCINDEXEDPOLYGONALFACE((590,589,605));
#4732=IFCINDEXEDPOLYGONALFACE((567,574,557));
#4733=IFCINDEXEDPOLYGONALFACE((567,565,572));
#4734=IFCINDEXEDPOLYGONALFACE((565,563,569));
#4735=IFCINDEXEDPOLYGONALFACE((563,562,570));
#4736=IFCINDEXEDPOLYGONALFACE((593,560,557));
#4737=IFCINDEXEDPOLYGONALFACE((548,607,598));
#4738=IFCINDEXEDPOLYGONALFACE((273,610,611));
#4739=IFCINDEXEDPOLYGONALFACE((279,612,613));
#4740=IFCINDEXEDPOLYGONALFACE((614,615,616));
#4741=IFCINDEXEDPOLYGONALFACE((617,618,619));
#4742=IFCINDEXEDPOLYGONALFACE((620,621,622));
#4743=IFCINDEXEDPOLYGONALFACE((623,624,625));
#4744=IFCINDEXEDPOLYGONALFACE((269,626,627));
#4745=IFCINDEXEDPOLYGONALFACE((281,628,629));
#4746=IFCINDEXEDPOLYGONALFACE((270,627,612));
#4747=IFCINDEXEDPOLYGONALFACE((624,630,631));
#4748=IFCINDEXEDPOLYGONALFACE((287,611,628));
#4749=IFCINDEXEDPOLYGONALFACE((632,633,634));
#4750=IFCINDEXEDPOLYGONALFACE((632,635,636));
#4751=IFCINDEXEDPOLYGONALFACE((637,636,638));
#4752=IFCINDEXEDPOLYGONALFACE((624,639,638));
#4753=IFCINDEXEDPOLYGONALFACE((640,641,633));
#4754=IFCINDEXEDPOLYGONALFACE((640,632,637));
#4755=IFCINDEXEDPOLYGONALFACE((642,643,637));
#4756=IFCINDEXEDPOLYGONALFACE((642,639,624));
#4757=IFCINDEXEDPOLYGONALFACE((644,614,645));
#4758=IFCINDEXEDPOLYGONALFACE((646,644,647));
#4759=IFCINDEXEDPOLYGONALFACE((648,646,649));
#4760=IFCINDEXEDPOLYGONALFACE((621,648,650));
#4761=IFCINDEXEDPOLYGONALFACE((651,652,653));
#4762=IFCINDEXEDPOLYGONALFACE((654,651,655));
#4763=IFCINDEXEDPOLYGONALFACE((654,656,657));
#4764=IFCINDEXEDPOLYGONALFACE((658,657,619));
#4765=IFCINDEXEDPOLYGONALFACE((272,659,610));
#4766=IFCINDEXEDPOLYGONALFACE((659,272,660));
#4767=IFCINDEXEDPOLYGONALFACE((660,272,661));
#4768=IFCINDEXEDPOLYGONALFACE((280,613,661));
#4769=IFCINDEXEDPOLYGONALFACE((662,663,664));
#4770=IFCINDEXEDPOLYGONALFACE((665,666,667));
#4771=IFCINDEXEDPOLYGONALFACE((668,669,670));
#4772=IFCINDEXEDPOLYGONALFACE((669,671,672));
#4773=IFCINDEXEDPOLYGONALFACE((673,674,666));
#4774=IFCINDEXEDPOLYGONALFACE((675,676,677));
#4775=IFCINDEXEDPOLYGONALFACE((678,679,680));
#4776=IFCINDEXEDPOLYGONALFACE((681,682,683));
#4777=IFCINDEXEDPOLYGONALFACE((683,684,685));
#4778=IFCINDEXEDPOLYGONALFACE((686,678,687));
#4779=IFCINDEXEDPOLYGONALFACE((688,689,690));
#4780=IFCINDEXEDPOLYGONALFACE((691,692,693));
#4781=IFCINDEXEDPOLYGONALFACE((694,695,696));
#4782=IFCINDEXEDPOLYGONALFACE((696,695,697));
#4783=IFCINDEXEDPOLYGONALFACE((698,699,691));
#4784=IFCINDEXEDPOLYGONALFACE((700,701,702));
#4785=IFCINDEXEDPOLYGONALFACE((703,704,705));
#4786=IFCINDEXEDPOLYGONALFACE((706,707,708));
#4787=IFCINDEXEDPOLYGONALFACE((708,709,710));
#4788=IFCINDEXEDPOLYGONALFACE((711,704,703));
#4789=IFCINDEXEDPOLYGONALFACE((712,713,714));
#4790=IFCINDEXEDPOLYGONALFACE((715,716,717));
#4791=IFCINDEXEDPOLYGONALFACE((718,719,720));
#4792=IFCINDEXEDPOLYGONALFACE((720,721,722));
#4793=IFCINDEXEDPOLYGONALFACE((723,724,715));
#4794=IFCINDEXEDPOLYGONALFACE((665,725,726));
#4795=IFCINDEXEDPOLYGONALFACE((670,727,728));
#4796=IFCINDEXEDPOLYGONALFACE((672,729,727));
#4797=IFCINDEXEDPOLYGONALFACE((673,665,730));
#4798=IFCINDEXEDPOLYGONALFACE((680,731,732));
#4799=IFCINDEXEDPOLYGONALFACE((681,733,734));
#4800=IFCINDEXEDPOLYGONALFACE((685,735,734));
#4801=IFCINDEXEDPOLYGONALFACE((687,732,736));
#4802=IFCINDEXEDPOLYGONALFACE((737,693,738));
#4803=IFCINDEXEDPOLYGONALFACE((696,739,740));
#4804=IFCINDEXEDPOLYGONALFACE((741,742,739));
#4805=IFCINDEXEDPOLYGONALFACE((698,737,743));
#4806=IFCINDEXEDPOLYGONALFACE((703,744,745));
#4807=IFCINDEXEDPOLYGONALFACE((706,746,747));
#4808=IFCINDEXEDPOLYGONALFACE((710,748,747));
#4809=IFCINDEXEDPOLYGONALFACE((749,703,750));
#4810=IFCINDEXEDPOLYGONALFACE((751,717,752));
#4811=IFCINDEXEDPOLYGONALFACE((718,753,754));
#4812=IFCINDEXEDPOLYGONALFACE((722,755,754));
#4813=IFCINDEXEDPOLYGONALFACE((723,751,756));
#4814=IFCINDEXEDPOLYGONALFACE((730,726,663));
#4815=IFCINDEXEDPOLYGONALFACE((727,757,664));
#4816=IFCINDEXEDPOLYGONALFACE((729,662,757));
#4817=IFCINDEXEDPOLYGONALFACE((730,758,759));
#4818=IFCINDEXEDPOLYGONALFACE((731,676,760));
#4819=IFCINDEXEDPOLYGONALFACE((734,761,677));
#4820=IFCINDEXEDPOLYGONALFACE((735,675,761));
#4821=IFCINDEXEDPOLYGONALFACE((736,732,760));
#4822=IFCINDEXEDPOLYGONALFACE((743,738,690));
#4823=IFCINDEXEDPOLYGONALFACE((740,739,688));
#4824=IFCINDEXEDPOLYGONALFACE((742,689,688));
#4825=IFCINDEXEDPOLYGONALFACE((762,743,763));
#4826=IFCINDEXEDPOLYGONALFACE((750,745,701));
#4827=IFCINDEXEDPOLYGONALFACE((747,764,702));
#4828=IFCINDEXEDPOLYGONALFACE((747,748,700));
#4829=IFCINDEXEDPOLYGONALFACE((750,765,766));
#4830=IFCINDEXEDPOLYGONALFACE((752,713,767));
#4831=IFCINDEXEDPOLYGONALFACE((754,768,714));
#4832=IFCINDEXEDPOLYGONALFACE((754,755,712));
#4833=IFCINDEXEDPOLYGONALFACE((769,756,767));
#4834=IFCINDEXEDPOLYGONALFACE((770,651,654));
#4835=IFCINDEXEDPOLYGONALFACE((724,770,771));
#4836=IFCINDEXEDPOLYGONALFACE((772,621,773));
#4837=IFCINDEXEDPOLYGONALFACE((720,772,774));
#4838=IFCINDEXEDPOLYGONALFACE((648,621,772));
#4839=IFCINDEXEDPOLYGONALFACE((719,775,772));
#4840=IFCINDEXEDPOLYGONALFACE((771,654,776));
#4841=IFCINDEXEDPOLYGONALFACE((715,771,777));
#4842=IFCINDEXEDPOLYGONALFACE((652,651,778));
#4843=IFCINDEXEDPOLYGONALFACE((674,779,778));
#4844=IFCINDEXEDPOLYGONALFACE((780,620,781));
#4845=IFCINDEXEDPOLYGONALFACE((780,782,671));
#4846=IFCINDEXEDPOLYGONALFACE((621,620,780));
#4847=IFCINDEXEDPOLYGONALFACE((668,783,780));
#4848=IFCINDEXEDPOLYGONALFACE((651,773,784));
#4849=IFCINDEXEDPOLYGONALFACE((666,778,784));
#4850=IFCINDEXEDPOLYGONALFACE((785,654,658));
#4851=IFCINDEXEDPOLYGONALFACE((785,786,704));
#4852=IFCINDEXEDPOLYGONALFACE((648,776,787));
#4853=IFCINDEXEDPOLYGONALFACE((708,788,787));
#4854=IFCINDEXEDPOLYGONALFACE((646,648,788));
#4855=IFCINDEXEDPOLYGONALFACE((789,788,708));
#4856=IFCINDEXEDPOLYGONALFACE((786,658,790));
#4857=IFCINDEXEDPOLYGONALFACE((704,786,791));
#4858=IFCINDEXEDPOLYGONALFACE((792,658,618));
#4859=IFCINDEXEDPOLYGONALFACE((792,793,691));
#4860=IFCINDEXEDPOLYGONALFACE((646,790,794));
#4861=IFCINDEXEDPOLYGONALFACE((695,795,794));
#4862=IFCINDEXEDPOLYGONALFACE((644,646,795));
#4863=IFCINDEXEDPOLYGONALFACE((694,796,795));
#4864=IFCINDEXEDPOLYGONALFACE((618,797,798));
#4865=IFCINDEXEDPOLYGONALFACE((691,793,798));
#4866=IFCINDEXEDPOLYGONALFACE((799,618,617));
#4867=IFCINDEXEDPOLYGONALFACE((799,800,678));
#4868=IFCINDEXEDPOLYGONALFACE((801,644,797));
#4869=IFCINDEXEDPOLYGONALFACE((683,801,802));
#4870=IFCINDEXEDPOLYGONALFACE((614,644,801));
#4871=IFCINDEXEDPOLYGONALFACE((803,801,683));
#4872=IFCINDEXEDPOLYGONALFACE((800,617,615));
#4873=IFCINDEXEDPOLYGONALFACE((678,800,804));
#4874=IFCINDEXEDPOLYGONALFACE((804,803,682));
#4875=IFCINDEXEDPOLYGONALFACE((615,614,803));
#4876=IFCINDEXEDPOLYGONALFACE((802,799,686));
#4877=IFCINDEXEDPOLYGONALFACE((802,797,618));
#4878=IFCINDEXEDPOLYGONALFACE((798,796,694));
#4879=IFCINDEXEDPOLYGONALFACE((798,797,644));
#4880=IFCINDEXEDPOLYGONALFACE((794,792,699));
#4881=IFCINDEXEDPOLYGONALFACE((790,658,792));
#4882=IFCINDEXEDPOLYGONALFACE((791,789,707));
#4883=IFCINDEXEDPOLYGONALFACE((791,790,646));
#4884=IFCINDEXEDPOLYGONALFACE((787,785,711));
#4885=IFCINDEXEDPOLYGONALFACE((776,654,785));
#4886=IFCINDEXEDPOLYGONALFACE((784,783,668));
#4887=IFCINDEXEDPOLYGONALFACE((784,773,621));
#4888=IFCINDEXEDPOLYGONALFACE((782,779,674));
#4889=IFCINDEXEDPOLYGONALFACE((781,652,779));
#4890=IFCINDEXEDPOLYGONALFACE((777,775,719));
#4891=IFCINDEXEDPOLYGONALFACE((776,648,775));
#4892=IFCINDEXEDPOLYGONALFACE((774,770,724));
#4893=IFCINDEXEDPOLYGONALFACE((774,773,651));
#4894=IFCINDEXEDPOLYGONALFACE((769,805,712));
#4895=IFCINDEXEDPOLYGONALFACE((752,806,714));
#4896=IFCINDEXEDPOLYGONALFACE((748,807,766));
#4897=IFCINDEXEDPOLYGONALFACE((745,808,702));
#4898=IFCINDEXEDPOLYGONALFACE((742,762,809));
#4899=IFCINDEXEDPOLYGONALFACE((740,810,690));
#4900=IFCINDEXEDPOLYGONALFACE((735,736,811));
#4901=IFCINDEXEDPOLYGONALFACE((812,677,676));
#4902=IFCINDEXEDPOLYGONALFACE((729,813,759));
#4903=IFCINDEXEDPOLYGONALFACE((728,664,663));
#4904=IFCINDEXEDPOLYGONALFACE((722,723,769));
#4905=IFCINDEXEDPOLYGONALFACE((718,806,752));
#4906=IFCINDEXEDPOLYGONALFACE((749,807,748));
#4907=IFCINDEXEDPOLYGONALFACE((706,808,745));
#4908=IFCINDEXEDPOLYGONALFACE((698,762,742));
#4909=IFCINDEXEDPOLYGONALFACE((693,814,740));
#4910=IFCINDEXEDPOLYGONALFACE((685,815,736));
#4911=IFCINDEXEDPOLYGONALFACE((680,681,812));
#4912=IFCINDEXEDPOLYGONALFACE((672,673,813));
#4913=IFCINDEXEDPOLYGONALFACE((816,728,726));
#4914=IFCINDEXEDPOLYGONALFACE((722,721,724));
#4915=IFCINDEXEDPOLYGONALFACE((716,719,718));
#4916=IFCINDEXEDPOLYGONALFACE((712,805,767));
#4917=IFCINDEXEDPOLYGONALFACE((709,711,749));
#4918=IFCINDEXEDPOLYGONALFACE((705,707,706));
#4919=IFCINDEXEDPOLYGONALFACE((700,766,765));
#4920=IFCINDEXEDPOLYGONALFACE((697,699,698));
#4921=IFCINDEXEDPOLYGONALFACE((693,692,694));
#4922=IFCINDEXEDPOLYGONALFACE((689,809,763));
#4923=IFCINDEXEDPOLYGONALFACE((685,684,686));
#4924=IFCINDEXEDPOLYGONALFACE((680,679,682));
#4925=IFCINDEXEDPOLYGONALFACE((675,811,760));
#4926=IFCINDEXEDPOLYGONALFACE((672,671,674));
#4927=IFCINDEXEDPOLYGONALFACE((725,667,668));
#4928=IFCINDEXEDPOLYGONALFACE((662,759,758));
#4929=IFCINDEXEDPOLYGONALFACE((630,638,661));
#4930=IFCINDEXEDPOLYGONALFACE((638,636,660));
#4931=IFCINDEXEDPOLYGONALFACE((660,636,635));
#4932=IFCINDEXEDPOLYGONALFACE((635,634,610));
#4933=IFCINDEXEDPOLYGONALFACE((633,641,628));
#4934=IFCINDEXEDPOLYGONALFACE((627,625,631));
#4935=IFCINDEXEDPOLYGONALFACE((641,817,629));
#4936=IFCINDEXEDPOLYGONALFACE((626,818,625));
#4937=IFCINDEXEDPOLYGONALFACE((615,617,819));
#4938=IFCINDEXEDPOLYGONALFACE((612,631,630));
#4939=IFCINDEXEDPOLYGONALFACE((634,633,611));
#4940=IFCINDEXEDPOLYGONALFACE((820,818,626));
#4941=IFCINDEXEDPOLYGONALFACE((821,822,823));
#4942=IFCINDEXEDPOLYGONALFACE((824,642,623));
#4943=IFCINDEXEDPOLYGONALFACE((825,643,642));
#4944=IFCINDEXEDPOLYGONALFACE((826,640,643));
#4945=IFCINDEXEDPOLYGONALFACE((826,817,641));
#4946=IFCINDEXEDPOLYGONALFACE((284,827,828));
#4947=IFCINDEXEDPOLYGONALFACE((284,828,829));
#4948=IFCINDEXEDPOLYGONALFACE((829,830,285));
#4949=IFCINDEXEDPOLYGONALFACE((830,823,269));
#4950=IFCINDEXEDPOLYGONALFACE((817,831,832));
#4951=IFCINDEXEDPOLYGONALFACE((827,284,281));
#4952=IFCINDEXEDPOLYGONALFACE((820,833,623));
#4953=IFCINDEXEDPOLYGONALFACE((822,626,269));
#4954=IFCINDEXEDPOLYGONALFACE((288,293,307));
#4955=IFCINDEXEDPOLYGONALFACE((274,283,298));
#4956=IFCINDEXEDPOLYGONALFACE((286,302,318));
#4957=IFCINDEXEDPOLYGONALFACE((278,306,293));
#4958=IFCINDEXEDPOLYGONALFACE((282,307,298));
#4959=IFCINDEXEDPOLYGONALFACE((276,310,302));
#4960=IFCINDEXEDPOLYGONALFACE((278,277,313));
#4961=IFCINDEXEDPOLYGONALFACE((275,316,310));
#4962=IFCINDEXEDPOLYGONALFACE((275,274,297));
#4963=IFCINDEXEDPOLYGONALFACE((271,318,313));
#4964=IFCINDEXEDPOLYGONALFACE((834,781,620));
#4965=IFCINDEXEDPOLYGONALFACE((834,653,652));
#4966=IFCINDEXEDPOLYGONALFACE((835,629,832));
#4967=IFCINDEXEDPOLYGONALFACE((819,836,821));
#4968=IFCINDEXEDPOLYGONALFACE((657,837,838));
#4969=IFCINDEXEDPOLYGONALFACE((656,839,837));
#4970=IFCINDEXEDPOLYGONALFACE((655,840,839));
#4971=IFCINDEXEDPOLYGONALFACE((653,831,840));
#4972=IFCINDEXEDPOLYGONALFACE((650,841,842));
#4973=IFCINDEXEDPOLYGONALFACE((650,649,843));
#4974=IFCINDEXEDPOLYGONALFACE((647,844,843));
#4975=IFCINDEXEDPOLYGONALFACE((647,645,845));
#4976=IFCINDEXEDPOLYGONALFACE((622,842,846));
#4977=IFCINDEXEDPOLYGONALFACE((619,838,836));
#4978=IFCINDEXEDPOLYGONALFACE((831,653,834));
#4979=IFCINDEXEDPOLYGONALFACE((846,832,834));
#4980=IFCINDEXEDPOLYGONALFACE((836,820,822));
#4981=IFCINDEXEDPOLYGONALFACE((837,824,833));
#4982=IFCINDEXEDPOLYGONALFACE((839,825,824));
#4983=IFCINDEXEDPOLYGONALFACE((839,840,826));
#4984=IFCINDEXEDPOLYGONALFACE((840,831,817));
#4985=IFCINDEXEDPOLYGONALFACE((841,828,827));
#4986=IFCINDEXEDPOLYGONALFACE((841,843,829));
#4987=IFCINDEXEDPOLYGONALFACE((844,830,829));
#4988=IFCINDEXEDPOLYGONALFACE((844,845,823));
#4989=IFCINDEXEDPOLYGONALFACE((842,827,835));
#4990=IFCINDEXEDPOLYGONALFACE((838,833,820));
#4991=IFCINDEXEDPOLYGONALFACE((616,821,845));
#4992=IFCINDEXEDPOLYGONALFACE((847,848,849));
#4993=IFCINDEXEDPOLYGONALFACE((847,850,851));
#4994=IFCINDEXEDPOLYGONALFACE((852,853,854));
#4995=IFCINDEXEDPOLYGONALFACE((854,855,856));
#4996=IFCINDEXEDPOLYGONALFACE((857,858,859));
#4997=IFCINDEXEDPOLYGONALFACE((13,860,861));
#4998=IFCINDEXEDPOLYGONALFACE((16,862,863));
#4999=IFCINDEXEDPOLYGONALFACE((19,864,865));
#5000=IFCINDEXEDPOLYGONALFACE((866,867,22));
#5001=IFCINDEXEDPOLYGONALFACE((14,861,866));
#5002=IFCINDEXEDPOLYGONALFACE((868,869,870));
#5003=IFCINDEXEDPOLYGONALFACE((871,872,873));
#5004=IFCINDEXEDPOLYGONALFACE((874,875,876));
#5005=IFCINDEXEDPOLYGONALFACE((858,874,877));
#5006=IFCINDEXEDPOLYGONALFACE((869,878,879));
#5007=IFCINDEXEDPOLYGONALFACE((872,880,881));
#5008=IFCINDEXEDPOLYGONALFACE((882,883,875));
#5009=IFCINDEXEDPOLYGONALFACE((884,852,885));
#5010=IFCINDEXEDPOLYGONALFACE((878,886,887));
#5011=IFCINDEXEDPOLYGONALFACE((880,888,889));
#5012=IFCINDEXEDPOLYGONALFACE((882,890,891));
#5013=IFCINDEXEDPOLYGONALFACE((892,890,893));
#5014=IFCINDEXEDPOLYGONALFACE((886,894,895));
#5015=IFCINDEXEDPOLYGONALFACE((888,896,897));
#5016=IFCINDEXEDPOLYGONALFACE((898,899,891));
#5017=IFCINDEXEDPOLYGONALFACE((851,850,898));
#5018=IFCINDEXEDPOLYGONALFACE((894,900,901));
#5019=IFCINDEXEDPOLYGONALFACE((902,903,897));
#5020=IFCINDEXEDPOLYGONALFACE((898,904,905));
#5021=IFCINDEXEDPOLYGONALFACE((849,904,898));
#5022=IFCINDEXEDPOLYGONALFACE((906,907,908));
#5023=IFCINDEXEDPOLYGONALFACE((853,907,906));
#5024=IFCINDEXEDPOLYGONALFACE((909,854,853));
#5025=IFCINDEXEDPOLYGONALFACE((72,910,911));
#5026=IFCINDEXEDPOLYGONALFACE((855,854,909));
#5027=IFCINDEXEDPOLYGONALFACE((912,855,913));
#5028=IFCINDEXEDPOLYGONALFACE((914,906,915));
#5029=IFCINDEXEDPOLYGONALFACE((916,917,913));
#5030=IFCINDEXEDPOLYGONALFACE((906,918,919));
#5031=IFCINDEXEDPOLYGONALFACE((920,913,909));
#5032=IFCINDEXEDPOLYGONALFACE((921,909,914));
#5033=IFCINDEXEDPOLYGONALFACE((83,911,922));
#5034=IFCINDEXEDPOLYGONALFACE((923,856,924));
#5035=IFCINDEXEDPOLYGONALFACE((923,925,885));
#5036=IFCINDEXEDPOLYGONALFACE((925,926,927));
#5037=IFCINDEXEDPOLYGONALFACE((924,928,926));
#5038=IFCINDEXEDPOLYGONALFACE((929,930,851));
#5039=IFCINDEXEDPOLYGONALFACE((874,858,931));
#5040=IFCINDEXEDPOLYGONALFACE((932,927,933));
#5041=IFCINDEXEDPOLYGONALFACE((851,890,892));
#5042=IFCINDEXEDPOLYGONALFACE((856,929,934));
#5043=IFCINDEXEDPOLYGONALFACE((932,931,885));
#5044=IFCINDEXEDPOLYGONALFACE((857,935,907));
#5045=IFCINDEXEDPOLYGONALFACE((884,931,858));
#5046=IFCINDEXEDPOLYGONALFACE((935,860,908));
#5047=IFCINDEXEDPOLYGONALFACE((72,164,848));
#5048=IFCINDEXEDPOLYGONALFACE((912,847,930));
#5049=IFCINDEXEDPOLYGONALFACE((934,892,928));
#5050=IFCINDEXEDPOLYGONALFACE((855,930,929));
#5051=IFCINDEXEDPOLYGONALFACE((884,857,853));
#5052=IFCINDEXEDPOLYGONALFACE((893,936,937));
#5053=IFCINDEXEDPOLYGONALFACE((938,933,939));
#5054=IFCINDEXEDPOLYGONALFACE((940,874,932));
#5055=IFCINDEXEDPOLYGONALFACE((926,928,941));
#5056=IFCINDEXEDPOLYGONALFACE((890,882,936));
#5057=IFCINDEXEDPOLYGONALFACE((927,926,939));
#5058=IFCINDEXEDPOLYGONALFACE((928,892,942));
#5059=IFCINDEXEDPOLYGONALFACE((936,882,874));
#5060=IFCINDEXEDPOLYGONALFACE((943,944,945));
#5061=IFCINDEXEDPOLYGONALFACE((945,946,947));
#5062=IFCINDEXEDPOLYGONALFACE((936,940,948));
#5063=IFCINDEXEDPOLYGONALFACE((949,950,933));
#5064=IFCINDEXEDPOLYGONALFACE((951,939,941));
#5065=IFCINDEXEDPOLYGONALFACE((940,950,949));
#5066=IFCINDEXEDPOLYGONALFACE((942,893,952));
#5067=IFCINDEXEDPOLYGONALFACE((953,941,942));
#5068=IFCINDEXEDPOLYGONALFACE((954,955,956));
#5069=IFCINDEXEDPOLYGONALFACE((946,957,958));
#5070=IFCINDEXEDPOLYGONALFACE((957,959,960));
#5071=IFCINDEXEDPOLYGONALFACE((961,962,955));
#5072=IFCINDEXEDPOLYGONALFACE((963,956,944));
#5073=IFCINDEXEDPOLYGONALFACE((959,962,961));
#5074=IFCINDEXEDPOLYGONALFACE((964,948,949));
#5075=IFCINDEXEDPOLYGONALFACE((965,964,966));
#5076=IFCINDEXEDPOLYGONALFACE((967,965,968));
#5077=IFCINDEXEDPOLYGONALFACE((967,969,962));
#5078=IFCINDEXEDPOLYGONALFACE((951,953,970));
#5079=IFCINDEXEDPOLYGONALFACE((971,970,972));
#5080=IFCINDEXEDPOLYGONALFACE((973,974,972));
#5081=IFCINDEXEDPOLYGONALFACE((956,973,975));
#5082=IFCINDEXEDPOLYGONALFACE((966,949,938));
#5083=IFCINDEXEDPOLYGONALFACE((966,976,977));
#5084=IFCINDEXEDPOLYGONALFACE((969,968,977));
#5085=IFCINDEXEDPOLYGONALFACE((962,969,978));
#5086=IFCINDEXEDPOLYGONALFACE((979,937,948));
#5087=IFCINDEXEDPOLYGONALFACE((980,979,964));
#5088=IFCINDEXEDPOLYGONALFACE((981,980,965));
#5089=IFCINDEXEDPOLYGONALFACE((981,967,959));
#5090=IFCINDEXEDPOLYGONALFACE((982,952,937));
#5091=IFCINDEXEDPOLYGONALFACE((983,982,979));
#5092=IFCINDEXEDPOLYGONALFACE((984,983,980));
#5093=IFCINDEXEDPOLYGONALFACE((984,981,957));
#5094=IFCINDEXEDPOLYGONALFACE((938,951,971));
#5095=IFCINDEXEDPOLYGONALFACE((977,976,971));
#5096=IFCINDEXEDPOLYGONALFACE((977,974,973));
#5097=IFCINDEXEDPOLYGONALFACE((955,978,973));
#5098=IFCINDEXEDPOLYGONALFACE((985,986,952));
#5099=IFCINDEXEDPOLYGONALFACE((987,985,982));
#5100=IFCINDEXEDPOLYGONALFACE((988,987,983));
#5101=IFCINDEXEDPOLYGONALFACE((988,984,946));
#5102=IFCINDEXEDPOLYGONALFACE((953,986,985));
#5103=IFCINDEXEDPOLYGONALFACE((970,985,987));
#5104=IFCINDEXEDPOLYGONALFACE((975,972,987));
#5105=IFCINDEXEDPOLYGONALFACE((944,975,988));
#5106=IFCINDEXEDPOLYGONALFACE((860,13,152));
#5107=IFCINDEXEDPOLYGONALFACE((919,918,154));
#5108=IFCINDEXEDPOLYGONALFACE((918,908,152));
#5109=IFCINDEXEDPOLYGONALFACE((861,859,877));
#5110=IFCINDEXEDPOLYGONALFACE((866,877,876));
#5111=IFCINDEXEDPOLYGONALFACE((864,871,989));
#5112=IFCINDEXEDPOLYGONALFACE((868,990,863));
#5113=IFCINDEXEDPOLYGONALFACE((935,859,861));
#5114=IFCINDEXEDPOLYGONALFACE((848,847,912));
#5115=IFCINDEXEDPOLYGONALFACE((911,917,916));
#5116=IFCINDEXEDPOLYGONALFACE((910,912,917));
#5117=IFCINDEXEDPOLYGONALFACE((158,157,904));
#5118=IFCINDEXEDPOLYGONALFACE((157,159,905));
#5119=IFCINDEXEDPOLYGONALFACE((161,160,903));
#5120=IFCINDEXEDPOLYGONALFACE((163,162,901));
#5121=IFCINDEXEDPOLYGONALFACE((164,158,849));
#5122=IFCINDEXEDPOLYGONALFACE((167,991,992));
#5123=IFCINDEXEDPOLYGONALFACE((168,215,993));
#5124=IFCINDEXEDPOLYGONALFACE((168,994,995));
#5125=IFCINDEXEDPOLYGONALFACE((172,995,991));
#5126=IFCINDEXEDPOLYGONALFACE((996,997,998));
#5127=IFCINDEXEDPOLYGONALFACE((999,1000,997));
#5128=IFCINDEXEDPOLYGONALFACE((998,1001,1002));
#5129=IFCINDEXEDPOLYGONALFACE((1003,1004,1005));
#5130=IFCINDEXEDPOLYGONALFACE((1004,1000,999));
#5131=IFCINDEXEDPOLYGONALFACE((1001,1006,1007));
#5132=IFCINDEXEDPOLYGONALFACE((1007,1006,1008));
#5133=IFCINDEXEDPOLYGONALFACE((1009,1003,1010));
#5134=IFCINDEXEDPOLYGONALFACE((1011,1008,1012));
#5135=IFCINDEXEDPOLYGONALFACE((1013,1012,1009));
#5136=IFCINDEXEDPOLYGONALFACE((1012,1014,1015));
#5137=IFCINDEXEDPOLYGONALFACE((1016,1014,1012));
#5138=IFCINDEXEDPOLYGONALFACE((1015,1017,1003));
#5139=IFCINDEXEDPOLYGONALFACE((1018,1016,1008));
#5140=IFCINDEXEDPOLYGONALFACE((1019,1018,1006));
#5141=IFCINDEXEDPOLYGONALFACE((1004,1020,1021));
#5142=IFCINDEXEDPOLYGONALFACE((1003,1017,1020));
#5143=IFCINDEXEDPOLYGONALFACE((998,1022,1019));
#5144=IFCINDEXEDPOLYGONALFACE((1021,1023,997));
#5145=IFCINDEXEDPOLYGONALFACE((1023,1022,998));
#5146=IFCINDEXEDPOLYGONALFACE((994,993,1022));
#5147=IFCINDEXEDPOLYGONALFACE((995,994,1023));
#5148=IFCINDEXEDPOLYGONALFACE((1022,993,1024));
#5149=IFCINDEXEDPOLYGONALFACE((1017,992,991));
#5150=IFCINDEXEDPOLYGONALFACE((1020,991,995));
#5151=IFCINDEXEDPOLYGONALFACE((1024,1025,1018));
#5152=IFCINDEXEDPOLYGONALFACE((1025,1026,1016));
#5153=IFCINDEXEDPOLYGONALFACE((1015,1027,992));
#5154=IFCINDEXEDPOLYGONALFACE((1026,1028,1014));
#5155=IFCINDEXEDPOLYGONALFACE((1028,1027,1015));
#5156=IFCINDEXEDPOLYGONALFACE((1029,217,209));
#5157=IFCINDEXEDPOLYGONALFACE((1030,1024,993));
#5158=IFCINDEXEDPOLYGONALFACE((1031,1029,992));
#5159=IFCINDEXEDPOLYGONALFACE((1032,1031,1027));
#5160=IFCINDEXEDPOLYGONALFACE((1033,1032,1028));
#5161=IFCINDEXEDPOLYGONALFACE((1034,1033,1026));
#5162=IFCINDEXEDPOLYGONALFACE((1034,1025,1024));
#5163=IFCINDEXEDPOLYGONALFACE((218,1035,993));
#5164=IFCINDEXEDPOLYGONALFACE((162,217,1029));
#5165=IFCINDEXEDPOLYGONALFACE((990,1030,1035));
#5166=IFCINDEXEDPOLYGONALFACE((895,901,1029));
#5167=IFCINDEXEDPOLYGONALFACE((887,895,1031));
#5168=IFCINDEXEDPOLYGONALFACE((879,887,1032));
#5169=IFCINDEXEDPOLYGONALFACE((870,879,1033));
#5170=IFCINDEXEDPOLYGONALFACE((990,870,1034));
#5171=IFCINDEXEDPOLYGONALFACE((17,863,1035));
#5172=IFCINDEXEDPOLYGONALFACE((1036,999,996));
#5173=IFCINDEXEDPOLYGONALFACE((1037,1038,1002));
#5174=IFCINDEXEDPOLYGONALFACE((1011,1013,1039));
#5175=IFCINDEXEDPOLYGONALFACE((1005,999,1036));
#5176=IFCINDEXEDPOLYGONALFACE((1010,1005,1040));
#5177=IFCINDEXEDPOLYGONALFACE((1041,1007,1011));
#5178=IFCINDEXEDPOLYGONALFACE((1042,1010,1043));
#5179=IFCINDEXEDPOLYGONALFACE((1044,996,1038));
#5180=IFCINDEXEDPOLYGONALFACE((1045,1002,1007));
#5181=IFCINDEXEDPOLYGONALFACE((1013,1042,1046));
#5182=IFCINDEXEDPOLYGONALFACE((1047,1043,1040));
#5183=IFCINDEXEDPOLYGONALFACE((1048,1041,1049));
#5184=IFCINDEXEDPOLYGONALFACE((1050,1046,1043));
#5185=IFCINDEXEDPOLYGONALFACE((1044,1037,1051));
#5186=IFCINDEXEDPOLYGONALFACE((1052,1045,1041));
#5187=IFCINDEXEDPOLYGONALFACE((1053,1039,1046));
#5188=IFCINDEXEDPOLYGONALFACE((1036,1044,1054));
#5189=IFCINDEXEDPOLYGONALFACE((1051,1037,1045));
#5190=IFCINDEXEDPOLYGONALFACE((1055,1049,1039));
#5191=IFCINDEXEDPOLYGONALFACE((1040,1036,1056));
#5192=IFCINDEXEDPOLYGONALFACE((1057,1048,1055));
#5193=IFCINDEXEDPOLYGONALFACE((1058,1050,1047));
#5194=IFCINDEXEDPOLYGONALFACE((1054,1051,1059));
#5195=IFCINDEXEDPOLYGONALFACE((1060,1052,1048));
#5196=IFCINDEXEDPOLYGONALFACE((1061,1053,1050));
#5197=IFCINDEXEDPOLYGONALFACE((1056,1054,1062));
#5198=IFCINDEXEDPOLYGONALFACE((1051,1052,1060));
#5199=IFCINDEXEDPOLYGONALFACE((1063,1055,1053));
#5200=IFCINDEXEDPOLYGONALFACE((1064,1056,1065));
#5201=IFCINDEXEDPOLYGONALFACE((1047,1064,1066));
#5202=IFCINDEXEDPOLYGONALFACE((1065,1062,1067));
#5203=IFCINDEXEDPOLYGONALFACE((1059,1060,1068));
#5204=IFCINDEXEDPOLYGONALFACE((1069,1063,1061));
#5205=IFCINDEXEDPOLYGONALFACE((1066,1065,1070));
#5206=IFCINDEXEDPOLYGONALFACE((1071,1066,1072));
#5207=IFCINDEXEDPOLYGONALFACE((1073,1057,1063));
#5208=IFCINDEXEDPOLYGONALFACE((1074,1058,1071));
#5209=IFCINDEXEDPOLYGONALFACE((1062,1059,1075));
#5210=IFCINDEXEDPOLYGONALFACE((1068,1060,1057));
#5211=IFCINDEXEDPOLYGONALFACE((1076,1061,1058));
#5212=IFCINDEXEDPOLYGONALFACE((1077,1075,1068));
#5213=IFCINDEXEDPOLYGONALFACE((1078,1069,1076));
#5214=IFCINDEXEDPOLYGONALFACE((1079,1072,1070));
#5215=IFCINDEXEDPOLYGONALFACE((1080,1072,1079));
#5216=IFCINDEXEDPOLYGONALFACE((1081,1073,1069));
#5217=IFCINDEXEDPOLYGONALFACE((1082,1074,1080));
#5218=IFCINDEXEDPOLYGONALFACE((1067,1075,1077));
#5219=IFCINDEXEDPOLYGONALFACE((1083,1068,1073));
#5220=IFCINDEXEDPOLYGONALFACE((1084,1076,1074));
#5221=IFCINDEXEDPOLYGONALFACE((1070,1067,1085));
#5222=IFCINDEXEDPOLYGONALFACE((1086,1087,1088));
#5223=IFCINDEXEDPOLYGONALFACE((1089,1090,1091));
#5224=IFCINDEXEDPOLYGONALFACE((1092,1090,1089));
#5225=IFCINDEXEDPOLYGONALFACE((1093,1087,1086));
#5226=IFCINDEXEDPOLYGONALFACE((1094,1092,1095));
#5227=IFCINDEXEDPOLYGONALFACE((1096,1097,1098));
#5228=IFCINDEXEDPOLYGONALFACE((1099,1100,1093));
#5229=IFCINDEXEDPOLYGONALFACE((1101,1088,1094));
#5230=IFCINDEXEDPOLYGONALFACE((1102,1091,1096));
#5231=IFCINDEXEDPOLYGONALFACE((1098,1097,1100));
#5232=IFCINDEXEDPOLYGONALFACE((1103,1077,1083));
#5233=IFCINDEXEDPOLYGONALFACE((1104,1103,1105));
#5234=IFCINDEXEDPOLYGONALFACE((1104,1106,1107));
#5235=IFCINDEXEDPOLYGONALFACE((1108,1085,1109));
#5236=IFCINDEXEDPOLYGONALFACE((1110,1109,1111));
#5237=IFCINDEXEDPOLYGONALFACE((1112,1113,1111));
#5238=IFCINDEXEDPOLYGONALFACE((1114,1084,1082));
#5239=IFCINDEXEDPOLYGONALFACE((1114,1115,1116));
#5240=IFCINDEXEDPOLYGONALFACE((1117,1116,1118));
#5241=IFCINDEXEDPOLYGONALFACE((1105,1083,1081));
#5242=IFCINDEXEDPOLYGONALFACE((1106,1105,1119));
#5243=IFCINDEXEDPOLYGONALFACE((1106,1120,1121));
#5244=IFCINDEXEDPOLYGONALFACE((1085,1077,1103));
#5245=IFCINDEXEDPOLYGONALFACE((1109,1103,1104));
#5246=IFCINDEXEDPOLYGONALFACE((1122,1111,1104));
#5247=IFCINDEXEDPOLYGONALFACE((1115,1082,1123));
#5248=IFCINDEXEDPOLYGONALFACE((1115,1124,1125));
#5249=IFCINDEXEDPOLYGONALFACE((1116,1125,1126));
#5250=IFCINDEXEDPOLYGONALFACE((1119,1081,1078));
#5251=IFCINDEXEDPOLYGONALFACE((1120,1119,1127));
#5252=IFCINDEXEDPOLYGONALFACE((1120,1128,1129));
#5253=IFCINDEXEDPOLYGONALFACE((1123,1079,1130));
#5254=IFCINDEXEDPOLYGONALFACE((1124,1130,1131));
#5255=IFCINDEXEDPOLYGONALFACE((1125,1131,1132));
#5256=IFCINDEXEDPOLYGONALFACE((1079,1108,1110));
#5257=IFCINDEXEDPOLYGONALFACE((1130,1110,1113));
#5258=IFCINDEXEDPOLYGONALFACE((1132,1131,1113));
#5259=IFCINDEXEDPOLYGONALFACE((1127,1078,1084));
#5260=IFCINDEXEDPOLYGONALFACE((1127,1114,1117));
#5261=IFCINDEXEDPOLYGONALFACE((1128,1117,1133));
#5262=IFCINDEXEDPOLYGONALFACE((160,163,900));
#5263=IFCINDEXEDPOLYGONALFACE((865,989,868));
#5264=IFCINDEXEDPOLYGONALFACE((897,903,900));
#5265=IFCINDEXEDPOLYGONALFACE((889,897,894));
#5266=IFCINDEXEDPOLYGONALFACE((881,889,886));
#5267=IFCINDEXEDPOLYGONALFACE((873,881,878));
#5268=IFCINDEXEDPOLYGONALFACE((989,873,869));
#5269=IFCINDEXEDPOLYGONALFACE((865,862,16));
#5270=IFCINDEXEDPOLYGONALFACE((1134,1135,1136));
#5271=IFCINDEXEDPOLYGONALFACE((954,1137,1138));
#5272=IFCINDEXEDPOLYGONALFACE((1139,1140,1141));
#5273=IFCINDEXEDPOLYGONALFACE((954,963,1142));
#5274=IFCINDEXEDPOLYGONALFACE((943,1143,1144));
#5275=IFCINDEXEDPOLYGONALFACE((1144,1145,963));
#5276=IFCINDEXEDPOLYGONALFACE((1145,1142,963));
#5277=IFCINDEXEDPOLYGONALFACE((1146,1147,1148));
#5278=IFCINDEXEDPOLYGONALFACE((1149,1146,1150));
#5279=IFCINDEXEDPOLYGONALFACE((1149,1151,1140));
#5280=IFCINDEXEDPOLYGONALFACE((958,1152,1153));
#5281=IFCINDEXEDPOLYGONALFACE((1154,1153,1152));
#5282=IFCINDEXEDPOLYGONALFACE((1151,1150,1155));
#5283=IFCINDEXEDPOLYGONALFACE((958,1153,1156));
#5284=IFCINDEXEDPOLYGONALFACE((1155,1156,1153));
#5285=IFCINDEXEDPOLYGONALFACE((1150,1148,1157));
#5286=IFCINDEXEDPOLYGONALFACE((1156,1158,947));
#5287=IFCINDEXEDPOLYGONALFACE((1155,1157,1158));
#5288=IFCINDEXEDPOLYGONALFACE((1159,1160,1161));
#5289=IFCINDEXEDPOLYGONALFACE((1162,1161,1163));
#5290=IFCINDEXEDPOLYGONALFACE((1161,1160,1164));
#5291=IFCINDEXEDPOLYGONALFACE((1142,1145,1160));
#5292=IFCINDEXEDPOLYGONALFACE((1165,1166,1163));
#5293=IFCINDEXEDPOLYGONALFACE((1164,1167,1135));
#5294=IFCINDEXEDPOLYGONALFACE((1145,1144,1164));
#5295=IFCINDEXEDPOLYGONALFACE((1165,1135,1134));
#5296=IFCINDEXEDPOLYGONALFACE((1168,1169,1159));
#5297=IFCINDEXEDPOLYGONALFACE((1170,1171,1172));
#5298=IFCINDEXEDPOLYGONALFACE((1144,1143,1167));
#5299=IFCINDEXEDPOLYGONALFACE((1162,1173,1174));
#5300=IFCINDEXEDPOLYGONALFACE((1141,1140,1175));
#5301=IFCINDEXEDPOLYGONALFACE((1141,1172,1176));
#5302=IFCINDEXEDPOLYGONALFACE((1142,1159,1169));
#5303=IFCINDEXEDPOLYGONALFACE((1152,958,960));
#5304=IFCINDEXEDPOLYGONALFACE((1170,1175,1152));
#5305=IFCINDEXEDPOLYGONALFACE((1136,1177,1157));
#5306=IFCINDEXEDPOLYGONALFACE((1176,1178,1168));
#5307=IFCINDEXEDPOLYGONALFACE((1174,1179,1180));
#5308=IFCINDEXEDPOLYGONALFACE((1137,1169,1181));
#5309=IFCINDEXEDPOLYGONALFACE((1143,943,1182));
#5310=IFCINDEXEDPOLYGONALFACE((1167,1143,1183));
#5311=IFCINDEXEDPOLYGONALFACE((1184,1171,1170));
#5312=IFCINDEXEDPOLYGONALFACE((1169,1185,1184));
#5313=IFCINDEXEDPOLYGONALFACE((1186,1187,1188));
#5314=IFCINDEXEDPOLYGONALFACE((1189,1190,1191));
#5315=IFCINDEXEDPOLYGONALFACE((1192,1193,1194));
#5316=IFCINDEXEDPOLYGONALFACE((1192,1195,1196));
#5317=IFCINDEXEDPOLYGONALFACE((1197,1198,1191));
#5318=IFCINDEXEDPOLYGONALFACE((1199,1200,1201));
#5319=IFCINDEXEDPOLYGONALFACE((1202,1203,1204));
#5320=IFCINDEXEDPOLYGONALFACE((1205,1206,1207));
#5321=IFCINDEXEDPOLYGONALFACE((1205,1208,1209));
#5322=IFCINDEXEDPOLYGONALFACE((1210,1204,1211));
#5323=IFCINDEXEDPOLYGONALFACE((1212,1213,1214));
#5324=IFCINDEXEDPOLYGONALFACE((1215,1216,1217));
#5325=IFCINDEXEDPOLYGONALFACE((1218,1219,1220));
#5326=IFCINDEXEDPOLYGONALFACE((1219,1221,1222));
#5327=IFCINDEXEDPOLYGONALFACE((1223,1224,1217));
#5328=IFCINDEXEDPOLYGONALFACE((1225,1226,1227));
#5329=IFCINDEXEDPOLYGONALFACE((1228,1229,1230));
#5330=IFCINDEXEDPOLYGONALFACE((1231,1232,1233));
#5331=IFCINDEXEDPOLYGONALFACE((1234,1235,1232));
#5332=IFCINDEXEDPOLYGONALFACE((1236,1237,1230));
#5333=IFCINDEXEDPOLYGONALFACE((1238,1139,1239));
#5334=IFCINDEXEDPOLYGONALFACE((1240,1241,1179));
#5335=IFCINDEXEDPOLYGONALFACE((1242,1240,1174));
#5336=IFCINDEXEDPOLYGONALFACE((1243,1244,1139));
#5337=IFCINDEXEDPOLYGONALFACE((1245,1149,1139));
#5338=IFCINDEXEDPOLYGONALFACE((1246,1247,1244));
#5339=IFCINDEXEDPOLYGONALFACE((1248,1246,1173));
#5340=IFCINDEXEDPOLYGONALFACE((1249,1250,1149));
#5341=IFCINDEXEDPOLYGONALFACE((1251,1252,1146));
#5342=IFCINDEXEDPOLYGONALFACE((1253,1254,1250));
#5343=IFCINDEXEDPOLYGONALFACE((1253,1163,1166));
#5344=IFCINDEXEDPOLYGONALFACE((1255,1256,1146));
#5345=IFCINDEXEDPOLYGONALFACE((1257,1258,1147));
#5346=IFCINDEXEDPOLYGONALFACE((1259,1260,1256));
#5347=IFCINDEXEDPOLYGONALFACE((1259,1166,1134));
#5348=IFCINDEXEDPOLYGONALFACE((1258,1261,1262));
#5349=IFCINDEXEDPOLYGONALFACE((1263,1134,1262));
#5350=IFCINDEXEDPOLYGONALFACE((1260,1257,1146));
#5351=IFCINDEXEDPOLYGONALFACE((1264,1166,1256));
#5352=IFCINDEXEDPOLYGONALFACE((1254,1251,1149));
#5353=IFCINDEXEDPOLYGONALFACE((1248,1163,1250));
#5354=IFCINDEXEDPOLYGONALFACE((1247,1265,1139));
#5355=IFCINDEXEDPOLYGONALFACE((1242,1173,1244));
#5356=IFCINDEXEDPOLYGONALFACE((1241,1266,1239));
#5357=IFCINDEXEDPOLYGONALFACE((1234,1236,1267));
#5358=IFCINDEXEDPOLYGONALFACE((1228,1268,1233));
#5359=IFCINDEXEDPOLYGONALFACE((1227,1269,1270));
#5360=IFCINDEXEDPOLYGONALFACE((1223,1271,1222));
#5361=IFCINDEXEDPOLYGONALFACE((1218,1272,1216));
#5362=IFCINDEXEDPOLYGONALFACE((1214,1273,1274));
#5363=IFCINDEXEDPOLYGONALFACE((1208,1275,1211));
#5364=IFCINDEXEDPOLYGONALFACE((1202,1276,1207));
#5365=IFCINDEXEDPOLYGONALFACE((1201,1277,1278));
#5366=IFCINDEXEDPOLYGONALFACE((1197,1279,1196));
#5367=IFCINDEXEDPOLYGONALFACE((1189,1280,1194));
#5368=IFCINDEXEDPOLYGONALFACE((1281,1188,1282));
#5369=IFCINDEXEDPOLYGONALFACE((1135,1167,1177));
#5370=IFCINDEXEDPOLYGONALFACE((1178,1185,1169));
#5371=IFCINDEXEDPOLYGONALFACE((1183,1158,1157));
#5372=IFCINDEXEDPOLYGONALFACE((1183,1182,947));
#5373=IFCINDEXEDPOLYGONALFACE((1138,1181,1170));
#5374=IFCINDEXEDPOLYGONALFACE((1175,1140,1151));
#5375=IFCINDEXEDPOLYGONALFACE((1180,1179,1239));
#5376=IFCINDEXEDPOLYGONALFACE((961,1138,1283));
#5377=IFCINDEXEDPOLYGONALFACE((1136,1148,1147));
#5378=IFCINDEXEDPOLYGONALFACE((1284,1285,1242));
#5379=IFCINDEXEDPOLYGONALFACE((1286,1287,1285));
#5380=IFCINDEXEDPOLYGONALFACE((1190,1194,1287));
#5381=IFCINDEXEDPOLYGONALFACE((1288,1266,1241));
#5382=IFCINDEXEDPOLYGONALFACE((1289,1290,1288));
#5383=IFCINDEXEDPOLYGONALFACE((1279,1290,1289));
#5384=IFCINDEXEDPOLYGONALFACE((1288,1291,1238));
#5385=IFCINDEXEDPOLYGONALFACE((1290,1292,1291));
#5386=IFCINDEXEDPOLYGONALFACE((1279,1191,1292));
#5387=IFCINDEXEDPOLYGONALFACE((1293,1241,1240));
#5388=IFCINDEXEDPOLYGONALFACE((1289,1293,1294));
#5389=IFCINDEXEDPOLYGONALFACE((1196,1289,1295));
#5390=IFCINDEXEDPOLYGONALFACE((1285,1294,1240));
#5391=IFCINDEXEDPOLYGONALFACE((1287,1295,1294));
#5392=IFCINDEXEDPOLYGONALFACE((1193,1295,1287));
#5393=IFCINDEXEDPOLYGONALFACE((1284,1243,1238));
#5394=IFCINDEXEDPOLYGONALFACE((1286,1284,1291));
#5395=IFCINDEXEDPOLYGONALFACE((1190,1286,1292));
#5396=IFCINDEXEDPOLYGONALFACE((1296,1297,1248));
#5397=IFCINDEXEDPOLYGONALFACE((1298,1299,1297));
#5398=IFCINDEXEDPOLYGONALFACE((1229,1233,1299));
#5399=IFCINDEXEDPOLYGONALFACE((1300,1301,1265));
#5400=IFCINDEXEDPOLYGONALFACE((1302,1301,1300));
#5401=IFCINDEXEDPOLYGONALFACE((1267,1302,1303));
#5402=IFCINDEXEDPOLYGONALFACE((1304,1245,1265));
#5403=IFCINDEXEDPOLYGONALFACE((1302,1305,1304));
#5404=IFCINDEXEDPOLYGONALFACE((1267,1230,1305));
#5405=IFCINDEXEDPOLYGONALFACE((1300,1247,1246));
#5406=IFCINDEXEDPOLYGONALFACE((1303,1300,1306));
#5407=IFCINDEXEDPOLYGONALFACE((1232,1235,1303));
#5408=IFCINDEXEDPOLYGONALFACE((1297,1306,1246));
#5409=IFCINDEXEDPOLYGONALFACE((1307,1306,1297));
#5410=IFCINDEXEDPOLYGONALFACE((1233,1232,1307));
#5411=IFCINDEXEDPOLYGONALFACE((1296,1249,1245));
#5412=IFCINDEXEDPOLYGONALFACE((1298,1296,1304));
#5413=IFCINDEXEDPOLYGONALFACE((1229,1298,1305));
#5414=IFCINDEXEDPOLYGONALFACE((1308,1264,1255));
#5415=IFCINDEXEDPOLYGONALFACE((1309,1308,1310));
#5416=IFCINDEXEDPOLYGONALFACE((1272,1309,1311));
#5417=IFCINDEXEDPOLYGONALFACE((1312,1313,1251));
#5418=IFCINDEXEDPOLYGONALFACE((1314,1313,1312));
#5419=IFCINDEXEDPOLYGONALFACE((1271,1314,1315));
#5420=IFCINDEXEDPOLYGONALFACE((1316,1252,1251));
#5421=IFCINDEXEDPOLYGONALFACE((1314,1317,1316));
#5422=IFCINDEXEDPOLYGONALFACE((1271,1217,1317));
#5423=IFCINDEXEDPOLYGONALFACE((1318,1312,1254));
#5424=IFCINDEXEDPOLYGONALFACE((1319,1315,1312));
#5425=IFCINDEXEDPOLYGONALFACE((1220,1222,1315));
#5426=IFCINDEXEDPOLYGONALFACE((1318,1253,1264));
#5427=IFCINDEXEDPOLYGONALFACE((1319,1318,1308));
#5428=IFCINDEXEDPOLYGONALFACE((1220,1319,1309));
#5429=IFCINDEXEDPOLYGONALFACE((1310,1255,1252));
#5430=IFCINDEXEDPOLYGONALFACE((1317,1311,1310));
#5431=IFCINDEXEDPOLYGONALFACE((1217,1216,1311));
#5432=IFCINDEXEDPOLYGONALFACE((1320,1321,1263));
#5433=IFCINDEXEDPOLYGONALFACE((1322,1323,1321));
#5434=IFCINDEXEDPOLYGONALFACE((1203,1207,1323));
#5435=IFCINDEXEDPOLYGONALFACE((1324,1325,1257));
#5436=IFCINDEXEDPOLYGONALFACE((1326,1327,1325));
#5437=IFCINDEXEDPOLYGONALFACE((1209,1211,1327));
#5438=IFCINDEXEDPOLYGONALFACE((1328,1258,1257));
#5439=IFCINDEXEDPOLYGONALFACE((1329,1328,1325));
#5440=IFCINDEXEDPOLYGONALFACE((1204,1329,1327));
#5441=IFCINDEXEDPOLYGONALFACE((1324,1260,1259));
#5442=IFCINDEXEDPOLYGONALFACE((1326,1324,1330));
#5443=IFCINDEXEDPOLYGONALFACE((1206,1209,1326));
#5444=IFCINDEXEDPOLYGONALFACE((1321,1330,1259));
#5445=IFCINDEXEDPOLYGONALFACE((1331,1330,1321));
#5446=IFCINDEXEDPOLYGONALFACE((1206,1331,1323));
#5447=IFCINDEXEDPOLYGONALFACE((1320,1261,1258));
#5448=IFCINDEXEDPOLYGONALFACE((1322,1320,1328));
#5449=IFCINDEXEDPOLYGONALFACE((1203,1322,1329));
#5450=IFCINDEXEDPOLYGONALFACE((1282,1188,1189));
#5451=IFCINDEXEDPOLYGONALFACE((1280,1187,1186));
#5452=IFCINDEXEDPOLYGONALFACE((1186,1281,1195));
#5453=IFCINDEXEDPOLYGONALFACE((1332,1282,1198));
#5454=IFCINDEXEDPOLYGONALFACE((1277,1201,1202));
#5455=IFCINDEXEDPOLYGONALFACE((1200,1199,1205));
#5456=IFCINDEXEDPOLYGONALFACE((1199,1333,1208));
#5457=IFCINDEXEDPOLYGONALFACE((1275,1278,1277));
#5458=IFCINDEXEDPOLYGONALFACE((1273,1214,1215));
#5459=IFCINDEXEDPOLYGONALFACE((1213,1212,1219));
#5460=IFCINDEXEDPOLYGONALFACE((1212,1334,1221));
#5461=IFCINDEXEDPOLYGONALFACE((1223,1274,1273));
#5462=IFCINDEXEDPOLYGONALFACE((1269,1227,1228));
#5463=IFCINDEXEDPOLYGONALFACE((1268,1226,1225));
#5464=IFCINDEXEDPOLYGONALFACE((1225,1335,1234));
#5465=IFCINDEXEDPOLYGONALFACE((1236,1270,1269));
#5466=IFCINDEXEDPOLYGONALFACE((1189,1188,1187));
#5467=IFCINDEXEDPOLYGONALFACE((1195,1281,1332));
#5468=IFCINDEXEDPOLYGONALFACE((1202,1201,1200));
#5469=IFCINDEXEDPOLYGONALFACE((1208,1333,1278));
#5470=IFCINDEXEDPOLYGONALFACE((1215,1214,1213));
#5471=IFCINDEXEDPOLYGONALFACE((1334,1274,1223));
#5472=IFCINDEXEDPOLYGONALFACE((1228,1227,1226));
#5473=IFCINDEXEDPOLYGONALFACE((1335,1270,1236));
#5474=IFCINDEXEDPOLYGONALFACE((1336,1337,1338));
#5475=IFCINDEXEDPOLYGONALFACE((1339,1340,1341));
#5476=IFCINDEXEDPOLYGONALFACE((1342,1343,1344));
#5477=IFCINDEXEDPOLYGONALFACE((1345,1346,1344));
#5478=IFCINDEXEDPOLYGONALFACE((1339,1347,1348));
#5479=IFCINDEXEDPOLYGONALFACE((1345,1349,1348));
#5480=IFCINDEXEDPOLYGONALFACE((1340,1342,1350));
#5481=IFCINDEXEDPOLYGONALFACE((1338,1337,1351));
#5482=IFCINDEXEDPOLYGONALFACE((1352,1353,1178));
#5483=IFCINDEXEDPOLYGONALFACE((1350,1353,1352));
#5484=IFCINDEXEDPOLYGONALFACE((1354,1355,1171));
#5485=IFCINDEXEDPOLYGONALFACE((1348,1355,1354));
#5486=IFCINDEXEDPOLYGONALFACE((1356,1172,1171));
#5487=IFCINDEXEDPOLYGONALFACE((1348,1347,1356));
#5488=IFCINDEXEDPOLYGONALFACE((1357,1354,1184));
#5489=IFCINDEXEDPOLYGONALFACE((1346,1354,1357));
#5490=IFCINDEXEDPOLYGONALFACE((1353,1357,1185));
#5491=IFCINDEXEDPOLYGONALFACE((1350,1344,1357));
#5492=IFCINDEXEDPOLYGONALFACE((1352,1176,1172));
#5493=IFCINDEXEDPOLYGONALFACE((1341,1352,1356));
#5494=IFCINDEXEDPOLYGONALFACE((1351,1337,1340));
#5495=IFCINDEXEDPOLYGONALFACE((1342,1336,1358));
#5496=IFCINDEXEDPOLYGONALFACE((1343,1358,1338));
#5497=IFCINDEXEDPOLYGONALFACE((1349,1359,1351));
#5498=IFCINDEXEDPOLYGONALFACE((1337,1336,1342));
#5499=IFCINDEXEDPOLYGONALFACE((1338,1359,1349));
#5500=IFCINDEXEDPOLYGONALFACE((159,161,902));
#5501=IFCINDEXEDPOLYGONALFACE((867,876,871));
#5502=IFCINDEXEDPOLYGONALFACE((899,905,902));
#5503=IFCINDEXEDPOLYGONALFACE((899,896,888));
#5504=IFCINDEXEDPOLYGONALFACE((883,891,888));
#5505=IFCINDEXEDPOLYGONALFACE((875,883,880));
#5506=IFCINDEXEDPOLYGONALFACE((876,875,872));
#5507=IFCINDEXEDPOLYGONALFACE((22,867,864));
#5508=IFCINDEXEDPOLYGONALFACE((1360,1361,1362));
#5509=IFCINDEXEDPOLYGONALFACE((1363,1362,1364));
#5510=IFCINDEXEDPOLYGONALFACE((1365,1364,1366));
#5511=IFCINDEXEDPOLYGONALFACE((1367,1368,1366));
#5512=IFCINDEXEDPOLYGONALFACE((1369,1367,1370));
#5513=IFCINDEXEDPOLYGONALFACE((558,1371,1372));
#5514=IFCINDEXEDPOLYGONALFACE((1373,1374,561));
#5515=IFCINDEXEDPOLYGONALFACE((1375,1373,564));
#5516=IFCINDEXEDPOLYGONALFACE((1376,1375,566));
#5517=IFCINDEXEDPOLYGONALFACE((559,1372,1376));
#5518=IFCINDEXEDPOLYGONALFACE((1377,1378,1379));
#5519=IFCINDEXEDPOLYGONALFACE((1380,1381,1378));
#5520=IFCINDEXEDPOLYGONALFACE((1382,1383,1381));
#5521=IFCINDEXEDPOLYGONALFACE((1384,1370,1383));
#5522=IFCINDEXEDPOLYGONALFACE((1378,1385,1386));
#5523=IFCINDEXEDPOLYGONALFACE((1381,1387,1385));
#5524=IFCINDEXEDPOLYGONALFACE((1383,1388,1387));
#5525=IFCINDEXEDPOLYGONALFACE((1366,1388,1383));
#5526=IFCINDEXEDPOLYGONALFACE((1389,1390,1386));
#5527=IFCINDEXEDPOLYGONALFACE((1387,1391,1389));
#5528=IFCINDEXEDPOLYGONALFACE((1388,1392,1391));
#5529=IFCINDEXEDPOLYGONALFACE((1366,1364,1392));
#5530=IFCINDEXEDPOLYGONALFACE((1393,1394,1390));
#5531=IFCINDEXEDPOLYGONALFACE((1391,1395,1393));
#5532=IFCINDEXEDPOLYGONALFACE((1392,1396,1395));
#5533=IFCINDEXEDPOLYGONALFACE((1362,1396,1392));
#5534=IFCINDEXEDPOLYGONALFACE((1393,1397,1398));
#5535=IFCINDEXEDPOLYGONALFACE((1395,1399,1397));
#5536=IFCINDEXEDPOLYGONALFACE((1400,1399,1395));
#5537=IFCINDEXEDPOLYGONALFACE((1361,1400,1396));
#5538=IFCINDEXEDPOLYGONALFACE((153,561,1374));
#5539=IFCINDEXEDPOLYGONALFACE((915,1401,1379));
#5540=IFCINDEXEDPOLYGONALFACE((1402,1379,1386));
#5541=IFCINDEXEDPOLYGONALFACE((916,1394,1398));
#5542=IFCINDEXEDPOLYGONALFACE((1386,1390,920));
#5543=IFCINDEXEDPOLYGONALFACE((1390,1394,916));
#5544=IFCINDEXEDPOLYGONALFACE((595,1403,1371));
#5545=IFCINDEXEDPOLYGONALFACE((1365,1404,1363));
#5546=IFCINDEXEDPOLYGONALFACE((598,1360,1405));
#5547=IFCINDEXEDPOLYGONALFACE((599,1406,1405));
#5548=IFCINDEXEDPOLYGONALFACE((599,1407,1403));
#5549=IFCINDEXEDPOLYGONALFACE((1404,1365,1368));
#5550=IFCINDEXEDPOLYGONALFACE((1368,1367,1408));
#5551=IFCINDEXEDPOLYGONALFACE((1369,1408,1367));
#5552=IFCINDEXEDPOLYGONALFACE((1407,1409,1408));
#5553=IFCINDEXEDPOLYGONALFACE((1405,1404,1409));
#5554=IFCINDEXEDPOLYGONALFACE((1360,1363,1404));
#5555=IFCINDEXEDPOLYGONALFACE((1371,1403,1408));
#5556=IFCINDEXEDPOLYGONALFACE((922,1398,605));
#5557=IFCINDEXEDPOLYGONALFACE((1374,1401,915));
#5558=IFCINDEXEDPOLYGONALFACE((607,606,1400));
#5559=IFCINDEXEDPOLYGONALFACE((1400,606,608));
#5560=IFCINDEXEDPOLYGONALFACE((1399,608,609));
#5561=IFCINDEXEDPOLYGONALFACE((1397,609,605));
#5562=IFCINDEXEDPOLYGONALFACE((1384,1382,1376));
#5563=IFCINDEXEDPOLYGONALFACE((1376,1382,1380));
#5564=IFCINDEXEDPOLYGONALFACE((1375,1380,1377));
#5565=IFCINDEXEDPOLYGONALFACE((1373,1377,1401));
#5566=IFCINDEXEDPOLYGONALFACE((1371,1369,1384));
#5567=IFCINDEXEDPOLYGONALFACE((598,607,1361));
#5568=IFCINDEXEDPOLYGONALFACE((1102,1410,1411));
#5569=IFCINDEXEDPOLYGONALFACE((1412,1095,1413));
#5570=IFCINDEXEDPOLYGONALFACE((1414,1415,1416));
#5571=IFCINDEXEDPOLYGONALFACE((1417,1418,1419));
#5572=IFCINDEXEDPOLYGONALFACE((1420,1421,1422));
#5573=IFCINDEXEDPOLYGONALFACE((1423,1424,1425));
#5574=IFCINDEXEDPOLYGONALFACE((1086,1101,1426));
#5575=IFCINDEXEDPOLYGONALFACE((1098,1427,1428));
#5576=IFCINDEXEDPOLYGONALFACE((1101,1412,1429));
#5577=IFCINDEXEDPOLYGONALFACE((1430,1431,1424));
#5578=IFCINDEXEDPOLYGONALFACE((1410,1098,1432));
#5579=IFCINDEXEDPOLYGONALFACE((1433,1434,1435));
#5580=IFCINDEXEDPOLYGONALFACE((1436,1434,1433));
#5581=IFCINDEXEDPOLYGONALFACE((1437,1436,1438));
#5582=IFCINDEXEDPOLYGONALFACE((1424,1431,1437));
#5583=IFCINDEXEDPOLYGONALFACE((1439,1433,1440));
#5584=IFCINDEXEDPOLYGONALFACE((1438,1433,1439));
#5585=IFCINDEXEDPOLYGONALFACE((1441,1442,1438));
#5586=IFCINDEXEDPOLYGONALFACE((1424,1442,1441));
#5587=IFCINDEXEDPOLYGONALFACE((1443,1444,1415));
#5588=IFCINDEXEDPOLYGONALFACE((1445,1446,1444));
#5589=IFCINDEXEDPOLYGONALFACE((1447,1448,1446));
#5590=IFCINDEXEDPOLYGONALFACE((1449,1422,1448));
#5591=IFCINDEXEDPOLYGONALFACE((1450,1451,1452));
#5592=IFCINDEXEDPOLYGONALFACE((1453,1454,1451));
#5593=IFCINDEXEDPOLYGONALFACE((1455,1454,1453));
#5594=IFCINDEXEDPOLYGONALFACE((1419,1455,1456));
#5595=IFCINDEXEDPOLYGONALFACE((1089,1102,1457));
#5596=IFCINDEXEDPOLYGONALFACE((1458,1459,1089));
#5597=IFCINDEXEDPOLYGONALFACE((1459,1460,1089));
#5598=IFCINDEXEDPOLYGONALFACE((1095,1089,1460));
#5599=IFCINDEXEDPOLYGONALFACE((1461,1462,1463));
#5600=IFCINDEXEDPOLYGONALFACE((1464,1465,1466));
#5601=IFCINDEXEDPOLYGONALFACE((1467,1468,1469));
#5602=IFCINDEXEDPOLYGONALFACE((1470,1471,1468));
#5603=IFCINDEXEDPOLYGONALFACE((1464,1472,1473));
#5604=IFCINDEXEDPOLYGONALFACE((1474,1475,1476));
#5605=IFCINDEXEDPOLYGONALFACE((1477,1478,1479));
#5606=IFCINDEXEDPOLYGONALFACE((1480,1481,1482));
#5607=IFCINDEXEDPOLYGONALFACE((1483,1484,1481));
#5608=IFCINDEXEDPOLYGONALFACE((1485,1486,1479));
#5609=IFCINDEXEDPOLYGONALFACE((1487,1488,1489));
#5610=IFCINDEXEDPOLYGONALFACE((1490,1491,1492));
#5611=IFCINDEXEDPOLYGONALFACE((1493,1494,1495));
#5612=IFCINDEXEDPOLYGONALFACE((1496,1497,1495));
#5613=IFCINDEXEDPOLYGONALFACE((1498,1490,1499));
#5614=IFCINDEXEDPOLYGONALFACE((1500,1501,1502));
#5615=IFCINDEXEDPOLYGONALFACE((1503,1504,1505));
#5616=IFCINDEXEDPOLYGONALFACE((1506,1507,1508));
#5617=IFCINDEXEDPOLYGONALFACE((1507,1509,1510));
#5618=IFCINDEXEDPOLYGONALFACE((1503,1511,1512));
#5619=IFCINDEXEDPOLYGONALFACE((1513,1514,1515));
#5620=IFCINDEXEDPOLYGONALFACE((1516,1517,1518));
#5621=IFCINDEXEDPOLYGONALFACE((1519,1520,1521));
#5622=IFCINDEXEDPOLYGONALFACE((1519,1522,1523));
#5623=IFCINDEXEDPOLYGONALFACE((1524,1516,1525));
#5624=IFCINDEXEDPOLYGONALFACE((1526,1527,1465));
#5625=IFCINDEXEDPOLYGONALFACE((1528,1529,1530));
#5626=IFCINDEXEDPOLYGONALFACE((1530,1531,1470));
#5627=IFCINDEXEDPOLYGONALFACE((1532,1533,1526));
#5628=IFCINDEXEDPOLYGONALFACE((1534,1535,1477));
#5629=IFCINDEXEDPOLYGONALFACE((1536,1537,1538));
#5630=IFCINDEXEDPOLYGONALFACE((1538,1539,1483));
#5631=IFCINDEXEDPOLYGONALFACE((1540,1534,1486));
#5632=IFCINDEXEDPOLYGONALFACE((1541,1542,1491));
#5633=IFCINDEXEDPOLYGONALFACE((1543,1544,1494));
#5634=IFCINDEXEDPOLYGONALFACE((1494,1544,1545));
#5635=IFCINDEXEDPOLYGONALFACE((1498,1546,1541));
#5636=IFCINDEXEDPOLYGONALFACE((1547,1548,1504));
#5637=IFCINDEXEDPOLYGONALFACE((1506,1549,1550));
#5638=IFCINDEXEDPOLYGONALFACE((1550,1551,1509));
#5639=IFCINDEXEDPOLYGONALFACE((1552,1553,1547));
#5640=IFCINDEXEDPOLYGONALFACE((1516,1554,1555));
#5641=IFCINDEXEDPOLYGONALFACE((1556,1557,1558));
#5642=IFCINDEXEDPOLYGONALFACE((1519,1558,1559));
#5643=IFCINDEXEDPOLYGONALFACE((1560,1554,1516));
#5644=IFCINDEXEDPOLYGONALFACE((1526,1561,1463));
#5645=IFCINDEXEDPOLYGONALFACE((1529,1462,1461));
#5646=IFCINDEXEDPOLYGONALFACE((1530,1461,1562));
#5647=IFCINDEXEDPOLYGONALFACE((1563,1561,1526));
#5648=IFCINDEXEDPOLYGONALFACE((1564,1475,1535));
#5649=IFCINDEXEDPOLYGONALFACE((1474,1565,1538));
#5650=IFCINDEXEDPOLYGONALFACE((1538,1565,1476));
#5651=IFCINDEXEDPOLYGONALFACE((1540,1566,1564));
#5652=IFCINDEXEDPOLYGONALFACE((1541,1567,1488));
#5653=IFCINDEXEDPOLYGONALFACE((1543,1487,1568));
#5654=IFCINDEXEDPOLYGONALFACE((1568,1489,1545));
#5655=IFCINDEXEDPOLYGONALFACE((1546,1569,1567));
#5656=IFCINDEXEDPOLYGONALFACE((1547,1570,1501));
#5657=IFCINDEXEDPOLYGONALFACE((1500,1571,1550));
#5658=IFCINDEXEDPOLYGONALFACE((1550,1571,1502));
#5659=IFCINDEXEDPOLYGONALFACE((1553,1572,1570));
#5660=IFCINDEXEDPOLYGONALFACE((1573,1514,1555));
#5661=IFCINDEXEDPOLYGONALFACE((1513,1574,1558));
#5662=IFCINDEXEDPOLYGONALFACE((1574,1515,1559));
#5663=IFCINDEXEDPOLYGONALFACE((1560,1575,1573));
#5664=IFCINDEXEDPOLYGONALFACE((1576,1577,1453));
#5665=IFCINDEXEDPOLYGONALFACE((1525,1577,1576));
#5666=IFCINDEXEDPOLYGONALFACE((1578,1579,1580));
#5667=IFCINDEXEDPOLYGONALFACE((1520,1523,1579));
#5668=IFCINDEXEDPOLYGONALFACE((1578,1449,1447));
#5669=IFCINDEXEDPOLYGONALFACE((1521,1520,1578));
#5670=IFCINDEXEDPOLYGONALFACE((1577,1581,1582));
#5671=IFCINDEXEDPOLYGONALFACE((1525,1518,1581));
#5672=IFCINDEXEDPOLYGONALFACE((1583,1450,1584));
#5673=IFCINDEXEDPOLYGONALFACE((1473,1472,1583));
#5674=IFCINDEXEDPOLYGONALFACE((1585,1586,1587));
#5675=IFCINDEXEDPOLYGONALFACE((1471,1586,1585));
#5676=IFCINDEXEDPOLYGONALFACE((1585,1420,1449));
#5677=IFCINDEXEDPOLYGONALFACE((1469,1468,1585));
#5678=IFCINDEXEDPOLYGONALFACE((1588,1580,1450));
#5679=IFCINDEXEDPOLYGONALFACE((1472,1466,1588));
#5680=IFCINDEXEDPOLYGONALFACE((1589,1590,1456));
#5681=IFCINDEXEDPOLYGONALFACE((1511,1590,1589));
#5682=IFCINDEXEDPOLYGONALFACE((1591,1582,1447));
#5683=IFCINDEXEDPOLYGONALFACE((1508,1510,1591));
#5684=IFCINDEXEDPOLYGONALFACE((1592,1447,1445));
#5685=IFCINDEXEDPOLYGONALFACE((1508,1592,1593));
#5686=IFCINDEXEDPOLYGONALFACE((1590,1594,1595));
#5687=IFCINDEXEDPOLYGONALFACE((1511,1505,1594));
#5688=IFCINDEXEDPOLYGONALFACE((1596,1597,1598));
#5689=IFCINDEXEDPOLYGONALFACE((1499,1597,1596));
#5690=IFCINDEXEDPOLYGONALFACE((1599,1595,1445));
#5691=IFCINDEXEDPOLYGONALFACE((1495,1497,1599));
#5692=IFCINDEXEDPOLYGONALFACE((1600,1445,1443));
#5693=IFCINDEXEDPOLYGONALFACE((1601,1495,1600));
#5694=IFCINDEXEDPOLYGONALFACE((1597,1602,1603));
#5695=IFCINDEXEDPOLYGONALFACE((1499,1492,1602));
#5696=IFCINDEXEDPOLYGONALFACE((1604,1605,1417));
#5697=IFCINDEXEDPOLYGONALFACE((1479,1605,1604));
#5698=IFCINDEXEDPOLYGONALFACE((1606,1607,1603));
#5699=IFCINDEXEDPOLYGONALFACE((1481,1484,1607));
#5700=IFCINDEXEDPOLYGONALFACE((1606,1443,1414));
#5701=IFCINDEXEDPOLYGONALFACE((1481,1606,1608));
#5702=IFCINDEXEDPOLYGONALFACE((1605,1609,1610));
#5703=IFCINDEXEDPOLYGONALFACE((1479,1478,1609));
#5704=IFCINDEXEDPOLYGONALFACE((1482,1608,1609));
#5705=IFCINDEXEDPOLYGONALFACE((1608,1414,1610));
#5706=IFCINDEXEDPOLYGONALFACE((1611,1604,1607));
#5707=IFCINDEXEDPOLYGONALFACE((1607,1604,1598));
#5708=IFCINDEXEDPOLYGONALFACE((1601,1612,1602));
#5709=IFCINDEXEDPOLYGONALFACE((1602,1612,1443));
#5710=IFCINDEXEDPOLYGONALFACE((1613,1596,1599));
#5711=IFCINDEXEDPOLYGONALFACE((1596,1456,1595));
#5712=IFCINDEXEDPOLYGONALFACE((1614,1593,1594));
#5713=IFCINDEXEDPOLYGONALFACE((1594,1593,1445));
#5714=IFCINDEXEDPOLYGONALFACE((1512,1589,1591));
#5715=IFCINDEXEDPOLYGONALFACE((1589,1453,1582));
#5716=IFCINDEXEDPOLYGONALFACE((1469,1615,1588));
#5717=IFCINDEXEDPOLYGONALFACE((1588,1615,1449));
#5718=IFCINDEXEDPOLYGONALFACE((1473,1616,1586));
#5719=IFCINDEXEDPOLYGONALFACE((1616,1584,1587));
#5720=IFCINDEXEDPOLYGONALFACE((1521,1617,1581));
#5721=IFCINDEXEDPOLYGONALFACE((1617,1447,1582));
#5722=IFCINDEXEDPOLYGONALFACE((1618,1576,1579));
#5723=IFCINDEXEDPOLYGONALFACE((1579,1576,1450));
#5724=IFCINDEXEDPOLYGONALFACE((1559,1515,1575));
#5725=IFCINDEXEDPOLYGONALFACE((1555,1514,1513));
#5726=IFCINDEXEDPOLYGONALFACE((1502,1572,1553));
#5727=IFCINDEXEDPOLYGONALFACE((1501,1500,1549));
#5728=IFCINDEXEDPOLYGONALFACE((1545,1489,1569));
#5729=IFCINDEXEDPOLYGONALFACE((1542,1488,1487));
#5730=IFCINDEXEDPOLYGONALFACE((1539,1476,1566));
#5731=IFCINDEXEDPOLYGONALFACE((1535,1475,1474));
#5732=IFCINDEXEDPOLYGONALFACE((1562,1563,1533));
#5733=IFCINDEXEDPOLYGONALFACE((1527,1463,1462));
#5734=IFCINDEXEDPOLYGONALFACE((1559,1560,1524));
#5735=IFCINDEXEDPOLYGONALFACE((1555,1557,1556));
#5736=IFCINDEXEDPOLYGONALFACE((1509,1551,1553));
#5737=IFCINDEXEDPOLYGONALFACE((1504,1548,1549));
#5738=IFCINDEXEDPOLYGONALFACE((1545,1546,1498));
#5739=IFCINDEXEDPOLYGONALFACE((1491,1542,1543));
#5740=IFCINDEXEDPOLYGONALFACE((1539,1540,1485));
#5741=IFCINDEXEDPOLYGONALFACE((1477,1535,1537));
#5742=IFCINDEXEDPOLYGONALFACE((1470,1531,1533));
#5743=IFCINDEXEDPOLYGONALFACE((1527,1529,1528));
#5744=IFCINDEXEDPOLYGONALFACE((1524,1618,1523));
#5745=IFCINDEXEDPOLYGONALFACE((1517,1556,1521));
#5746=IFCINDEXEDPOLYGONALFACE((1514,1573,1575));
#5747=IFCINDEXEDPOLYGONALFACE((1552,1512,1510));
#5748=IFCINDEXEDPOLYGONALFACE((1504,1506,1614));
#5749=IFCINDEXEDPOLYGONALFACE((1501,1570,1572));
#5750=IFCINDEXEDPOLYGONALFACE((1498,1613,1497));
#5751=IFCINDEXEDPOLYGONALFACE((1493,1601,1492));
#5752=IFCINDEXEDPOLYGONALFACE((1489,1488,1567));
#5753=IFCINDEXEDPOLYGONALFACE((1485,1611,1484));
#5754=IFCINDEXEDPOLYGONALFACE((1477,1536,1482));
#5755=IFCINDEXEDPOLYGONALFACE((1476,1475,1564));
#5756=IFCINDEXEDPOLYGONALFACE((1470,1532,1473));
#5757=IFCINDEXEDPOLYGONALFACE((1465,1528,1469));
#5758=IFCINDEXEDPOLYGONALFACE((1463,1561,1563));
#5759=IFCINDEXEDPOLYGONALFACE((1460,1437,1431));
#5760=IFCINDEXEDPOLYGONALFACE((1459,1436,1437));
#5761=IFCINDEXEDPOLYGONALFACE((1459,1458,1434));
#5762=IFCINDEXEDPOLYGONALFACE((1457,1435,1434));
#5763=IFCINDEXEDPOLYGONALFACE((1432,1619,1440));
#5764=IFCINDEXEDPOLYGONALFACE((1426,1429,1430));
#5765=IFCINDEXEDPOLYGONALFACE((1428,1620,1619));
#5766=IFCINDEXEDPOLYGONALFACE((1621,1426,1423));
#5767=IFCINDEXEDPOLYGONALFACE((1610,1416,1418));
#5768=IFCINDEXEDPOLYGONALFACE((1429,1413,1431));
#5769=IFCINDEXEDPOLYGONALFACE((1411,1440,1435));
#5770=IFCINDEXEDPOLYGONALFACE((1621,1622,1623));
#5771=IFCINDEXEDPOLYGONALFACE((1624,1625,1626));
#5772=IFCINDEXEDPOLYGONALFACE((1425,1441,1627));
#5773=IFCINDEXEDPOLYGONALFACE((1441,1628,1629));
#5774=IFCINDEXEDPOLYGONALFACE((1628,1439,1630));
#5775=IFCINDEXEDPOLYGONALFACE((1630,1439,1619));
#5776=IFCINDEXEDPOLYGONALFACE((1099,1631,1632));
#5777=IFCINDEXEDPOLYGONALFACE((1099,1633,1631));
#5778=IFCINDEXEDPOLYGONALFACE((1633,1099,1634));
#5779=IFCINDEXEDPOLYGONALFACE((1635,1634,1086));
#5780=IFCINDEXEDPOLYGONALFACE((1636,1637,1620));
#5781=IFCINDEXEDPOLYGONALFACE((1098,1099,1632));
#5782=IFCINDEXEDPOLYGONALFACE((1623,1622,1425));
#5783=IFCINDEXEDPOLYGONALFACE((1086,1621,1625));
#5784=IFCINDEXEDPOLYGONALFACE((1638,1107,1100));
#5785=IFCINDEXEDPOLYGONALFACE((1091,1112,1122));
#5786=IFCINDEXEDPOLYGONALFACE((1133,1118,1094));
#5787=IFCINDEXEDPOLYGONALFACE((1107,1121,1093));
#5788=IFCINDEXEDPOLYGONALFACE((1122,1638,1097));
#5789=IFCINDEXEDPOLYGONALFACE((1094,1118,1126));
#5790=IFCINDEXEDPOLYGONALFACE((1093,1121,1129));
#5791=IFCINDEXEDPOLYGONALFACE((1126,1132,1090));
#5792=IFCINDEXEDPOLYGONALFACE((1090,1132,1112));
#5793=IFCINDEXEDPOLYGONALFACE((1129,1133,1088));
#5794=IFCINDEXEDPOLYGONALFACE((1420,1587,1639));
#5795=IFCINDEXEDPOLYGONALFACE((1639,1587,1584));
#5796=IFCINDEXEDPOLYGONALFACE((1427,1640,1636));
#5797=IFCINDEXEDPOLYGONALFACE((1626,1641,1418));
#5798=IFCINDEXEDPOLYGONALFACE((1642,1643,1455));
#5799=IFCINDEXEDPOLYGONALFACE((1643,1644,1454));
#5800=IFCINDEXEDPOLYGONALFACE((1644,1645,1451));
#5801=IFCINDEXEDPOLYGONALFACE((1645,1637,1452));
#5802=IFCINDEXEDPOLYGONALFACE((1646,1647,1448));
#5803=IFCINDEXEDPOLYGONALFACE((1448,1647,1648));
#5804=IFCINDEXEDPOLYGONALFACE((1648,1649,1444));
#5805=IFCINDEXEDPOLYGONALFACE((1444,1649,1650));
#5806=IFCINDEXEDPOLYGONALFACE((1640,1646,1422));
#5807=IFCINDEXEDPOLYGONALFACE((1641,1642,1419));
#5808=IFCINDEXEDPOLYGONALFACE((1639,1452,1637));
#5809=IFCINDEXEDPOLYGONALFACE((1640,1421,1639));
#5810=IFCINDEXEDPOLYGONALFACE((1625,1623,1641));
#5811=IFCINDEXEDPOLYGONALFACE((1651,1627,1643));
#5812=IFCINDEXEDPOLYGONALFACE((1627,1629,1644));
#5813=IFCINDEXEDPOLYGONALFACE((1644,1629,1630));
#5814=IFCINDEXEDPOLYGONALFACE((1645,1630,1620));
#5815=IFCINDEXEDPOLYGONALFACE((1632,1631,1647));
#5816=IFCINDEXEDPOLYGONALFACE((1647,1631,1633));
#5817=IFCINDEXEDPOLYGONALFACE((1633,1635,1649));
#5818=IFCINDEXEDPOLYGONALFACE((1649,1635,1624));
#5819=IFCINDEXEDPOLYGONALFACE((1427,1632,1646));
#5820=IFCINDEXEDPOLYGONALFACE((1623,1651,1642));
#5821=IFCINDEXEDPOLYGONALFACE((1650,1626,1416));
#5822=IFCINDEXEDPOLYGONALFACE((3,98,1));
#5823=IFCINDEXEDPOLYGONALFACE((1,99,4));
#5824=IFCINDEXEDPOLYGONALFACE((7,68,5));
#5825=IFCINDEXEDPOLYGONALFACE((9,7,6));
#5826=IFCINDEXEDPOLYGONALFACE((12,96,10));
#5827=IFCINDEXEDPOLYGONALFACE((15,97,13));
#5828=IFCINDEXEDPOLYGONALFACE((18,320,16));
#5829=IFCINDEXEDPOLYGONALFACE((21,155,19));
#5830=IFCINDEXEDPOLYGONALFACE((24,25,22));
#5831=IFCINDEXEDPOLYGONALFACE((24,15,14));
#5832=IFCINDEXEDPOLYGONALFACE((28,36,26));
#5833=IFCINDEXEDPOLYGONALFACE((31,38,29));
#5834=IFCINDEXEDPOLYGONALFACE((34,35,32));
#5835=IFCINDEXEDPOLYGONALFACE((11,10,35));
#5836=IFCINDEXEDPOLYGONALFACE((37,43,36));
#5837=IFCINDEXEDPOLYGONALFACE((39,45,38));
#5838=IFCINDEXEDPOLYGONALFACE((40,47,34));
#5839=IFCINDEXEDPOLYGONALFACE((42,92,41));
#5840=IFCINDEXEDPOLYGONALFACE((44,52,43));
#5841=IFCINDEXEDPOLYGONALFACE((46,54,45));
#5842=IFCINDEXEDPOLYGONALFACE((48,51,47));
#5843=IFCINDEXEDPOLYGONALFACE((51,95,49));
#5844=IFCINDEXEDPOLYGONALFACE((53,58,52));
#5845=IFCINDEXEDPOLYGONALFACE((55,546,54));
#5846=IFCINDEXEDPOLYGONALFACE((57,51,48));
#5847=IFCINDEXEDPOLYGONALFACE((57,2,4));
#5848=IFCINDEXEDPOLYGONALFACE((59,319,58));
#5849=IFCINDEXEDPOLYGONALFACE((61,546,55));
#5850=IFCINDEXEDPOLYGONALFACE((62,63,57));
#5851=IFCINDEXEDPOLYGONALFACE((63,3,2));
#5852=IFCINDEXEDPOLYGONALFACE((66,67,64));
#5853=IFCINDEXEDPOLYGONALFACE((68,69,64));
#5854=IFCINDEXEDPOLYGONALFACE((7,73,69));
#5855=IFCINDEXEDPOLYGONALFACE((72,83,70));
#5856=IFCINDEXEDPOLYGONALFACE((9,74,73));
#5857=IFCINDEXEDPOLYGONALFACE((75,79,74));
#5858=IFCINDEXEDPOLYGONALFACE((64,69,76));
#5859=IFCINDEXEDPOLYGONALFACE((79,156,78));
#5860=IFCINDEXEDPOLYGONALFACE((64,77,80));
#5861=IFCINDEXEDPOLYGONALFACE((73,74,78));
#5862=IFCINDEXEDPOLYGONALFACE((69,73,81));
#5863=IFCINDEXEDPOLYGONALFACE((83,604,82));
#5864=IFCINDEXEDPOLYGONALFACE((85,8,6));
#5865=IFCINDEXEDPOLYGONALFACE((6,5,41));
#5866=IFCINDEXEDPOLYGONALFACE((87,84,41));
#5867=IFCINDEXEDPOLYGONALFACE((88,85,84));
#5868=IFCINDEXEDPOLYGONALFACE((4,99,89));
#5869=IFCINDEXEDPOLYGONALFACE((11,34,91));
#5870=IFCINDEXEDPOLYGONALFACE((86,91,93));
#5871=IFCINDEXEDPOLYGONALFACE((51,4,90));
#5872=IFCINDEXEDPOLYGONALFACE((89,8,85));
#5873=IFCINDEXEDPOLYGONALFACE((91,86,41));
#5874=IFCINDEXEDPOLYGONALFACE((12,68,67));
#5875=IFCINDEXEDPOLYGONALFACE((42,12,11));
#5876=IFCINDEXEDPOLYGONALFACE((96,67,66));
#5877=IFCINDEXEDPOLYGONALFACE((98,164,72));
#5878=IFCINDEXEDPOLYGONALFACE((99,1,75));
#5879=IFCINDEXEDPOLYGONALFACE((95,90,85));
#5880=IFCINDEXEDPOLYGONALFACE((89,99,9));
#5881=IFCINDEXEDPOLYGONALFACE((68,12,42));
#5882=IFCINDEXEDPOLYGONALFACE((50,116,100));
#5883=IFCINDEXEDPOLYGONALFACE((104,94,102));
#5884=IFCINDEXEDPOLYGONALFACE((34,106,93));
#5885=IFCINDEXEDPOLYGONALFACE((87,104,105));
#5886=IFCINDEXEDPOLYGONALFACE((47,51,50));
#5887=IFCINDEXEDPOLYGONALFACE((86,94,104));
#5888=IFCINDEXEDPOLYGONALFACE((95,88,105));
#5889=IFCINDEXEDPOLYGONALFACE((34,47,101));
#5890=IFCINDEXEDPOLYGONALFACE((109,126,107));
#5891=IFCINDEXEDPOLYGONALFACE((108,107,110));
#5892=IFCINDEXEDPOLYGONALFACE((101,100,112));
#5893=IFCINDEXEDPOLYGONALFACE((93,114,102));
#5894=IFCINDEXEDPOLYGONALFACE((105,104,103));
#5895=IFCINDEXEDPOLYGONALFACE((106,112,114));
#5896=IFCINDEXEDPOLYGONALFACE((50,49,115));
#5897=IFCINDEXEDPOLYGONALFACE((49,105,113));
#5898=IFCINDEXEDPOLYGONALFACE((119,125,117));
#5899=IFCINDEXEDPOLYGONALFACE((121,111,110));
#5900=IFCINDEXEDPOLYGONALFACE((121,120,122));
#5901=IFCINDEXEDPOLYGONALFACE((119,127,124));
#5902=IFCINDEXEDPOLYGONALFACE((118,117,126));
#5903=IFCINDEXEDPOLYGONALFACE((127,123,122));
#5904=IFCINDEXEDPOLYGONALFACE((114,112,128));
#5905=IFCINDEXEDPOLYGONALFACE((129,128,130));
#5906=IFCINDEXEDPOLYGONALFACE((131,130,132));
#5907=IFCINDEXEDPOLYGONALFACE((132,123,127));
#5908=IFCINDEXEDPOLYGONALFACE((103,136,134));
#5909=IFCINDEXEDPOLYGONALFACE((136,138,135));
#5910=IFCINDEXEDPOLYGONALFACE((138,147,137));
#5911=IFCINDEXEDPOLYGONALFACE((137,147,118));
#5912=IFCINDEXEDPOLYGONALFACE((102,114,129));
#5913=IFCINDEXEDPOLYGONALFACE((129,131,140));
#5914=IFCINDEXEDPOLYGONALFACE((140,131,133));
#5915=IFCINDEXEDPOLYGONALFACE((141,133,127));
#5916=IFCINDEXEDPOLYGONALFACE((112,100,142));
#5917=IFCINDEXEDPOLYGONALFACE((128,142,143));
#5918=IFCINDEXEDPOLYGONALFACE((130,143,144));
#5919=IFCINDEXEDPOLYGONALFACE((144,121,123));
#5920=IFCINDEXEDPOLYGONALFACE((116,148,142));
#5921=IFCINDEXEDPOLYGONALFACE((142,148,145));
#5922=IFCINDEXEDPOLYGONALFACE((143,145,146));
#5923=IFCINDEXEDPOLYGONALFACE((146,111,121));
#5924=IFCINDEXEDPOLYGONALFACE((103,102,139));
#5925=IFCINDEXEDPOLYGONALFACE((139,140,138));
#5926=IFCINDEXEDPOLYGONALFACE((138,140,141));
#5927=IFCINDEXEDPOLYGONALFACE((147,141,119));
#5928=IFCINDEXEDPOLYGONALFACE((115,149,148));
#5929=IFCINDEXEDPOLYGONALFACE((149,150,145));
#5930=IFCINDEXEDPOLYGONALFACE((150,151,146));
#5931=IFCINDEXEDPOLYGONALFACE((151,108,111));
#5932=IFCINDEXEDPOLYGONALFACE((113,134,149));
#5933=IFCINDEXEDPOLYGONALFACE((134,135,150));
#5934=IFCINDEXEDPOLYGONALFACE((135,137,151));
#5935=IFCINDEXEDPOLYGONALFACE((137,109,108));
#5936=IFCINDEXEDPOLYGONALFACE((97,66,152));
#5937=IFCINDEXEDPOLYGONALFACE((154,65,80));
#5938=IFCINDEXEDPOLYGONALFACE((152,66,65));
#5939=IFCINDEXEDPOLYGONALFACE((35,10,15));
#5940=IFCINDEXEDPOLYGONALFACE((32,35,24));
#5941=IFCINDEXEDPOLYGONALFACE((30,29,155));
#5942=IFCINDEXEDPOLYGONALFACE((26,320,18));
#5943=IFCINDEXEDPOLYGONALFACE((96,97,15));
#5944=IFCINDEXEDPOLYGONALFACE((98,71,75));
#5945=IFCINDEXEDPOLYGONALFACE((70,82,156));
#5946=IFCINDEXEDPOLYGONALFACE((75,71,70));
#5947=IFCINDEXEDPOLYGONALFACE((158,3,63));
#5948=IFCINDEXEDPOLYGONALFACE((159,157,63));
#5949=IFCINDEXEDPOLYGONALFACE((161,61,60));
#5950=IFCINDEXEDPOLYGONALFACE((163,319,59));
#5951=IFCINDEXEDPOLYGONALFACE((164,98,3));
#5952=IFCINDEXEDPOLYGONALFACE((167,209,165));
#5953=IFCINDEXEDPOLYGONALFACE((170,215,168));
#5954=IFCINDEXEDPOLYGONALFACE((168,172,171));
#5955=IFCINDEXEDPOLYGONALFACE((172,167,166));
#5956=IFCINDEXEDPOLYGONALFACE((175,177,173));
#5957=IFCINDEXEDPOLYGONALFACE((177,183,176));
#5958=IFCINDEXEDPOLYGONALFACE((175,174,178));
#5959=IFCINDEXEDPOLYGONALFACE((182,188,180));
#5960=IFCINDEXEDPOLYGONALFACE((181,180,176));
#5961=IFCINDEXEDPOLYGONALFACE((179,178,184));
#5962=IFCINDEXEDPOLYGONALFACE((187,185,184));
#5963=IFCINDEXEDPOLYGONALFACE((189,192,188));
#5964=IFCINDEXEDPOLYGONALFACE((191,187,186));
#5965=IFCINDEXEDPOLYGONALFACE((189,191,190));
#5966=IFCINDEXEDPOLYGONALFACE((194,191,189));
#5967=IFCINDEXEDPOLYGONALFACE((195,187,191));
#5968=IFCINDEXEDPOLYGONALFACE((193,189,182));
#5969=IFCINDEXEDPOLYGONALFACE((197,185,187));
#5970=IFCINDEXEDPOLYGONALFACE((198,179,185));
#5971=IFCINDEXEDPOLYGONALFACE((200,181,183));
#5972=IFCINDEXEDPOLYGONALFACE((200,196,182));
#5973=IFCINDEXEDPOLYGONALFACE((201,175,179));
#5974=IFCINDEXEDPOLYGONALFACE((199,183,177));
#5975=IFCINDEXEDPOLYGONALFACE((202,177,175));
#5976=IFCINDEXEDPOLYGONALFACE((169,202,201));
#5977=IFCINDEXEDPOLYGONALFACE((169,171,199));
#5978=IFCINDEXEDPOLYGONALFACE((203,170,201));
#5979=IFCINDEXEDPOLYGONALFACE((166,165,196));
#5980=IFCINDEXEDPOLYGONALFACE((171,166,200));
#5981=IFCINDEXEDPOLYGONALFACE((203,198,197));
#5982=IFCINDEXEDPOLYGONALFACE((204,197,195));
#5983=IFCINDEXEDPOLYGONALFACE((165,207,193));
#5984=IFCINDEXEDPOLYGONALFACE((205,195,194));
#5985=IFCINDEXEDPOLYGONALFACE((206,194,193));
#5986=IFCINDEXEDPOLYGONALFACE((209,217,208));
#5987=IFCINDEXEDPOLYGONALFACE((210,216,170));
#5988=IFCINDEXEDPOLYGONALFACE((165,208,211));
#5989=IFCINDEXEDPOLYGONALFACE((207,211,212));
#5990=IFCINDEXEDPOLYGONALFACE((206,212,213));
#5991=IFCINDEXEDPOLYGONALFACE((205,213,214));
#5992=IFCINDEXEDPOLYGONALFACE((204,214,210));
#5993=IFCINDEXEDPOLYGONALFACE((216,218,215));
#5994=IFCINDEXEDPOLYGONALFACE((162,59,208));
#5995=IFCINDEXEDPOLYGONALFACE((27,18,216));
#5996=IFCINDEXEDPOLYGONALFACE((208,59,53));
#5997=IFCINDEXEDPOLYGONALFACE((211,53,44));
#5998=IFCINDEXEDPOLYGONALFACE((212,44,37));
#5999=IFCINDEXEDPOLYGONALFACE((213,37,28));
#6000=IFCINDEXEDPOLYGONALFACE((28,27,210));
#6001=IFCINDEXEDPOLYGONALFACE((216,18,17));
#6002=IFCINDEXEDPOLYGONALFACE((173,176,219));
#6003=IFCINDEXEDPOLYGONALFACE((178,174,221));
#6004=IFCINDEXEDPOLYGONALFACE((186,226,223));
#6005=IFCINDEXEDPOLYGONALFACE((180,224,219));
#6006=IFCINDEXEDPOLYGONALFACE((188,227,224));
#6007=IFCINDEXEDPOLYGONALFACE((186,184,225));
#6008=IFCINDEXEDPOLYGONALFACE((192,228,227));
#6009=IFCINDEXEDPOLYGONALFACE((174,173,220));
#6010=IFCINDEXEDPOLYGONALFACE((184,178,222));
#6011=IFCINDEXEDPOLYGONALFACE((190,223,228));
#6012=IFCINDEXEDPOLYGONALFACE((224,227,229));
#6013=IFCINDEXEDPOLYGONALFACE((226,225,231));
#6014=IFCINDEXEDPOLYGONALFACE((228,236,229));
#6015=IFCINDEXEDPOLYGONALFACE((221,220,233));
#6016=IFCINDEXEDPOLYGONALFACE((225,222,235));
#6017=IFCINDEXEDPOLYGONALFACE((223,238,236));
#6018=IFCINDEXEDPOLYGONALFACE((220,219,237));
#6019=IFCINDEXEDPOLYGONALFACE((221,234,235));
#6020=IFCINDEXEDPOLYGONALFACE((226,232,238));
#6021=IFCINDEXEDPOLYGONALFACE((219,224,230));
#6022=IFCINDEXEDPOLYGONALFACE((231,243,239));
#6023=IFCINDEXEDPOLYGONALFACE((236,244,240));
#6024=IFCINDEXEDPOLYGONALFACE((234,233,241));
#6025=IFCINDEXEDPOLYGONALFACE((235,246,243));
#6026=IFCINDEXEDPOLYGONALFACE((238,247,244));
#6027=IFCINDEXEDPOLYGONALFACE((233,237,245));
#6028=IFCINDEXEDPOLYGONALFACE((235,234,242));
#6029=IFCINDEXEDPOLYGONALFACE((232,239,247));
#6030=IFCINDEXEDPOLYGONALFACE((237,230,248));
#6031=IFCINDEXEDPOLYGONALFACE((230,229,240));
#6032=IFCINDEXEDPOLYGONALFACE((245,254,249));
#6033=IFCINDEXEDPOLYGONALFACE((246,242,250));
#6034=IFCINDEXEDPOLYGONALFACE((247,239,252));
#6035=IFCINDEXEDPOLYGONALFACE((248,255,254));
#6036=IFCINDEXEDPOLYGONALFACE((240,257,255));
#6037=IFCINDEXEDPOLYGONALFACE((239,243,256));
#6038=IFCINDEXEDPOLYGONALFACE((244,258,257));
#6039=IFCINDEXEDPOLYGONALFACE((241,249,250));
#6040=IFCINDEXEDPOLYGONALFACE((243,246,251));
#6041=IFCINDEXEDPOLYGONALFACE((244,247,253));
#6042=IFCINDEXEDPOLYGONALFACE((250,266,259));
#6043=IFCINDEXEDPOLYGONALFACE((253,252,260));
#6044=IFCINDEXEDPOLYGONALFACE((255,263,262));
#6045=IFCINDEXEDPOLYGONALFACE((257,265,263));
#6046=IFCINDEXEDPOLYGONALFACE((252,256,264));
#6047=IFCINDEXEDPOLYGONALFACE((258,267,265));
#6048=IFCINDEXEDPOLYGONALFACE((249,268,266));
#6049=IFCINDEXEDPOLYGONALFACE((256,251,259));
#6050=IFCINDEXEDPOLYGONALFACE((258,253,261));
#6051=IFCINDEXEDPOLYGONALFACE((254,262,268));
#6052=IFCINDEXEDPOLYGONALFACE((271,277,269));
#6053=IFCINDEXEDPOLYGONALFACE((274,275,272));
#6054=IFCINDEXEDPOLYGONALFACE((276,280,272));
#6055=IFCINDEXEDPOLYGONALFACE((278,285,269));
#6056=IFCINDEXEDPOLYGONALFACE((276,286,279));
#6057=IFCINDEXEDPOLYGONALFACE((283,287,281));
#6058=IFCINDEXEDPOLYGONALFACE((278,288,284));
#6059=IFCINDEXEDPOLYGONALFACE((286,271,270));
#6060=IFCINDEXEDPOLYGONALFACE((283,274,273));
#6061=IFCINDEXEDPOLYGONALFACE((288,282,281));
#6062=IFCINDEXEDPOLYGONALFACE((259,266,289));
#6063=IFCINDEXEDPOLYGONALFACE((290,289,291));
#6064=IFCINDEXEDPOLYGONALFACE((291,307,293));
#6065=IFCINDEXEDPOLYGONALFACE((262,296,294));
#6066=IFCINDEXEDPOLYGONALFACE((296,317,295));
#6067=IFCINDEXEDPOLYGONALFACE((295,317,297));
#6068=IFCINDEXEDPOLYGONALFACE((267,261,299));
#6069=IFCINDEXEDPOLYGONALFACE((299,303,301));
#6070=IFCINDEXEDPOLYGONALFACE((303,318,302));
#6071=IFCINDEXEDPOLYGONALFACE((264,259,290));
#6072=IFCINDEXEDPOLYGONALFACE((304,290,292));
#6073=IFCINDEXEDPOLYGONALFACE((292,293,306));
#6074=IFCINDEXEDPOLYGONALFACE((268,294,289));
#6075=IFCINDEXEDPOLYGONALFACE((294,295,291));
#6076=IFCINDEXEDPOLYGONALFACE((291,295,298));
#6077=IFCINDEXEDPOLYGONALFACE((265,267,300));
#6078=IFCINDEXEDPOLYGONALFACE((300,301,309));
#6079=IFCINDEXEDPOLYGONALFACE((301,302,310));
#6080=IFCINDEXEDPOLYGONALFACE((260,264,304));
#6081=IFCINDEXEDPOLYGONALFACE((311,304,305));
#6082=IFCINDEXEDPOLYGONALFACE((305,306,313));
#6083=IFCINDEXEDPOLYGONALFACE((265,308,314));
#6084=IFCINDEXEDPOLYGONALFACE((314,308,309));
#6085=IFCINDEXEDPOLYGONALFACE((309,310,316));
#6086=IFCINDEXEDPOLYGONALFACE((263,314,296));
#6087=IFCINDEXEDPOLYGONALFACE((296,314,315));
#6088=IFCINDEXEDPOLYGONALFACE((317,315,316));
#6089=IFCINDEXEDPOLYGONALFACE((261,260,311));
#6090=IFCINDEXEDPOLYGONALFACE((311,312,303));
#6091=IFCINDEXEDPOLYGONALFACE((312,313,318));
#6092=IFCINDEXEDPOLYGONALFACE((160,60,319));
#6093=IFCINDEXEDPOLYGONALFACE((26,30,21));
#6094=IFCINDEXEDPOLYGONALFACE((319,60,55));
#6095=IFCINDEXEDPOLYGONALFACE((58,55,46));
#6096=IFCINDEXEDPOLYGONALFACE((52,46,39));
#6097=IFCINDEXEDPOLYGONALFACE((43,39,31));
#6098=IFCINDEXEDPOLYGONALFACE((36,31,30));
#6099=IFCINDEXEDPOLYGONALFACE((21,20,16));
#6100=IFCINDEXEDPOLYGONALFACE((323,354,321));
#6101=IFCINDEXEDPOLYGONALFACE((325,125,124));
#6102=IFCINDEXEDPOLYGONALFACE((328,421,326));
#6103=IFCINDEXEDPOLYGONALFACE((329,117,125));
#6104=IFCINDEXEDPOLYGONALFACE((126,117,330));
#6105=IFCINDEXEDPOLYGONALFACE((335,435,333));
#6106=IFCINDEXEDPOLYGONALFACE((334,333,336));
#6107=IFCINDEXEDPOLYGONALFACE((336,328,327));
#6108=IFCINDEXEDPOLYGONALFACE((340,360,339));
#6109=IFCINDEXEDPOLYGONALFACE((337,340,341));
#6110=IFCINDEXEDPOLYGONALFACE((341,340,338));
#6111=IFCINDEXEDPOLYGONALFACE((335,334,341));
#6112=IFCINDEXEDPOLYGONALFACE((110,344,342));
#6113=IFCINDEXEDPOLYGONALFACE((344,343,341));
#6114=IFCINDEXEDPOLYGONALFACE((347,348,345));
#6115=IFCINDEXEDPOLYGONALFACE((350,345,348));
#6116=IFCINDEXEDPOLYGONALFACE((352,346,345));
#6117=IFCINDEXEDPOLYGONALFACE((346,332,329));
#6118=IFCINDEXEDPOLYGONALFACE((351,345,350));
#6119=IFCINDEXEDPOLYGONALFACE((352,351,354));
#6120=IFCINDEXEDPOLYGONALFACE((352,330,332));
#6121=IFCINDEXEDPOLYGONALFACE((321,354,351));
#6122=IFCINDEXEDPOLYGONALFACE((347,363,356));
#6123=IFCINDEXEDPOLYGONALFACE((358,370,357));
#6124=IFCINDEXEDPOLYGONALFACE((331,330,352));
#6125=IFCINDEXEDPOLYGONALFACE((349,348,356));
#6126=IFCINDEXEDPOLYGONALFACE((326,357,360));
#6127=IFCINDEXEDPOLYGONALFACE((362,358,326));
#6128=IFCINDEXEDPOLYGONALFACE((329,325,363));
#6129=IFCINDEXEDPOLYGONALFACE((120,339,364));
#6130=IFCINDEXEDPOLYGONALFACE((339,360,357));
#6131=IFCINDEXEDPOLYGONALFACE((365,323,335));
#6132=IFCINDEXEDPOLYGONALFACE((362,361,356));
#6133=IFCINDEXEDPOLYGONALFACE((359,356,361));
#6134=IFCINDEXEDPOLYGONALFACE((368,363,325));
#6135=IFCINDEXEDPOLYGONALFACE((126,331,369));
#6136=IFCINDEXEDPOLYGONALFACE((331,355,365));
#6137=IFCINDEXEDPOLYGONALFACE((371,368,357));
#6138=IFCINDEXEDPOLYGONALFACE((371,457,363));
#6139=IFCINDEXEDPOLYGONALFACE((374,519,372));
#6140=IFCINDEXEDPOLYGONALFACE((377,511,375));
#6141=IFCINDEXEDPOLYGONALFACE((380,512,378));
#6142=IFCINDEXEDPOLYGONALFACE((381,513,380));
#6143=IFCINDEXEDPOLYGONALFACE((375,511,382));
#6144=IFCINDEXEDPOLYGONALFACE((386,514,384));
#6145=IFCINDEXEDPOLYGONALFACE((389,452,387));
#6146=IFCINDEXEDPOLYGONALFACE((392,520,390));
#6147=IFCINDEXEDPOLYGONALFACE((394,392,391));
#6148=IFCINDEXEDPOLYGONALFACE((387,451,395));
#6149=IFCINDEXEDPOLYGONALFACE((398,521,396));
#6150=IFCINDEXEDPOLYGONALFACE((401,515,399));
#6151=IFCINDEXEDPOLYGONALFACE((404,448,402));
#6152=IFCINDEXEDPOLYGONALFACE((405,516,404));
#6153=IFCINDEXEDPOLYGONALFACE((400,399,406));
#6154=IFCINDEXEDPOLYGONALFACE((410,517,408));
#6155=IFCINDEXEDPOLYGONALFACE((413,518,411));
#6156=IFCINDEXEDPOLYGONALFACE((416,417,414));
#6157=IFCINDEXEDPOLYGONALFACE((418,445,417));
#6158=IFCINDEXEDPOLYGONALFACE((411,518,419));
#6159=IFCINDEXEDPOLYGONALFACE((422,462,421));
#6160=IFCINDEXEDPOLYGONALFACE((367,444,423));
#6161=IFCINDEXEDPOLYGONALFACE((359,423,424));
#6162=IFCINDEXEDPOLYGONALFACE((426,422,328));
#6163=IFCINDEXEDPOLYGONALFACE((336,480,427));
#6164=IFCINDEXEDPOLYGONALFACE((425,476,428));
#6165=IFCINDEXEDPOLYGONALFACE((428,443,350));
#6166=IFCINDEXEDPOLYGONALFACE((430,480,336));
#6167=IFCINDEXEDPOLYGONALFACE((333,493,431));
#6168=IFCINDEXEDPOLYGONALFACE((429,442,432));
#6169=IFCINDEXEDPOLYGONALFACE((432,441,353));
#6170=IFCINDEXEDPOLYGONALFACE((434,493,333));
#6171=IFCINDEXEDPOLYGONALFACE((436,502,333));
#6172=IFCINDEXEDPOLYGONALFACE((433,440,437));
#6173=IFCINDEXEDPOLYGONALFACE((437,439,321));
#6174=IFCINDEXEDPOLYGONALFACE((438,436,435));
#6175=IFCINDEXEDPOLYGONALFACE((439,438,322));
#6176=IFCINDEXEDPOLYGONALFACE((333,502,440));
#6177=IFCINDEXEDPOLYGONALFACE((441,434,433));
#6178=IFCINDEXEDPOLYGONALFACE((336,431,442));
#6179=IFCINDEXEDPOLYGONALFACE((443,430,429));
#6180=IFCINDEXEDPOLYGONALFACE((427,476,425));
#6181=IFCINDEXEDPOLYGONALFACE((349,424,426));
#6182=IFCINDEXEDPOLYGONALFACE((421,462,444));
#6183=IFCINDEXEDPOLYGONALFACE((420,419,445));
#6184=IFCINDEXEDPOLYGONALFACE((414,413,412));
#6185=IFCINDEXEDPOLYGONALFACE((410,409,446));
#6186=IFCINDEXEDPOLYGONALFACE((406,516,405));
#6187=IFCINDEXEDPOLYGONALFACE((448,515,401));
#6188=IFCINDEXEDPOLYGONALFACE((450,398,397));
#6189=IFCINDEXEDPOLYGONALFACE((451,394,393));
#6190=IFCINDEXEDPOLYGONALFACE((390,520,452));
#6191=IFCINDEXEDPOLYGONALFACE((454,385,384));
#6192=IFCINDEXEDPOLYGONALFACE((382,513,381));
#6193=IFCINDEXEDPOLYGONALFACE((378,512,377));
#6194=IFCINDEXEDPOLYGONALFACE((456,374,373));
#6195=IFCINDEXEDPOLYGONALFACE((354,323,365));
#6196=IFCINDEXEDPOLYGONALFACE((366,356,363));
#6197=IFCINDEXEDPOLYGONALFACE((344,369,365));
#6198=IFCINDEXEDPOLYGONALFACE((107,369,344));
#6199=IFCINDEXEDPOLYGONALFACE((357,368,324));
#6200=IFCINDEXEDPOLYGONALFACE((337,327,360));
#6201=IFCINDEXEDPOLYGONALFACE((421,367,361));
#6202=IFCINDEXEDPOLYGONALFACE((364,324,124));
#6203=IFCINDEXEDPOLYGONALFACE((323,322,435));
#6204=IFCINDEXEDPOLYGONALFACE((424,460,458));
#6205=IFCINDEXEDPOLYGONALFACE((460,461,459));
#6206=IFCINDEXEDPOLYGONALFACE((461,378,376));
#6207=IFCINDEXEDPOLYGONALFACE((463,464,444));
#6208=IFCINDEXEDPOLYGONALFACE((465,466,464));
#6209=IFCINDEXEDPOLYGONALFACE((383,381,466));
#6210=IFCINDEXEDPOLYGONALFACE((422,467,463));
#6211=IFCINDEXEDPOLYGONALFACE((467,468,465));
#6212=IFCINDEXEDPOLYGONALFACE((468,375,383));
#6213=IFCINDEXEDPOLYGONALFACE((444,464,469));
#6214=IFCINDEXEDPOLYGONALFACE((466,470,469));
#6215=IFCINDEXEDPOLYGONALFACE((381,379,470));
#6216=IFCINDEXEDPOLYGONALFACE((469,460,424));
#6217=IFCINDEXEDPOLYGONALFACE((469,470,461));
#6218=IFCINDEXEDPOLYGONALFACE((379,378,461));
#6219=IFCINDEXEDPOLYGONALFACE((426,458,467));
#6220=IFCINDEXEDPOLYGONALFACE((458,459,468));
#6221=IFCINDEXEDPOLYGONALFACE((459,376,375));
#6222=IFCINDEXEDPOLYGONALFACE((443,473,471));
#6223=IFCINDEXEDPOLYGONALFACE((473,474,472));
#6224=IFCINDEXEDPOLYGONALFACE((474,415,412));
#6225=IFCINDEXEDPOLYGONALFACE((427,477,475));
#6226=IFCINDEXEDPOLYGONALFACE((478,479,475));
#6227=IFCINDEXEDPOLYGONALFACE((420,418,479));
#6228=IFCINDEXEDPOLYGONALFACE((481,477,427));
#6229=IFCINDEXEDPOLYGONALFACE((482,478,477));
#6230=IFCINDEXEDPOLYGONALFACE((411,420,478));
#6231=IFCINDEXEDPOLYGONALFACE((475,483,428));
#6232=IFCINDEXEDPOLYGONALFACE((479,484,483));
#6233=IFCINDEXEDPOLYGONALFACE((479,418,416));
#6234=IFCINDEXEDPOLYGONALFACE((428,483,473));
#6235=IFCINDEXEDPOLYGONALFACE((483,484,474));
#6236=IFCINDEXEDPOLYGONALFACE((484,416,415));
#6237=IFCINDEXEDPOLYGONALFACE((471,481,480));
#6238=IFCINDEXEDPOLYGONALFACE((472,482,481));
#6239=IFCINDEXEDPOLYGONALFACE((472,412,411));
#6240=IFCINDEXEDPOLYGONALFACE((441,486,485));
#6241=IFCINDEXEDPOLYGONALFACE((487,488,485));
#6242=IFCINDEXEDPOLYGONALFACE((402,401,488));
#6243=IFCINDEXEDPOLYGONALFACE((431,491,489));
#6244=IFCINDEXEDPOLYGONALFACE((491,492,490));
#6245=IFCINDEXEDPOLYGONALFACE((407,405,490));
#6246=IFCINDEXEDPOLYGONALFACE((494,491,431));
#6247=IFCINDEXEDPOLYGONALFACE((494,495,492));
#6248=IFCINDEXEDPOLYGONALFACE((495,400,407));
#6249=IFCINDEXEDPOLYGONALFACE((442,489,496));
#6250=IFCINDEXEDPOLYGONALFACE((489,490,497));
#6251=IFCINDEXEDPOLYGONALFACE((490,405,403));
#6252=IFCINDEXEDPOLYGONALFACE((496,486,441));
#6253=IFCINDEXEDPOLYGONALFACE((496,497,487));
#6254=IFCINDEXEDPOLYGONALFACE((403,402,487));
#6255=IFCINDEXEDPOLYGONALFACE((485,494,493));
#6256=IFCINDEXEDPOLYGONALFACE((488,495,494));
#6257=IFCINDEXEDPOLYGONALFACE((488,401,400));
#6258=IFCINDEXEDPOLYGONALFACE((439,500,498));
#6259=IFCINDEXEDPOLYGONALFACE((500,501,499));
#6260=IFCINDEXEDPOLYGONALFACE((501,390,389));
#6261=IFCINDEXEDPOLYGONALFACE((503,505,440));
#6262=IFCINDEXEDPOLYGONALFACE((503,506,504));
#6263=IFCINDEXEDPOLYGONALFACE((506,395,393));
#6264=IFCINDEXEDPOLYGONALFACE((507,503,502));
#6265=IFCINDEXEDPOLYGONALFACE((508,506,503));
#6266=IFCINDEXEDPOLYGONALFACE((388,395,506));
#6267=IFCINDEXEDPOLYGONALFACE((505,509,437));
#6268=IFCINDEXEDPOLYGONALFACE((504,510,509));
#6269=IFCINDEXEDPOLYGONALFACE((393,391,510));
#6270=IFCINDEXEDPOLYGONALFACE((437,509,500));
#6271=IFCINDEXEDPOLYGONALFACE((510,501,500));
#6272=IFCINDEXEDPOLYGONALFACE((391,390,501));
#6273=IFCINDEXEDPOLYGONALFACE((438,498,507));
#6274=IFCINDEXEDPOLYGONALFACE((499,508,507));
#6275=IFCINDEXEDPOLYGONALFACE((389,388,508));
#6276=IFCINDEXEDPOLYGONALFACE((374,456,511));
#6277=IFCINDEXEDPOLYGONALFACE((372,519,512));
#6278=IFCINDEXEDPOLYGONALFACE((372,380,513));
#6279=IFCINDEXEDPOLYGONALFACE((456,455,382));
#6280=IFCINDEXEDPOLYGONALFACE((454,387,452));
#6281=IFCINDEXEDPOLYGONALFACE((386,520,392));
#6282=IFCINDEXEDPOLYGONALFACE((514,392,394));
#6283=IFCINDEXEDPOLYGONALFACE((454,453,451));
#6284=IFCINDEXEDPOLYGONALFACE((450,399,515));
#6285=IFCINDEXEDPOLYGONALFACE((396,521,448));
#6286=IFCINDEXEDPOLYGONALFACE((396,404,516));
#6287=IFCINDEXEDPOLYGONALFACE((450,449,406));
#6288=IFCINDEXEDPOLYGONALFACE((447,518,413));
#6289=IFCINDEXEDPOLYGONALFACE((517,414,417));
#6290=IFCINDEXEDPOLYGONALFACE((408,417,445));
#6291=IFCINDEXEDPOLYGONALFACE((447,446,419));
#6292=IFCINDEXEDPOLYGONALFACE((374,377,512));
#6293=IFCINDEXEDPOLYGONALFACE((373,513,382));
#6294=IFCINDEXEDPOLYGONALFACE((386,385,452));
#6295=IFCINDEXEDPOLYGONALFACE((453,384,394));
#6296=IFCINDEXEDPOLYGONALFACE((521,398,515));
#6297=IFCINDEXEDPOLYGONALFACE((449,397,516));
#6298=IFCINDEXEDPOLYGONALFACE((517,410,413));
#6299=IFCINDEXEDPOLYGONALFACE((409,445,419));
#6300=IFCINDEXEDPOLYGONALFACE((524,544,522));
#6301=IFCINDEXEDPOLYGONALFACE((527,534,525));
#6302=IFCINDEXEDPOLYGONALFACE((530,543,528));
#6303=IFCINDEXEDPOLYGONALFACE((532,530,529));
#6304=IFCINDEXEDPOLYGONALFACE((534,545,533));
#6305=IFCINDEXEDPOLYGONALFACE((533,545,532));
#6306=IFCINDEXEDPOLYGONALFACE((528,543,527));
#6307=IFCINDEXEDPOLYGONALFACE((536,523,522));
#6308=IFCINDEXEDPOLYGONALFACE((366,538,537));
#6309=IFCINDEXEDPOLYGONALFACE((528,526,537));
#6310=IFCINDEXEDPOLYGONALFACE((370,540,539));
#6311=IFCINDEXEDPOLYGONALFACE((533,531,539));
#6312=IFCINDEXEDPOLYGONALFACE((541,540,370));
#6313=IFCINDEXEDPOLYGONALFACE((541,525,533));
#6314=IFCINDEXEDPOLYGONALFACE((371,539,542));
#6315=IFCINDEXEDPOLYGONALFACE((531,529,542));
#6316=IFCINDEXEDPOLYGONALFACE((457,542,538));
#6317=IFCINDEXEDPOLYGONALFACE((542,529,528));
#6318=IFCINDEXEDPOLYGONALFACE((537,541,358));
#6319=IFCINDEXEDPOLYGONALFACE((537,526,525));
#6320=IFCINDEXEDPOLYGONALFACE((523,536,534));
#6321=IFCINDEXEDPOLYGONALFACE((544,524,543));
#6322=IFCINDEXEDPOLYGONALFACE((522,544,530));
#6323=IFCINDEXEDPOLYGONALFACE((535,545,534));
#6324=IFCINDEXEDPOLYGONALFACE((523,527,543));
#6325=IFCINDEXEDPOLYGONALFACE((522,532,545));
#6326=IFCINDEXEDPOLYGONALFACE((159,62,61));
#6327=IFCINDEXEDPOLYGONALFACE((29,32,23));
#6328=IFCINDEXEDPOLYGONALFACE((61,62,56));
#6329=IFCINDEXEDPOLYGONALFACE((56,48,54));
#6330=IFCINDEXEDPOLYGONALFACE((48,40,45));
#6331=IFCINDEXEDPOLYGONALFACE((40,33,38));
#6332=IFCINDEXEDPOLYGONALFACE((38,33,32));
#6333=IFCINDEXEDPOLYGONALFACE((155,23,22));
#6334=IFCINDEXEDPOLYGONALFACE((549,551,547));
#6335=IFCINDEXEDPOLYGONALFACE((551,553,550));
#6336=IFCINDEXEDPOLYGONALFACE((553,602,552));
#6337=IFCINDEXEDPOLYGONALFACE((552,602,554));
#6338=IFCINDEXEDPOLYGONALFACE((555,554,556));
#6339=IFCINDEXEDPOLYGONALFACE((560,593,558));
#6340=IFCINDEXEDPOLYGONALFACE((563,564,561));
#6341=IFCINDEXEDPOLYGONALFACE((565,566,564));
#6342=IFCINDEXEDPOLYGONALFACE((567,568,566));
#6343=IFCINDEXEDPOLYGONALFACE((567,560,559));
#6344=IFCINDEXEDPOLYGONALFACE((571,573,569));
#6345=IFCINDEXEDPOLYGONALFACE((573,575,572));
#6346=IFCINDEXEDPOLYGONALFACE((575,576,574));
#6347=IFCINDEXEDPOLYGONALFACE((576,555,557));
#6348=IFCINDEXEDPOLYGONALFACE((577,578,573));
#6349=IFCINDEXEDPOLYGONALFACE((578,579,575));
#6350=IFCINDEXEDPOLYGONALFACE((579,580,576));
#6351=IFCINDEXEDPOLYGONALFACE((552,555,576));
#6352=IFCINDEXEDPOLYGONALFACE((582,578,577));
#6353=IFCINDEXEDPOLYGONALFACE((582,583,579));
#6354=IFCINDEXEDPOLYGONALFACE((583,584,580));
#6355=IFCINDEXEDPOLYGONALFACE((584,550,552));
#6356=IFCINDEXEDPOLYGONALFACE((586,582,581));
#6357=IFCINDEXEDPOLYGONALFACE((586,587,583));
#6358=IFCINDEXEDPOLYGONALFACE((587,588,584));
#6359=IFCINDEXEDPOLYGONALFACE((547,550,584));
#6360=IFCINDEXEDPOLYGONALFACE((589,590,586));
#6361=IFCINDEXEDPOLYGONALFACE((590,591,587));
#6362=IFCINDEXEDPOLYGONALFACE((592,588,587));
#6363=IFCINDEXEDPOLYGONALFACE((548,547,588));
#6364=IFCINDEXEDPOLYGONALFACE((562,561,153));
#6365=IFCINDEXEDPOLYGONALFACE((571,570,77));
#6366=IFCINDEXEDPOLYGONALFACE((577,571,76));
#6367=IFCINDEXEDPOLYGONALFACE((589,585,156));
#6368=IFCINDEXEDPOLYGONALFACE((577,81,78));
#6369=IFCINDEXEDPOLYGONALFACE((581,78,156));
#6370=IFCINDEXEDPOLYGONALFACE((595,558,593));
#6371=IFCINDEXEDPOLYGONALFACE((598,1406,597));
#6372=IFCINDEXEDPOLYGONALFACE((597,1406,599));
#6373=IFCINDEXEDPOLYGONALFACE((599,595,594));
#6374=IFCINDEXEDPOLYGONALFACE((602,553,596));
#6375=IFCINDEXEDPOLYGONALFACE((602,601,603));
#6376=IFCINDEXEDPOLYGONALFACE((600,594,603));
#6377=IFCINDEXEDPOLYGONALFACE((597,600,601));
#6378=IFCINDEXEDPOLYGONALFACE((549,597,596));
#6379=IFCINDEXEDPOLYGONALFACE((603,594,593));
#6380=IFCINDEXEDPOLYGONALFACE((605,589,82));
#6381=IFCINDEXEDPOLYGONALFACE((562,80,77));
#6382=IFCINDEXEDPOLYGONALFACE((607,548,592));
#6383=IFCINDEXEDPOLYGONALFACE((608,606,592));
#6384=IFCINDEXEDPOLYGONALFACE((609,608,591));
#6385=IFCINDEXEDPOLYGONALFACE((605,609,590));
#6386=IFCINDEXEDPOLYGONALFACE((557,560,567));
#6387=IFCINDEXEDPOLYGONALFACE((572,574,567));
#6388=IFCINDEXEDPOLYGONALFACE((569,572,565));
#6389=IFCINDEXEDPOLYGONALFACE((570,569,563));
#6390=IFCINDEXEDPOLYGONALFACE((557,556,593));
#6391=IFCINDEXEDPOLYGONALFACE((598,549,548));
#6392=IFCINDEXEDPOLYGONALFACE((611,287,273));
#6393=IFCINDEXEDPOLYGONALFACE((613,280,279));
#6394=IFCINDEXEDPOLYGONALFACE((616,645,614));
#6395=IFCINDEXEDPOLYGONALFACE((619,819,617));
#6396=IFCINDEXEDPOLYGONALFACE((622,1652,620));
#6397=IFCINDEXEDPOLYGONALFACE((625,818,623));
#6398=IFCINDEXEDPOLYGONALFACE((627,270,269));
#6399=IFCINDEXEDPOLYGONALFACE((629,835,281));
#6400=IFCINDEXEDPOLYGONALFACE((612,279,270));
#6401=IFCINDEXEDPOLYGONALFACE((631,625,624));
#6402=IFCINDEXEDPOLYGONALFACE((628,281,287));
#6403=IFCINDEXEDPOLYGONALFACE((634,635,632));
#6404=IFCINDEXEDPOLYGONALFACE((636,637,632));
#6405=IFCINDEXEDPOLYGONALFACE((638,639,637));
#6406=IFCINDEXEDPOLYGONALFACE((638,630,624));
#6407=IFCINDEXEDPOLYGONALFACE((633,632,640));
#6408=IFCINDEXEDPOLYGONALFACE((637,643,640));
#6409=IFCINDEXEDPOLYGONALFACE((637,639,642));
#6410=IFCINDEXEDPOLYGONALFACE((624,623,642));
#6411=IFCINDEXEDPOLYGONALFACE((645,647,644));
#6412=IFCINDEXEDPOLYGONALFACE((647,649,646));
#6413=IFCINDEXEDPOLYGONALFACE((649,650,648));
#6414=IFCINDEXEDPOLYGONALFACE((650,622,621));
#6415=IFCINDEXEDPOLYGONALFACE((653,655,651));
#6416=IFCINDEXEDPOLYGONALFACE((655,656,654));
#6417=IFCINDEXEDPOLYGONALFACE((657,658,654));
#6418=IFCINDEXEDPOLYGONALFACE((619,618,658));
#6419=IFCINDEXEDPOLYGONALFACE((610,273,272));
#6420=IFCINDEXEDPOLYGONALFACE((661,272,280));
#6421=IFCINDEXEDPOLYGONALFACE((664,757,662));
#6422=IFCINDEXEDPOLYGONALFACE((667,725,665));
#6423=IFCINDEXEDPOLYGONALFACE((670,816,668));
#6424=IFCINDEXEDPOLYGONALFACE((672,670,669));
#6425=IFCINDEXEDPOLYGONALFACE((666,665,673));
#6426=IFCINDEXEDPOLYGONALFACE((677,761,675));
#6427=IFCINDEXEDPOLYGONALFACE((680,687,678));
#6428=IFCINDEXEDPOLYGONALFACE((683,733,681));
#6429=IFCINDEXEDPOLYGONALFACE((685,733,683));
#6430=IFCINDEXEDPOLYGONALFACE((687,815,686));
#6431=IFCINDEXEDPOLYGONALFACE((690,810,688));
#6432=IFCINDEXEDPOLYGONALFACE((693,737,691));
#6433=IFCINDEXEDPOLYGONALFACE((696,814,694));
#6434=IFCINDEXEDPOLYGONALFACE((697,741,696));
#6435=IFCINDEXEDPOLYGONALFACE((691,737,698));
#6436=IFCINDEXEDPOLYGONALFACE((702,764,700));
#6437=IFCINDEXEDPOLYGONALFACE((705,744,703));
#6438=IFCINDEXEDPOLYGONALFACE((708,746,706));
#6439=IFCINDEXEDPOLYGONALFACE((710,746,708));
#6440=IFCINDEXEDPOLYGONALFACE((703,749,711));
#6441=IFCINDEXEDPOLYGONALFACE((714,768,712));
#6442=IFCINDEXEDPOLYGONALFACE((717,751,715));
#6443=IFCINDEXEDPOLYGONALFACE((720,753,718));
#6444=IFCINDEXEDPOLYGONALFACE((722,753,720));
#6445=IFCINDEXEDPOLYGONALFACE((715,751,723));
#6446=IFCINDEXEDPOLYGONALFACE((726,730,665));
#6447=IFCINDEXEDPOLYGONALFACE((728,816,670));
#6448=IFCINDEXEDPOLYGONALFACE((727,670,672));
#6449=IFCINDEXEDPOLYGONALFACE((730,813,673));
#6450=IFCINDEXEDPOLYGONALFACE((732,687,680));
#6451=IFCINDEXEDPOLYGONALFACE((734,812,681));
#6452=IFCINDEXEDPOLYGONALFACE((734,733,685));
#6453=IFCINDEXEDPOLYGONALFACE((736,815,687));
#6454=IFCINDEXEDPOLYGONALFACE((738,743,737));
#6455=IFCINDEXEDPOLYGONALFACE((740,814,696));
#6456=IFCINDEXEDPOLYGONALFACE((739,696,741));
#6457=IFCINDEXEDPOLYGONALFACE((743,762,698));
#6458=IFCINDEXEDPOLYGONALFACE((745,750,703));
#6459=IFCINDEXEDPOLYGONALFACE((747,808,706));
#6460=IFCINDEXEDPOLYGONALFACE((747,746,710));
#6461=IFCINDEXEDPOLYGONALFACE((750,807,749));
#6462=IFCINDEXEDPOLYGONALFACE((752,756,751));
#6463=IFCINDEXEDPOLYGONALFACE((754,806,718));
#6464=IFCINDEXEDPOLYGONALFACE((754,753,722));
#6465=IFCINDEXEDPOLYGONALFACE((756,769,723));
#6466=IFCINDEXEDPOLYGONALFACE((663,758,730));
#6467=IFCINDEXEDPOLYGONALFACE((664,728,727));
#6468=IFCINDEXEDPOLYGONALFACE((757,727,729));
#6469=IFCINDEXEDPOLYGONALFACE((759,813,730));
#6470=IFCINDEXEDPOLYGONALFACE((760,732,731));
#6471=IFCINDEXEDPOLYGONALFACE((677,812,734));
#6472=IFCINDEXEDPOLYGONALFACE((761,734,735));
#6473=IFCINDEXEDPOLYGONALFACE((760,811,736));
#6474=IFCINDEXEDPOLYGONALFACE((690,763,743));
#6475=IFCINDEXEDPOLYGONALFACE((688,810,740));
#6476=IFCINDEXEDPOLYGONALFACE((688,739,742));
#6477=IFCINDEXEDPOLYGONALFACE((763,809,762));
#6478=IFCINDEXEDPOLYGONALFACE((701,765,750));
#6479=IFCINDEXEDPOLYGONALFACE((702,808,747));
#6480=IFCINDEXEDPOLYGONALFACE((700,764,747));
#6481=IFCINDEXEDPOLYGONALFACE((766,807,750));
#6482=IFCINDEXEDPOLYGONALFACE((767,756,752));
#6483=IFCINDEXEDPOLYGONALFACE((714,806,754));
#6484=IFCINDEXEDPOLYGONALFACE((712,768,754));
#6485=IFCINDEXEDPOLYGONALFACE((767,805,769));
#6486=IFCINDEXEDPOLYGONALFACE((654,771,770));
#6487=IFCINDEXEDPOLYGONALFACE((771,715,724));
#6488=IFCINDEXEDPOLYGONALFACE((773,774,772));
#6489=IFCINDEXEDPOLYGONALFACE((774,721,720));
#6490=IFCINDEXEDPOLYGONALFACE((772,775,648));
#6491=IFCINDEXEDPOLYGONALFACE((772,720,719));
#6492=IFCINDEXEDPOLYGONALFACE((776,777,771));
#6493=IFCINDEXEDPOLYGONALFACE((777,716,715));
#6494=IFCINDEXEDPOLYGONALFACE((778,779,652));
#6495=IFCINDEXEDPOLYGONALFACE((778,666,674));
#6496=IFCINDEXEDPOLYGONALFACE((781,782,780));
#6497=IFCINDEXEDPOLYGONALFACE((671,669,780));
#6498=IFCINDEXEDPOLYGONALFACE((780,783,621));
#6499=IFCINDEXEDPOLYGONALFACE((780,669,668));
#6500=IFCINDEXEDPOLYGONALFACE((784,778,651));
#6501=IFCINDEXEDPOLYGONALFACE((784,667,666));
#6502=IFCINDEXEDPOLYGONALFACE((658,786,785));
#6503=IFCINDEXEDPOLYGONALFACE((704,711,785));
#6504=IFCINDEXEDPOLYGONALFACE((787,788,648));
#6505=IFCINDEXEDPOLYGONALFACE((787,709,708));
#6506=IFCINDEXEDPOLYGONALFACE((788,789,646));
#6507=IFCINDEXEDPOLYGONALFACE((708,707,789));
#6508=IFCINDEXEDPOLYGONALFACE((790,791,786));
#6509=IFCINDEXEDPOLYGONALFACE((791,705,704));
#6510=IFCINDEXEDPOLYGONALFACE((618,793,792));
#6511=IFCINDEXEDPOLYGONALFACE((691,699,792));
#6512=IFCINDEXEDPOLYGONALFACE((794,795,646));
#6513=IFCINDEXEDPOLYGONALFACE((794,697,695));
#6514=IFCINDEXEDPOLYGONALFACE((795,796,644));
#6515=IFCINDEXEDPOLYGONALFACE((795,695,694));
#6516=IFCINDEXEDPOLYGONALFACE((798,793,618));
#6517=IFCINDEXEDPOLYGONALFACE((798,692,691));
#6518=IFCINDEXEDPOLYGONALFACE((617,800,799));
#6519=IFCINDEXEDPOLYGONALFACE((678,686,799));
#6520=IFCINDEXEDPOLYGONALFACE((797,802,801));
#6521=IFCINDEXEDPOLYGONALFACE((802,684,683));
#6522=IFCINDEXEDPOLYGONALFACE((801,803,614));
#6523=IFCINDEXEDPOLYGONALFACE((683,682,803));
#6524=IFCINDEXEDPOLYGONALFACE((615,804,800));
#6525=IFCINDEXEDPOLYGONALFACE((804,679,678));
#6526=IFCINDEXEDPOLYGONALFACE((682,679,804));
#6527=IFCINDEXEDPOLYGONALFACE((803,804,615));
#6528=IFCINDEXEDPOLYGONALFACE((686,684,802));
#6529=IFCINDEXEDPOLYGONALFACE((618,799,802));
#6530=IFCINDEXEDPOLYGONALFACE((694,692,798));
#6531=IFCINDEXEDPOLYGONALFACE((644,796,798));
#6532=IFCINDEXEDPOLYGONALFACE((699,697,794));
#6533=IFCINDEXEDPOLYGONALFACE((792,794,790));
#6534=IFCINDEXEDPOLYGONALFACE((707,705,791));
#6535=IFCINDEXEDPOLYGONALFACE((646,789,791));
#6536=IFCINDEXEDPOLYGONALFACE((711,709,787));
#6537=IFCINDEXEDPOLYGONALFACE((785,787,776));
#6538=IFCINDEXEDPOLYGONALFACE((668,667,784));
#6539=IFCINDEXEDPOLYGONALFACE((621,783,784));
#6540=IFCINDEXEDPOLYGONALFACE((674,671,782));
#6541=IFCINDEXEDPOLYGONALFACE((779,782,781));
#6542=IFCINDEXEDPOLYGONALFACE((719,716,777));
#6543=IFCINDEXEDPOLYGONALFACE((775,777,776));
#6544=IFCINDEXEDPOLYGONALFACE((724,721,774));
#6545=IFCINDEXEDPOLYGONALFACE((651,770,774));
#6546=IFCINDEXEDPOLYGONALFACE((712,755,769));
#6547=IFCINDEXEDPOLYGONALFACE((714,713,752));
#6548=IFCINDEXEDPOLYGONALFACE((766,700,748));
#6549=IFCINDEXEDPOLYGONALFACE((702,701,745));
#6550=IFCINDEXEDPOLYGONALFACE((809,689,742));
#6551=IFCINDEXEDPOLYGONALFACE((690,738,740));
#6552=IFCINDEXEDPOLYGONALFACE((811,675,735));
#6553=IFCINDEXEDPOLYGONALFACE((676,731,812));
#6554=IFCINDEXEDPOLYGONALFACE((759,662,729));
#6555=IFCINDEXEDPOLYGONALFACE((663,726,728));
#6556=IFCINDEXEDPOLYGONALFACE((769,755,722));
#6557=IFCINDEXEDPOLYGONALFACE((752,717,718));
#6558=IFCINDEXEDPOLYGONALFACE((748,710,749));
#6559=IFCINDEXEDPOLYGONALFACE((745,744,706));
#6560=IFCINDEXEDPOLYGONALFACE((742,741,698));
#6561=IFCINDEXEDPOLYGONALFACE((740,738,693));
#6562=IFCINDEXEDPOLYGONALFACE((736,735,685));
#6563=IFCINDEXEDPOLYGONALFACE((812,731,680));
#6564=IFCINDEXEDPOLYGONALFACE((813,729,672));
#6565=IFCINDEXEDPOLYGONALFACE((726,725,816));
#6566=IFCINDEXEDPOLYGONALFACE((724,723,722));
#6567=IFCINDEXEDPOLYGONALFACE((718,717,716));
#6568=IFCINDEXEDPOLYGONALFACE((767,713,712));
#6569=IFCINDEXEDPOLYGONALFACE((749,710,709));
#6570=IFCINDEXEDPOLYGONALFACE((706,744,705));
#6571=IFCINDEXEDPOLYGONALFACE((765,701,700));
#6572=IFCINDEXEDPOLYGONALFACE((698,741,697));
#6573=IFCINDEXEDPOLYGONALFACE((694,814,693));
#6574=IFCINDEXEDPOLYGONALFACE((763,690,689));
#6575=IFCINDEXEDPOLYGONALFACE((686,815,685));
#6576=IFCINDEXEDPOLYGONALFACE((682,681,680));
#6577=IFCINDEXEDPOLYGONALFACE((760,676,675));
#6578=IFCINDEXEDPOLYGONALFACE((674,673,672));
#6579=IFCINDEXEDPOLYGONALFACE((668,816,725));
#6580=IFCINDEXEDPOLYGONALFACE((758,663,662));
#6581=IFCINDEXEDPOLYGONALFACE((661,613,630));
#6582=IFCINDEXEDPOLYGONALFACE((660,661,638));
#6583=IFCINDEXEDPOLYGONALFACE((635,659,660));
#6584=IFCINDEXEDPOLYGONALFACE((610,659,635));
#6585=IFCINDEXEDPOLYGONALFACE((628,611,633));
#6586=IFCINDEXEDPOLYGONALFACE((631,612,627));
#6587=IFCINDEXEDPOLYGONALFACE((629,628,641));
#6588=IFCINDEXEDPOLYGONALFACE((625,627,626));
#6589=IFCINDEXEDPOLYGONALFACE((819,616,615));
#6590=IFCINDEXEDPOLYGONALFACE((630,613,612));
#6591=IFCINDEXEDPOLYGONALFACE((611,610,634));
#6592=IFCINDEXEDPOLYGONALFACE((626,822,820));
#6593=IFCINDEXEDPOLYGONALFACE((823,845,821));
#6594=IFCINDEXEDPOLYGONALFACE((623,833,824));
#6595=IFCINDEXEDPOLYGONALFACE((642,824,825));
#6596=IFCINDEXEDPOLYGONALFACE((643,825,826));
#6597=IFCINDEXEDPOLYGONALFACE((641,640,826));
#6598=IFCINDEXEDPOLYGONALFACE((285,284,829));
#6599=IFCINDEXEDPOLYGONALFACE((269,285,830));
#6600=IFCINDEXEDPOLYGONALFACE((832,629,817));
#6601=IFCINDEXEDPOLYGONALFACE((281,835,827));
#6602=IFCINDEXEDPOLYGONALFACE((623,818,820));
#6603=IFCINDEXEDPOLYGONALFACE((269,823,822));
#6604=IFCINDEXEDPOLYGONALFACE((307,282,288));
#6605=IFCINDEXEDPOLYGONALFACE((298,297,274));
#6606=IFCINDEXEDPOLYGONALFACE((318,271,286));
#6607=IFCINDEXEDPOLYGONALFACE((293,288,278));
#6608=IFCINDEXEDPOLYGONALFACE((298,283,282));
#6609=IFCINDEXEDPOLYGONALFACE((302,286,276));
#6610=IFCINDEXEDPOLYGONALFACE((313,306,278));
#6611=IFCINDEXEDPOLYGONALFACE((310,276,275));
#6612=IFCINDEXEDPOLYGONALFACE((297,316,275));
#6613=IFCINDEXEDPOLYGONALFACE((313,277,271));
#6614=IFCINDEXEDPOLYGONALFACE((620,1652,834));
#6615=IFCINDEXEDPOLYGONALFACE((652,781,834));
#6616=IFCINDEXEDPOLYGONALFACE((832,846,835));
#6617=IFCINDEXEDPOLYGONALFACE((821,616,819));
#6618=IFCINDEXEDPOLYGONALFACE((838,619,657));
#6619=IFCINDEXEDPOLYGONALFACE((837,657,656));
#6620=IFCINDEXEDPOLYGONALFACE((839,656,655));
#6621=IFCINDEXEDPOLYGONALFACE((840,655,653));
#6622=IFCINDEXEDPOLYGONALFACE((842,622,650));
#6623=IFCINDEXEDPOLYGONALFACE((843,841,650));
#6624=IFCINDEXEDPOLYGONALFACE((843,649,647));
#6625=IFCINDEXEDPOLYGONALFACE((845,844,647));
#6626=IFCINDEXEDPOLYGONALFACE((846,1652,622));
#6627=IFCINDEXEDPOLYGONALFACE((836,819,619));
#6628=IFCINDEXEDPOLYGONALFACE((834,832,831));
#6629=IFCINDEXEDPOLYGONALFACE((834,1652,846));
#6630=IFCINDEXEDPOLYGONALFACE((822,821,836));
#6631=IFCINDEXEDPOLYGONALFACE((833,838,837));
#6632=IFCINDEXEDPOLYGONALFACE((824,837,839));
#6633=IFCINDEXEDPOLYGONALFACE((826,825,839));
#6634=IFCINDEXEDPOLYGONALFACE((817,826,840));
#6635=IFCINDEXEDPOLYGONALFACE((827,842,841));
#6636=IFCINDEXEDPOLYGONALFACE((829,828,841));
#6637=IFCINDEXEDPOLYGONALFACE((829,843,844));
#6638=IFCINDEXEDPOLYGONALFACE((823,830,844));
#6639=IFCINDEXEDPOLYGONALFACE((835,846,842));
#6640=IFCINDEXEDPOLYGONALFACE((820,836,838));
#6641=IFCINDEXEDPOLYGONALFACE((845,645,616));
#6642=IFCINDEXEDPOLYGONALFACE((849,850,847));
#6643=IFCINDEXEDPOLYGONALFACE((851,930,847));
#6644=IFCINDEXEDPOLYGONALFACE((854,923,852));
#6645=IFCINDEXEDPOLYGONALFACE((856,923,854));
#6646=IFCINDEXEDPOLYGONALFACE((859,935,857));
#6647=IFCINDEXEDPOLYGONALFACE((861,14,13));
#6648=IFCINDEXEDPOLYGONALFACE((863,17,16));
#6649=IFCINDEXEDPOLYGONALFACE((865,20,19));
#6650=IFCINDEXEDPOLYGONALFACE((22,25,866));
#6651=IFCINDEXEDPOLYGONALFACE((866,25,14));
#6652=IFCINDEXEDPOLYGONALFACE((870,990,868));
#6653=IFCINDEXEDPOLYGONALFACE((873,989,871));
#6654=IFCINDEXEDPOLYGONALFACE((876,877,874));
#6655=IFCINDEXEDPOLYGONALFACE((877,859,858));
#6656=IFCINDEXEDPOLYGONALFACE((879,870,869));
#6657=IFCINDEXEDPOLYGONALFACE((881,873,872));
#6658=IFCINDEXEDPOLYGONALFACE((875,874,882));
#6659=IFCINDEXEDPOLYGONALFACE((885,931,884));
#6660=IFCINDEXEDPOLYGONALFACE((887,879,878));
#6661=IFCINDEXEDPOLYGONALFACE((889,881,880));
#6662=IFCINDEXEDPOLYGONALFACE((891,883,882));
#6663=IFCINDEXEDPOLYGONALFACE((893,942,892));
#6664=IFCINDEXEDPOLYGONALFACE((895,887,886));
#6665=IFCINDEXEDPOLYGONALFACE((897,889,888));
#6666=IFCINDEXEDPOLYGONALFACE((891,890,898));
#6667=IFCINDEXEDPOLYGONALFACE((898,890,851));
#6668=IFCINDEXEDPOLYGONALFACE((901,895,894));
#6669=IFCINDEXEDPOLYGONALFACE((897,896,902));
#6670=IFCINDEXEDPOLYGONALFACE((905,899,898));
#6671=IFCINDEXEDPOLYGONALFACE((898,850,849));
#6672=IFCINDEXEDPOLYGONALFACE((908,918,906));
#6673=IFCINDEXEDPOLYGONALFACE((906,914,853));
#6674=IFCINDEXEDPOLYGONALFACE((853,914,909));
#6675=IFCINDEXEDPOLYGONALFACE((911,83,72));
#6676=IFCINDEXEDPOLYGONALFACE((909,913,855));
#6677=IFCINDEXEDPOLYGONALFACE((913,917,912));
#6678=IFCINDEXEDPOLYGONALFACE((915,1402,914));
#6679=IFCINDEXEDPOLYGONALFACE((913,920,916));
#6680=IFCINDEXEDPOLYGONALFACE((919,915,906));
#6681=IFCINDEXEDPOLYGONALFACE((909,921,920));
#6682=IFCINDEXEDPOLYGONALFACE((914,1402,921));
#6683=IFCINDEXEDPOLYGONALFACE((922,604,83));
#6684=IFCINDEXEDPOLYGONALFACE((924,925,923));
#6685=IFCINDEXEDPOLYGONALFACE((885,852,923));
#6686=IFCINDEXEDPOLYGONALFACE((927,885,925));
#6687=IFCINDEXEDPOLYGONALFACE((926,925,924));
#6688=IFCINDEXEDPOLYGONALFACE((851,934,929));
#6689=IFCINDEXEDPOLYGONALFACE((931,932,874));
#6690=IFCINDEXEDPOLYGONALFACE((933,950,932));
#6691=IFCINDEXEDPOLYGONALFACE((892,934,851));
#6692=IFCINDEXEDPOLYGONALFACE((934,924,856));
#6693=IFCINDEXEDPOLYGONALFACE((885,927,932));
#6694=IFCINDEXEDPOLYGONALFACE((907,853,857));
#6695=IFCINDEXEDPOLYGONALFACE((858,857,884));
#6696=IFCINDEXEDPOLYGONALFACE((908,907,935));
#6697=IFCINDEXEDPOLYGONALFACE((848,910,72));
#6698=IFCINDEXEDPOLYGONALFACE((930,855,912));
#6699=IFCINDEXEDPOLYGONALFACE((928,924,934));
#6700=IFCINDEXEDPOLYGONALFACE((929,856,855));
#6701=IFCINDEXEDPOLYGONALFACE((853,852,884));
#6702=IFCINDEXEDPOLYGONALFACE((937,952,893));
#6703=IFCINDEXEDPOLYGONALFACE((939,951,938));
#6704=IFCINDEXEDPOLYGONALFACE((932,950,940));
#6705=IFCINDEXEDPOLYGONALFACE((941,939,926));
#6706=IFCINDEXEDPOLYGONALFACE((936,893,890));
#6707=IFCINDEXEDPOLYGONALFACE((939,933,927));
#6708=IFCINDEXEDPOLYGONALFACE((942,941,928));
#6709=IFCINDEXEDPOLYGONALFACE((874,940,936));
#6710=IFCINDEXEDPOLYGONALFACE((945,1182,943));
#6711=IFCINDEXEDPOLYGONALFACE((947,1182,945));
#6712=IFCINDEXEDPOLYGONALFACE((948,937,936));
#6713=IFCINDEXEDPOLYGONALFACE((933,938,949));
#6714=IFCINDEXEDPOLYGONALFACE((941,953,951));
#6715=IFCINDEXEDPOLYGONALFACE((949,948,940));
#6716=IFCINDEXEDPOLYGONALFACE((952,986,942));
#6717=IFCINDEXEDPOLYGONALFACE((942,986,953));
#6718=IFCINDEXEDPOLYGONALFACE((956,963,954));
#6719=IFCINDEXEDPOLYGONALFACE((958,947,946));
#6720=IFCINDEXEDPOLYGONALFACE((960,958,957));
#6721=IFCINDEXEDPOLYGONALFACE((955,954,961));
#6722=IFCINDEXEDPOLYGONALFACE((944,943,963));
#6723=IFCINDEXEDPOLYGONALFACE((961,960,959));
#6724=IFCINDEXEDPOLYGONALFACE((949,966,964));
#6725=IFCINDEXEDPOLYGONALFACE((966,968,965));
#6726=IFCINDEXEDPOLYGONALFACE((968,969,967));
#6727=IFCINDEXEDPOLYGONALFACE((962,959,967));
#6728=IFCINDEXEDPOLYGONALFACE((970,971,951));
#6729=IFCINDEXEDPOLYGONALFACE((972,974,971));
#6730=IFCINDEXEDPOLYGONALFACE((972,975,973));
#6731=IFCINDEXEDPOLYGONALFACE((975,944,956));
#6732=IFCINDEXEDPOLYGONALFACE((938,976,966));
#6733=IFCINDEXEDPOLYGONALFACE((977,968,966));
#6734=IFCINDEXEDPOLYGONALFACE((977,978,969));
#6735=IFCINDEXEDPOLYGONALFACE((978,955,962));
#6736=IFCINDEXEDPOLYGONALFACE((948,964,979));
#6737=IFCINDEXEDPOLYGONALFACE((964,965,980));
#6738=IFCINDEXEDPOLYGONALFACE((965,967,981));
#6739=IFCINDEXEDPOLYGONALFACE((959,957,981));
#6740=IFCINDEXEDPOLYGONALFACE((937,979,982));
#6741=IFCINDEXEDPOLYGONALFACE((979,980,983));
#6742=IFCINDEXEDPOLYGONALFACE((980,981,984));
#6743=IFCINDEXEDPOLYGONALFACE((957,946,984));
#6744=IFCINDEXEDPOLYGONALFACE((971,976,938));
#6745=IFCINDEXEDPOLYGONALFACE((971,974,977));
#6746=IFCINDEXEDPOLYGONALFACE((973,978,977));
#6747=IFCINDEXEDPOLYGONALFACE((973,956,955));
#6748=IFCINDEXEDPOLYGONALFACE((952,982,985));
#6749=IFCINDEXEDPOLYGONALFACE((982,983,987));
#6750=IFCINDEXEDPOLYGONALFACE((983,984,988));
#6751=IFCINDEXEDPOLYGONALFACE((946,945,988));
#6752=IFCINDEXEDPOLYGONALFACE((985,970,953));
#6753=IFCINDEXEDPOLYGONALFACE((987,972,970));
#6754=IFCINDEXEDPOLYGONALFACE((987,988,975));
#6755=IFCINDEXEDPOLYGONALFACE((988,945,944));
#6756=IFCINDEXEDPOLYGONALFACE((152,908,860));
#6757=IFCINDEXEDPOLYGONALFACE((154,153,919));
#6758=IFCINDEXEDPOLYGONALFACE((152,154,918));
#6759=IFCINDEXEDPOLYGONALFACE((877,866,861));
#6760=IFCINDEXEDPOLYGONALFACE((876,867,866));
#6761=IFCINDEXEDPOLYGONALFACE((989,865,864));
#6762=IFCINDEXEDPOLYGONALFACE((863,862,868));
#6763=IFCINDEXEDPOLYGONALFACE((861,860,935));
#6764=IFCINDEXEDPOLYGONALFACE((912,910,848));
#6765=IFCINDEXEDPOLYGONALFACE((916,922,911));
#6766=IFCINDEXEDPOLYGONALFACE((917,911,910));
#6767=IFCINDEXEDPOLYGONALFACE((904,849,158));
#6768=IFCINDEXEDPOLYGONALFACE((905,904,157));
#6769=IFCINDEXEDPOLYGONALFACE((903,902,161));
#6770=IFCINDEXEDPOLYGONALFACE((901,900,163));
#6771=IFCINDEXEDPOLYGONALFACE((849,848,164));
#6772=IFCINDEXEDPOLYGONALFACE((992,209,167));
#6773=IFCINDEXEDPOLYGONALFACE((993,994,168));
#6774=IFCINDEXEDPOLYGONALFACE((995,172,168));
#6775=IFCINDEXEDPOLYGONALFACE((991,167,172));
#6776=IFCINDEXEDPOLYGONALFACE((998,1038,996));
#6777=IFCINDEXEDPOLYGONALFACE((997,996,999));
#6778=IFCINDEXEDPOLYGONALFACE((1002,1038,998));
#6779=IFCINDEXEDPOLYGONALFACE((1005,1010,1003));
#6780=IFCINDEXEDPOLYGONALFACE((999,1005,1004));
#6781=IFCINDEXEDPOLYGONALFACE((1007,1002,1001));
#6782=IFCINDEXEDPOLYGONALFACE((1008,1011,1007));
#6783=IFCINDEXEDPOLYGONALFACE((1010,1042,1009));
#6784=IFCINDEXEDPOLYGONALFACE((1012,1013,1011));
#6785=IFCINDEXEDPOLYGONALFACE((1009,1042,1013));
#6786=IFCINDEXEDPOLYGONALFACE((1015,1009,1012));
#6787=IFCINDEXEDPOLYGONALFACE((1012,1008,1016));
#6788=IFCINDEXEDPOLYGONALFACE((1003,1009,1015));
#6789=IFCINDEXEDPOLYGONALFACE((1008,1006,1018));
#6790=IFCINDEXEDPOLYGONALFACE((1006,1001,1019));
#6791=IFCINDEXEDPOLYGONALFACE((1021,1000,1004));
#6792=IFCINDEXEDPOLYGONALFACE((1020,1004,1003));
#6793=IFCINDEXEDPOLYGONALFACE((1019,1001,998));
#6794=IFCINDEXEDPOLYGONALFACE((997,1000,1021));
#6795=IFCINDEXEDPOLYGONALFACE((998,997,1023));
#6796=IFCINDEXEDPOLYGONALFACE((1022,1023,994));
#6797=IFCINDEXEDPOLYGONALFACE((1023,1021,995));
#6798=IFCINDEXEDPOLYGONALFACE((1024,1019,1022));
#6799=IFCINDEXEDPOLYGONALFACE((991,1020,1017));
#6800=IFCINDEXEDPOLYGONALFACE((995,1021,1020));
#6801=IFCINDEXEDPOLYGONALFACE((1018,1019,1024));
#6802=IFCINDEXEDPOLYGONALFACE((1016,1018,1025));
#6803=IFCINDEXEDPOLYGONALFACE((992,1017,1015));
#6804=IFCINDEXEDPOLYGONALFACE((1014,1016,1026));
#6805=IFCINDEXEDPOLYGONALFACE((1015,1014,1028));
#6806=IFCINDEXEDPOLYGONALFACE((209,992,1029));
#6807=IFCINDEXEDPOLYGONALFACE((993,1035,1030));
#6808=IFCINDEXEDPOLYGONALFACE((992,1027,1031));
#6809=IFCINDEXEDPOLYGONALFACE((1027,1028,1032));
#6810=IFCINDEXEDPOLYGONALFACE((1028,1026,1033));
#6811=IFCINDEXEDPOLYGONALFACE((1026,1025,1034));
#6812=IFCINDEXEDPOLYGONALFACE((1024,1030,1034));
#6813=IFCINDEXEDPOLYGONALFACE((993,215,218));
#6814=IFCINDEXEDPOLYGONALFACE((1029,901,162));
#6815=IFCINDEXEDPOLYGONALFACE((1035,863,990));
#6816=IFCINDEXEDPOLYGONALFACE((1029,1031,895));
#6817=IFCINDEXEDPOLYGONALFACE((1031,1032,887));
#6818=IFCINDEXEDPOLYGONALFACE((1032,1033,879));
#6819=IFCINDEXEDPOLYGONALFACE((1033,1034,870));
#6820=IFCINDEXEDPOLYGONALFACE((1034,1030,990));
#6821=IFCINDEXEDPOLYGONALFACE((1035,218,17));
#6822=IFCINDEXEDPOLYGONALFACE((996,1044,1036));
#6823=IFCINDEXEDPOLYGONALFACE((1002,1045,1037));
#6824=IFCINDEXEDPOLYGONALFACE((1039,1049,1011));
#6825=IFCINDEXEDPOLYGONALFACE((1036,1040,1005));
#6826=IFCINDEXEDPOLYGONALFACE((1040,1043,1010));
#6827=IFCINDEXEDPOLYGONALFACE((1011,1049,1041));
#6828=IFCINDEXEDPOLYGONALFACE((1043,1046,1042));
#6829=IFCINDEXEDPOLYGONALFACE((1038,1037,1044));
#6830=IFCINDEXEDPOLYGONALFACE((1007,1041,1045));
#6831=IFCINDEXEDPOLYGONALFACE((1046,1039,1013));
#6832=IFCINDEXEDPOLYGONALFACE((1040,1064,1047));
#6833=IFCINDEXEDPOLYGONALFACE((1049,1055,1048));
#6834=IFCINDEXEDPOLYGONALFACE((1043,1047,1050));
#6835=IFCINDEXEDPOLYGONALFACE((1051,1054,1044));
#6836=IFCINDEXEDPOLYGONALFACE((1041,1048,1052));
#6837=IFCINDEXEDPOLYGONALFACE((1046,1050,1053));
#6838=IFCINDEXEDPOLYGONALFACE((1054,1056,1036));
#6839=IFCINDEXEDPOLYGONALFACE((1045,1052,1051));
#6840=IFCINDEXEDPOLYGONALFACE((1039,1053,1055));
#6841=IFCINDEXEDPOLYGONALFACE((1056,1064,1040));
#6842=IFCINDEXEDPOLYGONALFACE((1055,1063,1057));
#6843=IFCINDEXEDPOLYGONALFACE((1047,1071,1058));
#6844=IFCINDEXEDPOLYGONALFACE((1059,1062,1054));
#6845=IFCINDEXEDPOLYGONALFACE((1048,1057,1060));
#6846=IFCINDEXEDPOLYGONALFACE((1050,1058,1061));
#6847=IFCINDEXEDPOLYGONALFACE((1062,1065,1056));
#6848=IFCINDEXEDPOLYGONALFACE((1060,1059,1051));
#6849=IFCINDEXEDPOLYGONALFACE((1053,1061,1063));
#6850=IFCINDEXEDPOLYGONALFACE((1065,1066,1064));
#6851=IFCINDEXEDPOLYGONALFACE((1066,1071,1047));
#6852=IFCINDEXEDPOLYGONALFACE((1067,1070,1065));
#6853=IFCINDEXEDPOLYGONALFACE((1068,1075,1059));
#6854=IFCINDEXEDPOLYGONALFACE((1061,1076,1069));
#6855=IFCINDEXEDPOLYGONALFACE((1070,1072,1066));
#6856=IFCINDEXEDPOLYGONALFACE((1072,1080,1071));
#6857=IFCINDEXEDPOLYGONALFACE((1063,1069,1073));
#6858=IFCINDEXEDPOLYGONALFACE((1071,1080,1074));
#6859=IFCINDEXEDPOLYGONALFACE((1075,1067,1062));
#6860=IFCINDEXEDPOLYGONALFACE((1057,1073,1068));
#6861=IFCINDEXEDPOLYGONALFACE((1058,1074,1076));
#6862=IFCINDEXEDPOLYGONALFACE((1068,1083,1077));
#6863=IFCINDEXEDPOLYGONALFACE((1076,1084,1078));
#6864=IFCINDEXEDPOLYGONALFACE((1070,1108,1079));
#6865=IFCINDEXEDPOLYGONALFACE((1079,1123,1080));
#6866=IFCINDEXEDPOLYGONALFACE((1069,1078,1081));
#6867=IFCINDEXEDPOLYGONALFACE((1080,1123,1082));
#6868=IFCINDEXEDPOLYGONALFACE((1077,1085,1067));
#6869=IFCINDEXEDPOLYGONALFACE((1073,1081,1083));
#6870=IFCINDEXEDPOLYGONALFACE((1074,1082,1084));
#6871=IFCINDEXEDPOLYGONALFACE((1085,1108,1070));
#6872=IFCINDEXEDPOLYGONALFACE((1088,1101,1086));
#6873=IFCINDEXEDPOLYGONALFACE((1091,1102,1089));
#6874=IFCINDEXEDPOLYGONALFACE((1089,1095,1092));
#6875=IFCINDEXEDPOLYGONALFACE((1086,1634,1093));
#6876=IFCINDEXEDPOLYGONALFACE((1095,1412,1094));
#6877=IFCINDEXEDPOLYGONALFACE((1098,1410,1096));
#6878=IFCINDEXEDPOLYGONALFACE((1093,1634,1099));
#6879=IFCINDEXEDPOLYGONALFACE((1094,1412,1101));
#6880=IFCINDEXEDPOLYGONALFACE((1096,1410,1102));
#6881=IFCINDEXEDPOLYGONALFACE((1100,1099,1098));
#6882=IFCINDEXEDPOLYGONALFACE((1083,1105,1103));
#6883=IFCINDEXEDPOLYGONALFACE((1105,1106,1104));
#6884=IFCINDEXEDPOLYGONALFACE((1107,1638,1104));
#6885=IFCINDEXEDPOLYGONALFACE((1109,1110,1108));
#6886=IFCINDEXEDPOLYGONALFACE((1111,1113,1110));
#6887=IFCINDEXEDPOLYGONALFACE((1111,1122,1112));
#6888=IFCINDEXEDPOLYGONALFACE((1082,1115,1114));
#6889=IFCINDEXEDPOLYGONALFACE((1116,1117,1114));
#6890=IFCINDEXEDPOLYGONALFACE((1118,1133,1117));
#6891=IFCINDEXEDPOLYGONALFACE((1081,1119,1105));
#6892=IFCINDEXEDPOLYGONALFACE((1119,1120,1106));
#6893=IFCINDEXEDPOLYGONALFACE((1121,1107,1106));
#6894=IFCINDEXEDPOLYGONALFACE((1103,1109,1085));
#6895=IFCINDEXEDPOLYGONALFACE((1104,1111,1109));
#6896=IFCINDEXEDPOLYGONALFACE((1104,1638,1122));
#6897=IFCINDEXEDPOLYGONALFACE((1123,1124,1115));
#6898=IFCINDEXEDPOLYGONALFACE((1125,1116,1115));
#6899=IFCINDEXEDPOLYGONALFACE((1126,1118,1116));
#6900=IFCINDEXEDPOLYGONALFACE((1078,1127,1119));
#6901=IFCINDEXEDPOLYGONALFACE((1127,1128,1120));
#6902=IFCINDEXEDPOLYGONALFACE((1129,1121,1120));
#6903=IFCINDEXEDPOLYGONALFACE((1130,1124,1123));
#6904=IFCINDEXEDPOLYGONALFACE((1131,1125,1124));
#6905=IFCINDEXEDPOLYGONALFACE((1132,1126,1125));
#6906=IFCINDEXEDPOLYGONALFACE((1110,1130,1079));
#6907=IFCINDEXEDPOLYGONALFACE((1113,1131,1130));
#6908=IFCINDEXEDPOLYGONALFACE((1113,1112,1132));
#6909=IFCINDEXEDPOLYGONALFACE((1084,1114,1127));
#6910=IFCINDEXEDPOLYGONALFACE((1117,1128,1127));
#6911=IFCINDEXEDPOLYGONALFACE((1133,1129,1128));
#6912=IFCINDEXEDPOLYGONALFACE((900,903,160));
#6913=IFCINDEXEDPOLYGONALFACE((868,862,865));
#6914=IFCINDEXEDPOLYGONALFACE((900,894,897));
#6915=IFCINDEXEDPOLYGONALFACE((894,886,889));
#6916=IFCINDEXEDPOLYGONALFACE((886,878,881));
#6917=IFCINDEXEDPOLYGONALFACE((878,869,873));
#6918=IFCINDEXEDPOLYGONALFACE((869,868,989));
#6919=IFCINDEXEDPOLYGONALFACE((16,20,865));
#6920=IFCINDEXEDPOLYGONALFACE((1136,1262,1134));
#6921=IFCINDEXEDPOLYGONALFACE((1138,961,954));
#6922=IFCINDEXEDPOLYGONALFACE((1141,1239,1139));
#6923=IFCINDEXEDPOLYGONALFACE((1142,1137,954));
#6924=IFCINDEXEDPOLYGONALFACE((1144,963,943));
#6925=IFCINDEXEDPOLYGONALFACE((1148,1150,1146));
#6926=IFCINDEXEDPOLYGONALFACE((1150,1151,1149));
#6927=IFCINDEXEDPOLYGONALFACE((1140,1139,1149));
#6928=IFCINDEXEDPOLYGONALFACE((1152,1175,1154));
#6929=IFCINDEXEDPOLYGONALFACE((1155,1154,1151));
#6930=IFCINDEXEDPOLYGONALFACE((1153,1154,1155));
#6931=IFCINDEXEDPOLYGONALFACE((1157,1155,1150));
#6932=IFCINDEXEDPOLYGONALFACE((947,958,1156));
#6933=IFCINDEXEDPOLYGONALFACE((1158,1156,1155));
#6934=IFCINDEXEDPOLYGONALFACE((1161,1162,1159));
#6935=IFCINDEXEDPOLYGONALFACE((1163,1173,1162));
#6936=IFCINDEXEDPOLYGONALFACE((1164,1165,1161));
#6937=IFCINDEXEDPOLYGONALFACE((1160,1159,1142));
#6938=IFCINDEXEDPOLYGONALFACE((1163,1161,1165));
#6939=IFCINDEXEDPOLYGONALFACE((1135,1165,1164));
#6940=IFCINDEXEDPOLYGONALFACE((1164,1160,1145));
#6941=IFCINDEXEDPOLYGONALFACE((1134,1166,1165));
#6942=IFCINDEXEDPOLYGONALFACE((1159,1162,1168));
#6943=IFCINDEXEDPOLYGONALFACE((1172,1141,1170));
#6944=IFCINDEXEDPOLYGONALFACE((1167,1164,1144));
#6945=IFCINDEXEDPOLYGONALFACE((1174,1168,1162));
#6946=IFCINDEXEDPOLYGONALFACE((1175,1170,1141));
#6947=IFCINDEXEDPOLYGONALFACE((1176,1180,1141));
#6948=IFCINDEXEDPOLYGONALFACE((1169,1137,1142));
#6949=IFCINDEXEDPOLYGONALFACE((960,1283,1152));
#6950=IFCINDEXEDPOLYGONALFACE((1152,1283,1170));
#6951=IFCINDEXEDPOLYGONALFACE((1157,1148,1136));
#6952=IFCINDEXEDPOLYGONALFACE((1168,1180,1176));
#6953=IFCINDEXEDPOLYGONALFACE((1180,1168,1174));
#6954=IFCINDEXEDPOLYGONALFACE((1181,1138,1137));
#6955=IFCINDEXEDPOLYGONALFACE((1182,1183,1143));
#6956=IFCINDEXEDPOLYGONALFACE((1183,1177,1167));
#6957=IFCINDEXEDPOLYGONALFACE((1170,1181,1184));
#6958=IFCINDEXEDPOLYGONALFACE((1184,1181,1169));
#6959=IFCINDEXEDPOLYGONALFACE((1188,1281,1186));
#6960=IFCINDEXEDPOLYGONALFACE((1191,1198,1189));
#6961=IFCINDEXEDPOLYGONALFACE((1194,1280,1192));
#6962=IFCINDEXEDPOLYGONALFACE((1196,1193,1192));
#6963=IFCINDEXEDPOLYGONALFACE((1191,1279,1197));
#6964=IFCINDEXEDPOLYGONALFACE((1201,1333,1199));
#6965=IFCINDEXEDPOLYGONALFACE((1204,1210,1202));
#6966=IFCINDEXEDPOLYGONALFACE((1207,1276,1205));
#6967=IFCINDEXEDPOLYGONALFACE((1209,1206,1205));
#6968=IFCINDEXEDPOLYGONALFACE((1211,1275,1210));
#6969=IFCINDEXEDPOLYGONALFACE((1214,1334,1212));
#6970=IFCINDEXEDPOLYGONALFACE((1217,1224,1215));
#6971=IFCINDEXEDPOLYGONALFACE((1220,1272,1218));
#6972=IFCINDEXEDPOLYGONALFACE((1222,1220,1219));
#6973=IFCINDEXEDPOLYGONALFACE((1217,1271,1223));
#6974=IFCINDEXEDPOLYGONALFACE((1227,1335,1225));
#6975=IFCINDEXEDPOLYGONALFACE((1230,1237,1228));
#6976=IFCINDEXEDPOLYGONALFACE((1233,1268,1231));
#6977=IFCINDEXEDPOLYGONALFACE((1232,1231,1234));
#6978=IFCINDEXEDPOLYGONALFACE((1230,1267,1236));
#6979=IFCINDEXEDPOLYGONALFACE((1239,1266,1238));
#6980=IFCINDEXEDPOLYGONALFACE((1179,1174,1240));
#6981=IFCINDEXEDPOLYGONALFACE((1174,1173,1242));
#6982=IFCINDEXEDPOLYGONALFACE((1139,1238,1243));
#6983=IFCINDEXEDPOLYGONALFACE((1139,1265,1245));
#6984=IFCINDEXEDPOLYGONALFACE((1244,1173,1246));
#6985=IFCINDEXEDPOLYGONALFACE((1173,1163,1248));
#6986=IFCINDEXEDPOLYGONALFACE((1149,1245,1249));
#6987=IFCINDEXEDPOLYGONALFACE((1146,1149,1251));
#6988=IFCINDEXEDPOLYGONALFACE((1250,1163,1253));
#6989=IFCINDEXEDPOLYGONALFACE((1166,1264,1253));
#6990=IFCINDEXEDPOLYGONALFACE((1146,1252,1255));
#6991=IFCINDEXEDPOLYGONALFACE((1147,1146,1257));
#6992=IFCINDEXEDPOLYGONALFACE((1256,1166,1259));
#6993=IFCINDEXEDPOLYGONALFACE((1134,1263,1259));
#6994=IFCINDEXEDPOLYGONALFACE((1262,1147,1258));
#6995=IFCINDEXEDPOLYGONALFACE((1262,1261,1263));
#6996=IFCINDEXEDPOLYGONALFACE((1146,1256,1260));
#6997=IFCINDEXEDPOLYGONALFACE((1256,1255,1264));
#6998=IFCINDEXEDPOLYGONALFACE((1149,1250,1254));
#6999=IFCINDEXEDPOLYGONALFACE((1250,1249,1248));
#7000=IFCINDEXEDPOLYGONALFACE((1139,1244,1247));
#7001=IFCINDEXEDPOLYGONALFACE((1244,1243,1242));
#7002=IFCINDEXEDPOLYGONALFACE((1239,1179,1241));
#7003=IFCINDEXEDPOLYGONALFACE((1267,1235,1234));
#7004=IFCINDEXEDPOLYGONALFACE((1233,1229,1228));
#7005=IFCINDEXEDPOLYGONALFACE((1270,1335,1227));
#7006=IFCINDEXEDPOLYGONALFACE((1222,1221,1223));
#7007=IFCINDEXEDPOLYGONALFACE((1216,1215,1218));
#7008=IFCINDEXEDPOLYGONALFACE((1274,1334,1214));
#7009=IFCINDEXEDPOLYGONALFACE((1211,1209,1208));
#7010=IFCINDEXEDPOLYGONALFACE((1207,1203,1202));
#7011=IFCINDEXEDPOLYGONALFACE((1278,1333,1201));
#7012=IFCINDEXEDPOLYGONALFACE((1196,1195,1197));
#7013=IFCINDEXEDPOLYGONALFACE((1194,1190,1189));
#7014=IFCINDEXEDPOLYGONALFACE((1282,1332,1281));
#7015=IFCINDEXEDPOLYGONALFACE((1177,1136,1135));
#7016=IFCINDEXEDPOLYGONALFACE((1169,1168,1178));
#7017=IFCINDEXEDPOLYGONALFACE((1157,1177,1183));
#7018=IFCINDEXEDPOLYGONALFACE((947,1158,1183));
#7019=IFCINDEXEDPOLYGONALFACE((1170,1283,1138));
#7020=IFCINDEXEDPOLYGONALFACE((1151,1154,1175));
#7021=IFCINDEXEDPOLYGONALFACE((1239,1141,1180));
#7022=IFCINDEXEDPOLYGONALFACE((1283,960,961));
#7023=IFCINDEXEDPOLYGONALFACE((1147,1262,1136));
#7024=IFCINDEXEDPOLYGONALFACE((1242,1243,1284));
#7025=IFCINDEXEDPOLYGONALFACE((1285,1284,1286));
#7026=IFCINDEXEDPOLYGONALFACE((1287,1286,1190));
#7027=IFCINDEXEDPOLYGONALFACE((1241,1293,1288));
#7028=IFCINDEXEDPOLYGONALFACE((1288,1293,1289));
#7029=IFCINDEXEDPOLYGONALFACE((1289,1196,1279));
#7030=IFCINDEXEDPOLYGONALFACE((1238,1266,1288));
#7031=IFCINDEXEDPOLYGONALFACE((1291,1288,1290));
#7032=IFCINDEXEDPOLYGONALFACE((1292,1290,1279));
#7033=IFCINDEXEDPOLYGONALFACE((1240,1294,1293));
#7034=IFCINDEXEDPOLYGONALFACE((1294,1295,1289));
#7035=IFCINDEXEDPOLYGONALFACE((1295,1193,1196));
#7036=IFCINDEXEDPOLYGONALFACE((1240,1242,1285));
#7037=IFCINDEXEDPOLYGONALFACE((1294,1285,1287));
#7038=IFCINDEXEDPOLYGONALFACE((1287,1194,1193));
#7039=IFCINDEXEDPOLYGONALFACE((1238,1291,1284));
#7040=IFCINDEXEDPOLYGONALFACE((1291,1292,1286));
#7041=IFCINDEXEDPOLYGONALFACE((1292,1191,1190));
#7042=IFCINDEXEDPOLYGONALFACE((1248,1249,1296));
#7043=IFCINDEXEDPOLYGONALFACE((1297,1296,1298));
#7044=IFCINDEXEDPOLYGONALFACE((1299,1298,1229));
#7045=IFCINDEXEDPOLYGONALFACE((1265,1247,1300));
#7046=IFCINDEXEDPOLYGONALFACE((1300,1303,1302));
#7047=IFCINDEXEDPOLYGONALFACE((1303,1235,1267));
#7048=IFCINDEXEDPOLYGONALFACE((1265,1301,1304));
#7049=IFCINDEXEDPOLYGONALFACE((1304,1301,1302));
#7050=IFCINDEXEDPOLYGONALFACE((1305,1302,1267));
#7051=IFCINDEXEDPOLYGONALFACE((1246,1306,1300));
#7052=IFCINDEXEDPOLYGONALFACE((1306,1307,1303));
#7053=IFCINDEXEDPOLYGONALFACE((1303,1307,1232));
#7054=IFCINDEXEDPOLYGONALFACE((1246,1248,1297));
#7055=IFCINDEXEDPOLYGONALFACE((1297,1299,1307));
#7056=IFCINDEXEDPOLYGONALFACE((1307,1299,1233));
#7057=IFCINDEXEDPOLYGONALFACE((1245,1304,1296));
#7058=IFCINDEXEDPOLYGONALFACE((1304,1305,1298));
#7059=IFCINDEXEDPOLYGONALFACE((1305,1230,1229));
#7060=IFCINDEXEDPOLYGONALFACE((1255,1310,1308));
#7061=IFCINDEXEDPOLYGONALFACE((1310,1311,1309));
#7062=IFCINDEXEDPOLYGONALFACE((1311,1216,1272));
#7063=IFCINDEXEDPOLYGONALFACE((1251,1254,1312));
#7064=IFCINDEXEDPOLYGONALFACE((1312,1315,1314));
#7065=IFCINDEXEDPOLYGONALFACE((1315,1222,1271));
#7066=IFCINDEXEDPOLYGONALFACE((1251,1313,1316));
#7067=IFCINDEXEDPOLYGONALFACE((1316,1313,1314));
#7068=IFCINDEXEDPOLYGONALFACE((1317,1314,1271));
#7069=IFCINDEXEDPOLYGONALFACE((1254,1253,1318));
#7070=IFCINDEXEDPOLYGONALFACE((1312,1318,1319));
#7071=IFCINDEXEDPOLYGONALFACE((1315,1319,1220));
#7072=IFCINDEXEDPOLYGONALFACE((1264,1308,1318));
#7073=IFCINDEXEDPOLYGONALFACE((1308,1309,1319));
#7074=IFCINDEXEDPOLYGONALFACE((1309,1272,1220));
#7075=IFCINDEXEDPOLYGONALFACE((1252,1316,1310));
#7076=IFCINDEXEDPOLYGONALFACE((1310,1316,1317));
#7077=IFCINDEXEDPOLYGONALFACE((1311,1317,1217));
#7078=IFCINDEXEDPOLYGONALFACE((1263,1261,1320));
#7079=IFCINDEXEDPOLYGONALFACE((1321,1320,1322));
#7080=IFCINDEXEDPOLYGONALFACE((1323,1322,1203));
#7081=IFCINDEXEDPOLYGONALFACE((1257,1260,1324));
#7082=IFCINDEXEDPOLYGONALFACE((1325,1324,1326));
#7083=IFCINDEXEDPOLYGONALFACE((1327,1326,1209));
#7084=IFCINDEXEDPOLYGONALFACE((1257,1325,1328));
#7085=IFCINDEXEDPOLYGONALFACE((1325,1327,1329));
#7086=IFCINDEXEDPOLYGONALFACE((1327,1211,1204));
#7087=IFCINDEXEDPOLYGONALFACE((1259,1330,1324));
#7088=IFCINDEXEDPOLYGONALFACE((1330,1331,1326));
#7089=IFCINDEXEDPOLYGONALFACE((1326,1331,1206));
#7090=IFCINDEXEDPOLYGONALFACE((1259,1263,1321));
#7091=IFCINDEXEDPOLYGONALFACE((1321,1323,1331));
#7092=IFCINDEXEDPOLYGONALFACE((1323,1207,1206));
#7093=IFCINDEXEDPOLYGONALFACE((1258,1328,1320));
#7094=IFCINDEXEDPOLYGONALFACE((1328,1329,1322));
#7095=IFCINDEXEDPOLYGONALFACE((1329,1204,1203));
#7096=IFCINDEXEDPOLYGONALFACE((1189,1198,1282));
#7097=IFCINDEXEDPOLYGONALFACE((1186,1192,1280));
#7098=IFCINDEXEDPOLYGONALFACE((1195,1192,1186));
#7099=IFCINDEXEDPOLYGONALFACE((1198,1197,1332));
#7100=IFCINDEXEDPOLYGONALFACE((1202,1210,1277));
#7101=IFCINDEXEDPOLYGONALFACE((1205,1276,1200));
#7102=IFCINDEXEDPOLYGONALFACE((1208,1205,1199));
#7103=IFCINDEXEDPOLYGONALFACE((1277,1210,1275));
#7104=IFCINDEXEDPOLYGONALFACE((1215,1224,1273));
#7105=IFCINDEXEDPOLYGONALFACE((1219,1218,1213));
#7106=IFCINDEXEDPOLYGONALFACE((1221,1219,1212));
#7107=IFCINDEXEDPOLYGONALFACE((1273,1224,1223));
#7108=IFCINDEXEDPOLYGONALFACE((1228,1237,1269));
#7109=IFCINDEXEDPOLYGONALFACE((1225,1231,1268));
#7110=IFCINDEXEDPOLYGONALFACE((1234,1231,1225));
#7111=IFCINDEXEDPOLYGONALFACE((1269,1237,1236));
#7112=IFCINDEXEDPOLYGONALFACE((1187,1280,1189));
#7113=IFCINDEXEDPOLYGONALFACE((1332,1197,1195));
#7114=IFCINDEXEDPOLYGONALFACE((1200,1276,1202));
#7115=IFCINDEXEDPOLYGONALFACE((1278,1275,1208));
#7116=IFCINDEXEDPOLYGONALFACE((1213,1218,1215));
#7117=IFCINDEXEDPOLYGONALFACE((1223,1221,1334));
#7118=IFCINDEXEDPOLYGONALFACE((1226,1268,1228));
#7119=IFCINDEXEDPOLYGONALFACE((1236,1234,1335));
#7120=IFCINDEXEDPOLYGONALFACE((1338,1358,1336));
#7121=IFCINDEXEDPOLYGONALFACE((1341,1347,1339));
#7122=IFCINDEXEDPOLYGONALFACE((1344,1350,1342));
#7123=IFCINDEXEDPOLYGONALFACE((1344,1343,1345));
#7124=IFCINDEXEDPOLYGONALFACE((1348,1349,1339));
#7125=IFCINDEXEDPOLYGONALFACE((1348,1346,1345));
#7126=IFCINDEXEDPOLYGONALFACE((1350,1341,1340));
#7127=IFCINDEXEDPOLYGONALFACE((1351,1359,1338));
#7128=IFCINDEXEDPOLYGONALFACE((1178,1176,1352));
#7129=IFCINDEXEDPOLYGONALFACE((1352,1341,1350));
#7130=IFCINDEXEDPOLYGONALFACE((1171,1184,1354));
#7131=IFCINDEXEDPOLYGONALFACE((1354,1346,1348));
#7132=IFCINDEXEDPOLYGONALFACE((1171,1355,1356));
#7133=IFCINDEXEDPOLYGONALFACE((1356,1355,1348));
#7134=IFCINDEXEDPOLYGONALFACE((1184,1185,1357));
#7135=IFCINDEXEDPOLYGONALFACE((1357,1344,1346));
#7136=IFCINDEXEDPOLYGONALFACE((1185,1178,1353));
#7137=IFCINDEXEDPOLYGONALFACE((1357,1353,1350));
#7138=IFCINDEXEDPOLYGONALFACE((1172,1356,1352));
#7139=IFCINDEXEDPOLYGONALFACE((1356,1347,1341));
#7140=IFCINDEXEDPOLYGONALFACE((1340,1339,1351));
#7141=IFCINDEXEDPOLYGONALFACE((1358,1343,1342));
#7142=IFCINDEXEDPOLYGONALFACE((1338,1345,1343));
#7143=IFCINDEXEDPOLYGONALFACE((1351,1339,1349));
#7144=IFCINDEXEDPOLYGONALFACE((1342,1340,1337));
#7145=IFCINDEXEDPOLYGONALFACE((1349,1345,1338));
#7146=IFCINDEXEDPOLYGONALFACE((902,905,159));
#7147=IFCINDEXEDPOLYGONALFACE((871,864,867));
#7148=IFCINDEXEDPOLYGONALFACE((902,896,899));
#7149=IFCINDEXEDPOLYGONALFACE((888,891,899));
#7150=IFCINDEXEDPOLYGONALFACE((888,880,883));
#7151=IFCINDEXEDPOLYGONALFACE((880,872,875));
#7152=IFCINDEXEDPOLYGONALFACE((872,871,876));
#7153=IFCINDEXEDPOLYGONALFACE((864,19,22));
#7154=IFCINDEXEDPOLYGONALFACE((1362,1363,1360));
#7155=IFCINDEXEDPOLYGONALFACE((1364,1365,1363));
#7156=IFCINDEXEDPOLYGONALFACE((1366,1368,1365));
#7157=IFCINDEXEDPOLYGONALFACE((1366,1370,1367));
#7158=IFCINDEXEDPOLYGONALFACE((1370,1384,1369));
#7159=IFCINDEXEDPOLYGONALFACE((1372,559,558));
#7160=IFCINDEXEDPOLYGONALFACE((561,564,1373));
#7161=IFCINDEXEDPOLYGONALFACE((564,566,1375));
#7162=IFCINDEXEDPOLYGONALFACE((566,568,1376));
#7163=IFCINDEXEDPOLYGONALFACE((1376,568,559));
#7164=IFCINDEXEDPOLYGONALFACE((1379,1401,1377));
#7165=IFCINDEXEDPOLYGONALFACE((1378,1377,1380));
#7166=IFCINDEXEDPOLYGONALFACE((1381,1380,1382));
#7167=IFCINDEXEDPOLYGONALFACE((1383,1382,1384));
#7168=IFCINDEXEDPOLYGONALFACE((1386,1379,1378));
#7169=IFCINDEXEDPOLYGONALFACE((1385,1378,1381));
#7170=IFCINDEXEDPOLYGONALFACE((1387,1381,1383));
#7171=IFCINDEXEDPOLYGONALFACE((1383,1370,1366));
#7172=IFCINDEXEDPOLYGONALFACE((1386,1385,1389));
#7173=IFCINDEXEDPOLYGONALFACE((1389,1385,1387));
#7174=IFCINDEXEDPOLYGONALFACE((1391,1387,1388));
#7175=IFCINDEXEDPOLYGONALFACE((1392,1388,1366));
#7176=IFCINDEXEDPOLYGONALFACE((1390,1389,1393));
#7177=IFCINDEXEDPOLYGONALFACE((1393,1389,1391));
#7178=IFCINDEXEDPOLYGONALFACE((1395,1391,1392));
#7179=IFCINDEXEDPOLYGONALFACE((1392,1364,1362));
#7180=IFCINDEXEDPOLYGONALFACE((1398,1394,1393));
#7181=IFCINDEXEDPOLYGONALFACE((1397,1393,1395));
#7182=IFCINDEXEDPOLYGONALFACE((1395,1396,1400));
#7183=IFCINDEXEDPOLYGONALFACE((1396,1362,1361));
#7184=IFCINDEXEDPOLYGONALFACE((1374,919,153));
#7185=IFCINDEXEDPOLYGONALFACE((1379,1402,915));
#7186=IFCINDEXEDPOLYGONALFACE((1386,921,1402));
#7187=IFCINDEXEDPOLYGONALFACE((1398,922,916));
#7188=IFCINDEXEDPOLYGONALFACE((920,921,1386));
#7189=IFCINDEXEDPOLYGONALFACE((916,920,1390));
#7190=IFCINDEXEDPOLYGONALFACE((1371,558,595));
#7191=IFCINDEXEDPOLYGONALFACE((1405,1406,598));
#7192=IFCINDEXEDPOLYGONALFACE((1405,1407,599));
#7193=IFCINDEXEDPOLYGONALFACE((1403,595,599));
#7194=IFCINDEXEDPOLYGONALFACE((1368,1409,1404));
#7195=IFCINDEXEDPOLYGONALFACE((1408,1409,1368));
#7196=IFCINDEXEDPOLYGONALFACE((1408,1403,1407));
#7197=IFCINDEXEDPOLYGONALFACE((1409,1407,1405));
#7198=IFCINDEXEDPOLYGONALFACE((1404,1405,1360));
#7199=IFCINDEXEDPOLYGONALFACE((1408,1369,1371));
#7200=IFCINDEXEDPOLYGONALFACE((605,604,922));
#7201=IFCINDEXEDPOLYGONALFACE((915,919,1374));
#7202=IFCINDEXEDPOLYGONALFACE((1400,1361,607));
#7203=IFCINDEXEDPOLYGONALFACE((608,1399,1400));
#7204=IFCINDEXEDPOLYGONALFACE((609,1397,1399));
#7205=IFCINDEXEDPOLYGONALFACE((605,1398,1397));
#7206=IFCINDEXEDPOLYGONALFACE((1376,1372,1384));
#7207=IFCINDEXEDPOLYGONALFACE((1380,1375,1376));
#7208=IFCINDEXEDPOLYGONALFACE((1377,1373,1375));
#7209=IFCINDEXEDPOLYGONALFACE((1401,1374,1373));
#7210=IFCINDEXEDPOLYGONALFACE((1384,1372,1371));
#7211=IFCINDEXEDPOLYGONALFACE((1361,1360,598));
#7212=IFCINDEXEDPOLYGONALFACE((1411,1457,1102));
#7213=IFCINDEXEDPOLYGONALFACE((1413,1429,1412));
#7214=IFCINDEXEDPOLYGONALFACE((1416,1610,1414));
#7215=IFCINDEXEDPOLYGONALFACE((1419,1598,1417));
#7216=IFCINDEXEDPOLYGONALFACE((1422,1449,1420));
#7217=IFCINDEXEDPOLYGONALFACE((1425,1622,1423));
#7218=IFCINDEXEDPOLYGONALFACE((1426,1621,1086));
#7219=IFCINDEXEDPOLYGONALFACE((1428,1432,1098));
#7220=IFCINDEXEDPOLYGONALFACE((1429,1426,1101));
#7221=IFCINDEXEDPOLYGONALFACE((1424,1423,1430));
#7222=IFCINDEXEDPOLYGONALFACE((1432,1411,1410));
#7223=IFCINDEXEDPOLYGONALFACE((1435,1440,1433));
#7224=IFCINDEXEDPOLYGONALFACE((1433,1438,1436));
#7225=IFCINDEXEDPOLYGONALFACE((1438,1442,1437));
#7226=IFCINDEXEDPOLYGONALFACE((1437,1442,1424));
#7227=IFCINDEXEDPOLYGONALFACE((1440,1619,1439));
#7228=IFCINDEXEDPOLYGONALFACE((1439,1628,1438));
#7229=IFCINDEXEDPOLYGONALFACE((1438,1628,1441));
#7230=IFCINDEXEDPOLYGONALFACE((1441,1425,1424));
#7231=IFCINDEXEDPOLYGONALFACE((1415,1414,1443));
#7232=IFCINDEXEDPOLYGONALFACE((1444,1443,1445));
#7233=IFCINDEXEDPOLYGONALFACE((1446,1445,1447));
#7234=IFCINDEXEDPOLYGONALFACE((1448,1447,1449));
#7235=IFCINDEXEDPOLYGONALFACE((1452,1584,1450));
#7236=IFCINDEXEDPOLYGONALFACE((1451,1450,1453));
#7237=IFCINDEXEDPOLYGONALFACE((1453,1456,1455));
#7238=IFCINDEXEDPOLYGONALFACE((1456,1598,1419));
#7239=IFCINDEXEDPOLYGONALFACE((1457,1458,1089));
#7240=IFCINDEXEDPOLYGONALFACE((1460,1413,1095));
#7241=IFCINDEXEDPOLYGONALFACE((1463,1562,1461));
#7242=IFCINDEXEDPOLYGONALFACE((1466,1472,1464));
#7243=IFCINDEXEDPOLYGONALFACE((1469,1528,1467));
#7244=IFCINDEXEDPOLYGONALFACE((1468,1467,1470));
#7245=IFCINDEXEDPOLYGONALFACE((1473,1532,1464));
#7246=IFCINDEXEDPOLYGONALFACE((1476,1565,1474));
#7247=IFCINDEXEDPOLYGONALFACE((1479,1486,1477));
#7248=IFCINDEXEDPOLYGONALFACE((1482,1536,1480));
#7249=IFCINDEXEDPOLYGONALFACE((1481,1480,1483));
#7250=IFCINDEXEDPOLYGONALFACE((1479,1611,1485));
#7251=IFCINDEXEDPOLYGONALFACE((1489,1568,1487));
#7252=IFCINDEXEDPOLYGONALFACE((1492,1499,1490));
#7253=IFCINDEXEDPOLYGONALFACE((1495,1601,1493));
#7254=IFCINDEXEDPOLYGONALFACE((1495,1494,1496));
#7255=IFCINDEXEDPOLYGONALFACE((1499,1613,1498));
#7256=IFCINDEXEDPOLYGONALFACE((1502,1571,1500));
#7257=IFCINDEXEDPOLYGONALFACE((1505,1511,1503));
#7258=IFCINDEXEDPOLYGONALFACE((1508,1614,1506));
#7259=IFCINDEXEDPOLYGONALFACE((1510,1508,1507));
#7260=IFCINDEXEDPOLYGONALFACE((1512,1552,1503));
#7261=IFCINDEXEDPOLYGONALFACE((1515,1574,1513));
#7262=IFCINDEXEDPOLYGONALFACE((1518,1525,1516));
#7263=IFCINDEXEDPOLYGONALFACE((1521,1556,1519));
#7264=IFCINDEXEDPOLYGONALFACE((1523,1520,1519));
#7265=IFCINDEXEDPOLYGONALFACE((1525,1618,1524));
#7266=IFCINDEXEDPOLYGONALFACE((1465,1464,1526));
#7267=IFCINDEXEDPOLYGONALFACE((1530,1467,1528));
#7268=IFCINDEXEDPOLYGONALFACE((1470,1467,1530));
#7269=IFCINDEXEDPOLYGONALFACE((1526,1464,1532));
#7270=IFCINDEXEDPOLYGONALFACE((1477,1486,1534));
#7271=IFCINDEXEDPOLYGONALFACE((1538,1480,1536));
#7272=IFCINDEXEDPOLYGONALFACE((1483,1480,1538));
#7273=IFCINDEXEDPOLYGONALFACE((1486,1485,1540));
#7274=IFCINDEXEDPOLYGONALFACE((1491,1490,1541));
#7275=IFCINDEXEDPOLYGONALFACE((1494,1493,1543));
#7276=IFCINDEXEDPOLYGONALFACE((1545,1496,1494));
#7277=IFCINDEXEDPOLYGONALFACE((1541,1490,1498));
#7278=IFCINDEXEDPOLYGONALFACE((1504,1503,1547));
#7279=IFCINDEXEDPOLYGONALFACE((1550,1507,1506));
#7280=IFCINDEXEDPOLYGONALFACE((1509,1507,1550));
#7281=IFCINDEXEDPOLYGONALFACE((1547,1503,1552));
#7282=IFCINDEXEDPOLYGONALFACE((1555,1517,1516));
#7283=IFCINDEXEDPOLYGONALFACE((1558,1519,1556));
#7284=IFCINDEXEDPOLYGONALFACE((1559,1522,1519));
#7285=IFCINDEXEDPOLYGONALFACE((1516,1524,1560));
#7286=IFCINDEXEDPOLYGONALFACE((1463,1527,1526));
#7287=IFCINDEXEDPOLYGONALFACE((1461,1530,1529));
#7288=IFCINDEXEDPOLYGONALFACE((1562,1531,1530));
#7289=IFCINDEXEDPOLYGONALFACE((1526,1533,1563));
#7290=IFCINDEXEDPOLYGONALFACE((1535,1534,1564));
#7291=IFCINDEXEDPOLYGONALFACE((1538,1537,1474));
#7292=IFCINDEXEDPOLYGONALFACE((1476,1539,1538));
#7293=IFCINDEXEDPOLYGONALFACE((1564,1534,1540));
#7294=IFCINDEXEDPOLYGONALFACE((1488,1542,1541));
#7295=IFCINDEXEDPOLYGONALFACE((1568,1544,1543));
#7296=IFCINDEXEDPOLYGONALFACE((1545,1544,1568));
#7297=IFCINDEXEDPOLYGONALFACE((1567,1541,1546));
#7298=IFCINDEXEDPOLYGONALFACE((1501,1548,1547));
#7299=IFCINDEXEDPOLYGONALFACE((1550,1549,1500));
#7300=IFCINDEXEDPOLYGONALFACE((1502,1551,1550));
#7301=IFCINDEXEDPOLYGONALFACE((1570,1547,1553));
#7302=IFCINDEXEDPOLYGONALFACE((1555,1554,1573));
#7303=IFCINDEXEDPOLYGONALFACE((1558,1557,1513));
#7304=IFCINDEXEDPOLYGONALFACE((1559,1558,1574));
#7305=IFCINDEXEDPOLYGONALFACE((1573,1554,1560));
#7306=IFCINDEXEDPOLYGONALFACE((1453,1450,1576));
#7307=IFCINDEXEDPOLYGONALFACE((1576,1618,1525));
#7308=IFCINDEXEDPOLYGONALFACE((1580,1449,1578));
#7309=IFCINDEXEDPOLYGONALFACE((1579,1578,1520));
#7310=IFCINDEXEDPOLYGONALFACE((1447,1617,1578));
#7311=IFCINDEXEDPOLYGONALFACE((1578,1617,1521));
#7312=IFCINDEXEDPOLYGONALFACE((1582,1453,1577));
#7313=IFCINDEXEDPOLYGONALFACE((1581,1577,1525));
#7314=IFCINDEXEDPOLYGONALFACE((1584,1616,1583));
#7315=IFCINDEXEDPOLYGONALFACE((1583,1616,1473));
#7316=IFCINDEXEDPOLYGONALFACE((1587,1420,1585));
#7317=IFCINDEXEDPOLYGONALFACE((1585,1468,1471));
#7318=IFCINDEXEDPOLYGONALFACE((1449,1615,1585));
#7319=IFCINDEXEDPOLYGONALFACE((1585,1615,1469));
#7320=IFCINDEXEDPOLYGONALFACE((1450,1583,1588));
#7321=IFCINDEXEDPOLYGONALFACE((1588,1583,1472));
#7322=IFCINDEXEDPOLYGONALFACE((1456,1453,1589));
#7323=IFCINDEXEDPOLYGONALFACE((1589,1512,1511));
#7324=IFCINDEXEDPOLYGONALFACE((1447,1592,1591));
#7325=IFCINDEXEDPOLYGONALFACE((1591,1592,1508));
#7326=IFCINDEXEDPOLYGONALFACE((1445,1593,1592));
#7327=IFCINDEXEDPOLYGONALFACE((1593,1614,1508));
#7328=IFCINDEXEDPOLYGONALFACE((1595,1456,1590));
#7329=IFCINDEXEDPOLYGONALFACE((1594,1590,1511));
#7330=IFCINDEXEDPOLYGONALFACE((1598,1456,1596));
#7331=IFCINDEXEDPOLYGONALFACE((1596,1613,1499));
#7332=IFCINDEXEDPOLYGONALFACE((1445,1600,1599));
#7333=IFCINDEXEDPOLYGONALFACE((1599,1600,1495));
#7334=IFCINDEXEDPOLYGONALFACE((1443,1612,1600));
#7335=IFCINDEXEDPOLYGONALFACE((1600,1612,1601));
#7336=IFCINDEXEDPOLYGONALFACE((1603,1598,1597));
#7337=IFCINDEXEDPOLYGONALFACE((1602,1597,1499));
#7338=IFCINDEXEDPOLYGONALFACE((1417,1598,1604));
#7339=IFCINDEXEDPOLYGONALFACE((1604,1611,1479));
#7340=IFCINDEXEDPOLYGONALFACE((1603,1443,1606));
#7341=IFCINDEXEDPOLYGONALFACE((1607,1606,1481));
#7342=IFCINDEXEDPOLYGONALFACE((1414,1608,1606));
#7343=IFCINDEXEDPOLYGONALFACE((1608,1482,1481));
#7344=IFCINDEXEDPOLYGONALFACE((1610,1417,1605));
#7345=IFCINDEXEDPOLYGONALFACE((1609,1605,1479));
#7346=IFCINDEXEDPOLYGONALFACE((1609,1478,1482));
#7347=IFCINDEXEDPOLYGONALFACE((1610,1609,1608));
#7348=IFCINDEXEDPOLYGONALFACE((1607,1484,1611));
#7349=IFCINDEXEDPOLYGONALFACE((1598,1603,1607));
#7350=IFCINDEXEDPOLYGONALFACE((1602,1492,1601));
#7351=IFCINDEXEDPOLYGONALFACE((1443,1603,1602));
#7352=IFCINDEXEDPOLYGONALFACE((1599,1497,1613));
#7353=IFCINDEXEDPOLYGONALFACE((1595,1599,1596));
#7354=IFCINDEXEDPOLYGONALFACE((1594,1505,1614));
#7355=IFCINDEXEDPOLYGONALFACE((1445,1595,1594));
#7356=IFCINDEXEDPOLYGONALFACE((1591,1510,1512));
#7357=IFCINDEXEDPOLYGONALFACE((1582,1591,1589));
#7358=IFCINDEXEDPOLYGONALFACE((1588,1466,1469));
#7359=IFCINDEXEDPOLYGONALFACE((1449,1580,1588));
#7360=IFCINDEXEDPOLYGONALFACE((1586,1471,1473));
#7361=IFCINDEXEDPOLYGONALFACE((1587,1586,1616));
#7362=IFCINDEXEDPOLYGONALFACE((1581,1518,1521));
#7363=IFCINDEXEDPOLYGONALFACE((1582,1581,1617));
#7364=IFCINDEXEDPOLYGONALFACE((1579,1523,1618));
#7365=IFCINDEXEDPOLYGONALFACE((1450,1580,1579));
#7366=IFCINDEXEDPOLYGONALFACE((1575,1560,1559));
#7367=IFCINDEXEDPOLYGONALFACE((1513,1557,1555));
#7368=IFCINDEXEDPOLYGONALFACE((1553,1551,1502));
#7369=IFCINDEXEDPOLYGONALFACE((1549,1548,1501));
#7370=IFCINDEXEDPOLYGONALFACE((1569,1546,1545));
#7371=IFCINDEXEDPOLYGONALFACE((1487,1543,1542));
#7372=IFCINDEXEDPOLYGONALFACE((1566,1540,1539));
#7373=IFCINDEXEDPOLYGONALFACE((1474,1537,1535));
#7374=IFCINDEXEDPOLYGONALFACE((1533,1531,1562));
#7375=IFCINDEXEDPOLYGONALFACE((1462,1529,1527));
#7376=IFCINDEXEDPOLYGONALFACE((1524,1522,1559));
#7377=IFCINDEXEDPOLYGONALFACE((1556,1517,1555));
#7378=IFCINDEXEDPOLYGONALFACE((1553,1552,1509));
#7379=IFCINDEXEDPOLYGONALFACE((1549,1506,1504));
#7380=IFCINDEXEDPOLYGONALFACE((1498,1496,1545));
#7381=IFCINDEXEDPOLYGONALFACE((1543,1493,1491));
#7382=IFCINDEXEDPOLYGONALFACE((1485,1483,1539));
#7383=IFCINDEXEDPOLYGONALFACE((1537,1536,1477));
#7384=IFCINDEXEDPOLYGONALFACE((1533,1532,1470));
#7385=IFCINDEXEDPOLYGONALFACE((1528,1465,1527));
#7386=IFCINDEXEDPOLYGONALFACE((1523,1522,1524));
#7387=IFCINDEXEDPOLYGONALFACE((1521,1518,1517));
#7388=IFCINDEXEDPOLYGONALFACE((1575,1515,1514));
#7389=IFCINDEXEDPOLYGONALFACE((1510,1509,1552));
#7390=IFCINDEXEDPOLYGONALFACE((1614,1505,1504));
#7391=IFCINDEXEDPOLYGONALFACE((1572,1502,1501));
#7392=IFCINDEXEDPOLYGONALFACE((1497,1496,1498));
#7393=IFCINDEXEDPOLYGONALFACE((1492,1491,1493));
#7394=IFCINDEXEDPOLYGONALFACE((1567,1569,1489));
#7395=IFCINDEXEDPOLYGONALFACE((1484,1483,1485));
#7396=IFCINDEXEDPOLYGONALFACE((1482,1478,1477));
#7397=IFCINDEXEDPOLYGONALFACE((1564,1566,1476));
#7398=IFCINDEXEDPOLYGONALFACE((1473,1471,1470));
#7399=IFCINDEXEDPOLYGONALFACE((1469,1466,1465));
#7400=IFCINDEXEDPOLYGONALFACE((1563,1562,1463));
#7401=IFCINDEXEDPOLYGONALFACE((1431,1413,1460));
#7402=IFCINDEXEDPOLYGONALFACE((1437,1460,1459));
#7403=IFCINDEXEDPOLYGONALFACE((1434,1436,1459));
#7404=IFCINDEXEDPOLYGONALFACE((1434,1458,1457));
#7405=IFCINDEXEDPOLYGONALFACE((1440,1411,1432));
#7406=IFCINDEXEDPOLYGONALFACE((1430,1423,1426));
#7407=IFCINDEXEDPOLYGONALFACE((1619,1432,1428));
#7408=IFCINDEXEDPOLYGONALFACE((1423,1622,1621));
#7409=IFCINDEXEDPOLYGONALFACE((1418,1417,1610));
#7410=IFCINDEXEDPOLYGONALFACE((1431,1430,1429));
#7411=IFCINDEXEDPOLYGONALFACE((1435,1457,1411));
#7412=IFCINDEXEDPOLYGONALFACE((1623,1625,1621));
#7413=IFCINDEXEDPOLYGONALFACE((1626,1650,1624));
#7414=IFCINDEXEDPOLYGONALFACE((1627,1651,1425));
#7415=IFCINDEXEDPOLYGONALFACE((1629,1627,1441));
#7416=IFCINDEXEDPOLYGONALFACE((1630,1629,1628));
#7417=IFCINDEXEDPOLYGONALFACE((1619,1620,1630));
#7418=IFCINDEXEDPOLYGONALFACE((1634,1635,1633));
#7419=IFCINDEXEDPOLYGONALFACE((1086,1624,1635));
#7420=IFCINDEXEDPOLYGONALFACE((1620,1428,1636));
#7421=IFCINDEXEDPOLYGONALFACE((1632,1427,1098));
#7422=IFCINDEXEDPOLYGONALFACE((1425,1651,1623));
#7423=IFCINDEXEDPOLYGONALFACE((1625,1624,1086));
#7424=IFCINDEXEDPOLYGONALFACE((1100,1097,1638));
#7425=IFCINDEXEDPOLYGONALFACE((1122,1096,1091));
#7426=IFCINDEXEDPOLYGONALFACE((1094,1088,1133));
#7427=IFCINDEXEDPOLYGONALFACE((1093,1100,1107));
#7428=IFCINDEXEDPOLYGONALFACE((1097,1096,1122));
#7429=IFCINDEXEDPOLYGONALFACE((1126,1092,1094));
#7430=IFCINDEXEDPOLYGONALFACE((1129,1087,1093));
#7431=IFCINDEXEDPOLYGONALFACE((1090,1092,1126));
#7432=IFCINDEXEDPOLYGONALFACE((1112,1091,1090));
#7433=IFCINDEXEDPOLYGONALFACE((1088,1087,1129));
#7434=IFCINDEXEDPOLYGONALFACE((1639,1421,1420));
#7435=IFCINDEXEDPOLYGONALFACE((1584,1452,1639));
#7436=IFCINDEXEDPOLYGONALFACE((1636,1428,1427));
#7437=IFCINDEXEDPOLYGONALFACE((1418,1416,1626));
#7438=IFCINDEXEDPOLYGONALFACE((1455,1419,1642));
#7439=IFCINDEXEDPOLYGONALFACE((1454,1455,1643));
#7440=IFCINDEXEDPOLYGONALFACE((1451,1454,1644));
#7441=IFCINDEXEDPOLYGONALFACE((1452,1451,1645));
#7442=IFCINDEXEDPOLYGONALFACE((1448,1422,1646));
#7443=IFCINDEXEDPOLYGONALFACE((1648,1446,1448));
#7444=IFCINDEXEDPOLYGONALFACE((1444,1446,1648));
#7445=IFCINDEXEDPOLYGONALFACE((1650,1415,1444));
#7446=IFCINDEXEDPOLYGONALFACE((1422,1421,1640));
#7447=IFCINDEXEDPOLYGONALFACE((1419,1418,1641));
#7448=IFCINDEXEDPOLYGONALFACE((1637,1636,1639));
#7449=IFCINDEXEDPOLYGONALFACE((1639,1636,1640));
#7450=IFCINDEXEDPOLYGONALFACE((1641,1626,1625));
#7451=IFCINDEXEDPOLYGONALFACE((1643,1642,1651));
#7452=IFCINDEXEDPOLYGONALFACE((1644,1643,1627));
#7453=IFCINDEXEDPOLYGONALFACE((1630,1645,1644));
#7454=IFCINDEXEDPOLYGONALFACE((1620,1637,1645));
#7455=IFCINDEXEDPOLYGONALFACE((1647,1646,1632));
#7456=IFCINDEXEDPOLYGONALFACE((1633,1648,1647));
#7457=IFCINDEXEDPOLYGONALFACE((1649,1648,1633));
#7458=IFCINDEXEDPOLYGONALFACE((1624,1650,1649));
#7459=IFCINDEXEDPOLYGONALFACE((1646,1640,1427));
#7460=IFCINDEXEDPOLYGONALFACE((1642,1641,1623));
#7461=IFCINDEXEDPOLYGONALFACE((1416,1415,1650));
#7462=IFCPOLYGONALFACESET(#4161,.T.,(#4162,#4163,#4164,#4165,#4166,#4167,#4168,#4169,#4170,#4171,#4172,#4173,#4174,#4175,#4176,#4177,#4178,#4179,#4180,#4181,#4182,#4183,#4184,#4185,#4186,#4187,#4188,#4189,#4190,#4191,#4192,#4193,#4194,#4195,#4196,#4197,#4198,#4199,#4200,#4201,#4202,#4203,#4204,#4205,#4206,#4207,#4208,#4209,#4210,#4211,#4212,#4213,#4214,#4215,#4216,#4217,#4218,#4219,#4220,#4221,#4222,#4223,#4224,#4225,#4226,#4227,#4228,#4229,#4230,#4231,#4232,#4233,#4234,#4235,#4236,#4237,#4238,#4239,#4240,#4241,#4242,#4243,#4244,#4245,#4246,#4247,#4248,#4249,#4250,#4251,#4252,#4253,#4254,#4255,#4256,#4257,#4258,#4259,#4260,#4261,#4262,#4263,#4264,#4265,#4266,#4267,#4268,#4269,#4270,#4271,#4272,#4273,#4274,#4275,#4276,#4277,#4278,#4279,#4280,#4281,#4282,#4283,#4284,#4285,#4286,#4287,#4288,#4289,#4290,#4291,#4292,#4293,#4294,#4295,#4296,#4297,#4298,#4299,#4300,#4301,#4302,#4303,#4304,#4305,#4306,#4307,#4308,#4309,#4310,#4311,#4312,#4313,#4314,#4315,#4316,#4317,#4318,#4319,#4320,#4321,#4322,#4323,#4324,#4325,#4326,#4327,#4328,#4329,#4330,#4331,#4332,#4333,#4334,#4335,#4336,#4337,#4338,#4339,#4340,#4341,#4342,#4343,#4344,#4345,#4346,#4347,#4348,#4349,#4350,#4351,#4352,#4353,#4354,#4355,#4356,#4357,#4358,#4359,#4360,#4361,#4362,#4363,#4364,#4365,#4366,#4367,#4368,#4369,#4370,#4371,#4372,#4373,#4374,#4375,#4376,#4377,#4378,#4379,#4380,#4381,#4382,#4383,#4384,#4385,#4386,#4387,#4388,#4389,#4390,#4391,#4392,#4393,#4394,#4395,#4396,#4397,#4398,#4399,#4400,#4401,#4402,#4403,#4404,#4405,#4406,#4407,#4408,#4409,#4410,#4411,#4412,#4413,#4414,#4415,#4416,#4417,#4418,#4419,#4420,#4421,#4422,#4423,#4424,#4425,#4426,#4427,#4428,#4429,#4430,#4431,#4432,#4433,#4434,#4435,#4436,#4437,#4438,#4439,#4440,#4441,#4442,#4443,#4444,#4445,#4446,#4447,#4448,#4449,#4450,#4451,#4452,#4453,#4454,#4455,#4456,#4457,#4458,#4459,#4460,#4461,#4462,#4463,#4464,#4465,#4466,#4467,#4468,#4469,#4470,#4471,#4472,#4473,#4474,#4475,#4476,#4477,#4478,#4479,#4480,#4481,#4482,#4483,#4484,#4485,#4486,#4487,#4488,#4489,#4490,#4491,#4492,#4493,#4494,#4495,#4496,#4497,#4498,#4499,#4500,#4501,#4502,#4503,#4504,#4505,#4506,#4507,#4508,#4509,#4510,#4511,#4512,#4513,#4514,#4515,#4516,#4517,#4518,#4519,#4520,#4521,#4522,#4523,#4524,#4525,#4526,#4527,#4528,#4529,#4530,#4531,#4532,#4533,#4534,#4535,#4536,#4537,#4538,#4539,#4540,#4541,#4542,#4543,#4544,#4545,#4546,#4547,#4548,#4549,#4550,#4551,#4552,#4553,#4554,#4555,#4556,#4557,#4558,#4559,#4560,#4561,#4562,#4563,#4564,#4565,#4566,#4567,#4568,#4569,#4570,#4571,#4572,#4573,#4574,#4575,#4576,#4577,#4578,#4579,#4580,#4581,#4582,#4583,#4584,#4585,#4586,#4587,#4588,#4589,#4590,#4591,#4592,#4593,#4594,#4595,#4596,#4597,#4598,#4599,#4600,#4601,#4602,#4603,#4604,#4605,#4606,#4607,#4608,#4609,#4610,#4611,#4612,#4613,#4614,#4615,#4616,#4617,#4618,#4619,#4620,#4621,#4622,#4623,#4624,#4625,#4626,#4627,#4628,#4629,#4630,#4631,#4632,#4633,#4634,#4635,#4636,#4637,#4638,#4639,#4640,#4641,#4642,#4643,#4644,#4645,#4646,#4647,#4648,#4649,#4650,#4651,#4652,#4653,#4654,#4655,#4656,#4657,#4658,#4659,#4660,#4661,#4662,#4663,#4664,#4665,#4666,#4667,#4668,#4669,#4670,#4671,#4672,#4673,#4674,#4675,#4676,#4677,#4678,#4679,#4680,#4681,#4682,#4683,#4684,#4685,#4686,#4687,#4688,#4689,#4690,#4691,#4692,#4693,#4694,#4695,#4696,#4697,#4698,#4699,#4700,#4701,#4702,#4703,#4704,#4705,#4706,#4707,#4708,#4709,#4710,#4711,#4712,#4713,#4714,#4715,#4716,#4717,#4718,#4719,#4720,#4721,#4722,#4723,#4724,#4725,#4726,#4727,#4728,#4729,#4730,#4731,#4732,#4733,#4734,#4735,#4736,#4737,#4738,#4739,#4740,#4741,#4742,#4743,#4744,#4745,#4746,#4747,#4748,#4749,#4750,#4751,#4752,#4753,#4754,#4755,#4756,#4757,#4758,#4759,#4760,#4761,#4762,#4763,#4764,#4765,#4766,#4767,#4768,#4769,#4770,#4771,#4772,#4773,#4774,#4775,#4776,#4777,#4778,#4779,#4780,#4781,#4782,#4783,#4784,#4785,#4786,#4787,#4788,#4789,#4790,#4791,#4792,#4793,#4794,#4795,#4796,#4797,#4798,#4799,#4800,#4801,#4802,#4803,#4804,#4805,#4806,#4807,#4808,#4809,#4810,#4811,#4812,#4813,#4814,#4815,#4816,#4817,#4818,#4819,#4820,#4821,#4822,#4823,#4824,#4825,#4826,#4827,#4828,#4829,#4830,#4831,#4832,#4833,#4834,#4835,#4836,#4837,#4838,#4839,#4840,#4841,#4842,#4843,#4844,#4845,#4846,#4847,#4848,#4849,#4850,#4851,#4852,#4853,#4854,#4855,#4856,#4857,#4858,#4859,#4860,#4861,#4862,#4863,#4864,#4865,#4866,#4867,#4868,#4869,#4870,#4871,#4872,#4873,#4874,#4875,#4876,#4877,#4878,#4879,#4880,#4881,#4882,#4883,#4884,#4885,#4886,#4887,#4888,#4889,#4890,#4891,#4892,#4893,#4894,#4895,#4896,#4897,#4898,#4899,#4900,#4901,#4902,#4903,#4904,#4905,#4906,#4907,#4908,#4909,#4910,#4911,#4912,#4913,#4914,#4915,#4916,#4917,#4918,#4919,#4920,#4921,#4922,#4923,#4924,#4925,#4926,#4927,#4928,#4929,#4930,#4931,#4932,#4933,#4934,#4935,#4936,#4937,#4938,#4939,#4940,#4941,#4942,#4943,#4944,#4945,#4946,#4947,#4948,#4949,#4950,#4951,#4952,#4953,#4954,#4955,#4956,#4957,#4958,#4959,#4960,#4961,#4962,#4963,#4964,#4965,#4966,#4967,#4968,#4969,#4970,#4971,#4972,#4973,#4974,#4975,#4976,#4977,#4978,#4979,#4980,#4981,#4982,#4983,#4984,#4985,#4986,#4987,#4988,#4989,#4990,#4991,#4992,#4993,#4994,#4995,#4996,#4997,#4998,#4999,#5000,#5001,#5002,#5003,#5004,#5005,#5006,#5007,#5008,#5009,#5010,#5011,#5012,#5013,#5014,#5015,#5016,#5017,#5018,#5019,#5020,#5021,#5022,#5023,#5024,#5025,#5026,#5027,#5028,#5029,#5030,#5031,#5032,#5033,#5034,#5035,#5036,#5037,#5038,#5039,#5040,#5041,#5042,#5043,#5044,#5045,#5046,#5047,#5048,#5049,#5050,#5051,#5052,#5053,#5054,#5055,#5056,#5057,#5058,#5059,#5060,#5061,#5062,#5063,#5064,#5065,#5066,#5067,#5068,#5069,#5070,#5071,#5072,#5073,#5074,#5075,#5076,#5077,#5078,#5079,#5080,#5081,#5082,#5083,#5084,#5085,#5086,#5087,#5088,#5089,#5090,#5091,#5092,#5093,#5094,#5095,#5096,#5097,#5098,#5099,#5100,#5101,#5102,#5103,#5104,#5105,#5106,#5107,#5108,#5109,#5110,#5111,#5112,#5113,#5114,#5115,#5116,#5117,#5118,#5119,#5120,#5121,#5122,#5123,#5124,#5125,#5126,#5127,#5128,#5129,#5130,#5131,#5132,#5133,#5134,#5135,#5136,#5137,#5138,#5139,#5140,#5141,#5142,#5143,#5144,#5145,#5146,#5147,#5148,#5149,#5150,#5151,#5152,#5153,#5154,#5155,#5156,#5157,#5158,#5159,#5160,#5161,#5162,#5163,#5164,#5165,#5166,#5167,#5168,#5169,#5170,#5171,#5172,#5173,#5174,#5175,#5176,#5177,#5178,#5179,#5180,#5181,#5182,#5183,#5184,#5185,#5186,#5187,#5188,#5189,#5190,#5191,#5192,#5193,#5194,#5195,#5196,#5197,#5198,#5199,#5200,#5201,#5202,#5203,#5204,#5205,#5206,#5207,#5208,#5209,#5210,#5211,#5212,#5213,#5214,#5215,#5216,#5217,#5218,#5219,#5220,#5221,#5222,#5223,#5224,#5225,#5226,#5227,#5228,#5229,#5230,#5231,#5232,#5233,#5234,#5235,#5236,#5237,#5238,#5239,#5240,#5241,#5242,#5243,#5244,#5245,#5246,#5247,#5248,#5249,#5250,#5251,#5252,#5253,#5254,#5255,#5256,#5257,#5258,#5259,#5260,#5261,#5262,#5263,#5264,#5265,#5266,#5267,#5268,#5269,#5270,#5271,#5272,#5273,#5274,#5275,#5276,#5277,#5278,#5279,#5280,#5281,#5282,#5283,#5284,#5285,#5286,#5287,#5288,#5289,#5290,#5291,#5292,#5293,#5294,#5295,#5296,#5297,#5298,#5299,#5300,#5301,#5302,#5303,#5304,#5305,#5306,#5307,#5308,#5309,#5310,#5311,#5312,#5313,#5314,#5315,#5316,#5317,#5318,#5319,#5320,#5321,#5322,#5323,#5324,#5325,#5326,#5327,#5328,#5329,#5330,#5331,#5332,#5333,#5334,#5335,#5336,#5337,#5338,#5339,#5340,#5341,#5342,#5343,#5344,#5345,#5346,#5347,#5348,#5349,#5350,#5351,#5352,#5353,#5354,#5355,#5356,#5357,#5358,#5359,#5360,#5361,#5362,#5363,#5364,#5365,#5366,#5367,#5368,#5369,#5370,#5371,#5372,#5373,#5374,#5375,#5376,#5377,#5378,#5379,#5380,#5381,#5382,#5383,#5384,#5385,#5386,#5387,#5388,#5389,#5390,#5391,#5392,#5393,#5394,#5395,#5396,#5397,#5398,#5399,#5400,#5401,#5402,#5403,#5404,#5405,#5406,#5407,#5408,#5409,#5410,#5411,#5412,#5413,#5414,#5415,#5416,#5417,#5418,#5419,#5420,#5421,#5422,#5423,#5424,#5425,#5426,#5427,#5428,#5429,#5430,#5431,#5432,#5433,#5434,#5435,#5436,#5437,#5438,#5439,#5440,#5441,#5442,#5443,#5444,#5445,#5446,#5447,#5448,#5449,#5450,#5451,#5452,#5453,#5454,#5455,#5456,#5457,#5458,#5459,#5460,#5461,#5462,#5463,#5464,#5465,#5466,#5467,#5468,#5469,#5470,#5471,#5472,#5473,#5474,#5475,#5476,#5477,#5478,#5479,#5480,#5481,#5482,#5483,#5484,#5485,#5486,#5487,#5488,#5489,#5490,#5491,#5492,#5493,#5494,#5495,#5496,#5497,#5498,#5499,#5500,#5501,#5502,#5503,#5504,#5505,#5506,#5507,#5508,#5509,#5510,#5511,#5512,#5513,#5514,#5515,#5516,#5517,#5518,#5519,#5520,#5521,#5522,#5523,#5524,#5525,#5526,#5527,#5528,#5529,#5530,#5531,#5532,#5533,#5534,#5535,#5536,#5537,#5538,#5539,#5540,#5541,#5542,#5543,#5544,#5545,#5546,#5547,#5548,#5549,#5550,#5551,#5552,#5553,#5554,#5555,#5556,#5557,#5558,#5559,#5560,#5561,#5562,#5563,#5564,#5565,#5566,#5567,#5568,#5569,#5570,#5571,#5572,#5573,#5574,#5575,#5576,#5577,#5578,#5579,#5580,#5581,#5582,#5583,#5584,#5585,#5586,#5587,#5588,#5589,#5590,#5591,#5592,#5593,#5594,#5595,#5596,#5597,#5598,#5599,#5600,#5601,#5602,#5603,#5604,#5605,#5606,#5607,#5608,#5609,#5610,#5611,#5612,#5613,#5614,#5615,#5616,#5617,#5618,#5619,#5620,#5621,#5622,#5623,#5624,#5625,#5626,#5627,#5628,#5629,#5630,#5631,#5632,#5633,#5634,#5635,#5636,#5637,#5638,#5639,#5640,#5641,#5642,#5643,#5644,#5645,#5646,#5647,#5648,#5649,#5650,#5651,#5652,#5653,#5654,#5655,#5656,#5657,#5658,#5659,#5660,#5661,#5662,#5663,#5664,#5665,#5666,#5667,#5668,#5669,#5670,#5671,#5672,#5673,#5674,#5675,#5676,#5677,#5678,#5679,#5680,#5681,#5682,#5683,#5684,#5685,#5686,#5687,#5688,#5689,#5690,#5691,#5692,#5693,#5694,#5695,#5696,#5697,#5698,#5699,#5700,#5701,#5702,#5703,#5704,#5705,#5706,#5707,#5708,#5709,#5710,#5711,#5712,#5713,#5714,#5715,#5716,#5717,#5718,#5719,#5720,#5721,#5722,#5723,#5724,#5725,#5726,#5727,#5728,#5729,#5730,#5731,#5732,#5733,#5734,#5735,#5736,#5737,#5738,#5739,#5740,#5741,#5742,#5743,#5744,#5745,#5746,#5747,#5748,#5749,#5750,#5751,#5752,#5753,#5754,#5755,#5756,#5757,#5758,#5759,#5760,#5761,#5762,#5763,#5764,#5765,#5766,#5767,#5768,#5769,#5770,#5771,#5772,#5773,#5774,#5775,#5776,#5777,#5778,#5779,#5780,#5781,#5782,#5783,#5784,#5785,#5786,#5787,#5788,#5789,#5790,#5791,#5792,#5793,#5794,#5795,#5796,#5797,#5798,#5799,#5800,#5801,#5802,#5803,#5804,#5805,#5806,#5807,#5808,#5809,#5810,#5811,#5812,#5813,#5814,#5815,#5816,#5817,#5818,#5819,#5820,#5821,#5822,#5823,#5824,#5825,#5826,#5827,#5828,#5829,#5830,#5831,#5832,#5833,#5834,#5835,#5836,#5837,#5838,#5839,#5840,#5841,#5842,#5843,#5844,#5845,#5846,#5847,#5848,#5849,#5850,#5851,#5852,#5853,#5854,#5855,#5856,#5857,#5858,#5859,#5860,#5861,#5862,#5863,#5864,#5865,#5866,#5867,#5868,#5869,#5870,#5871,#5872,#5873,#5874,#5875,#5876,#5877,#5878,#5879,#5880,#5881,#5882,#5883,#5884,#5885,#5886,#5887,#5888,#5889,#5890,#5891,#5892,#5893,#5894,#5895,#5896,#5897,#5898,#5899,#5900,#5901,#5902,#5903,#5904,#5905,#5906,#5907,#5908,#5909,#5910,#5911,#5912,#5913,#5914,#5915,#5916,#5917,#5918,#5919,#5920,#5921,#5922,#5923,#5924,#5925,#5926,#5927,#5928,#5929,#5930,#5931,#5932,#5933,#5934,#5935,#5936,#5937,#5938,#5939,#5940,#5941,#5942,#5943,#5944,#5945,#5946,#5947,#5948,#5949,#5950,#5951,#5952,#5953,#5954,#5955,#5956,#5957,#5958,#5959,#5960,#5961,#5962,#5963,#5964,#5965,#5966,#5967,#5968,#5969,#5970,#5971,#5972,#5973,#5974,#5975,#5976,#5977,#5978,#5979,#5980,#5981,#5982,#5983,#5984,#5985,#5986,#5987,#5988,#5989,#5990,#5991,#5992,#5993,#5994,#5995,#5996,#5997,#5998,#5999,#6000,#6001,#6002,#6003,#6004,#6005,#6006,#6007,#6008,#6009,#6010,#6011,#6012,#6013,#6014,#6015,#6016,#6017,#6018,#6019,#6020,#6021,#6022,#6023,#6024,#6025,#6026,#6027,#6028,#6029,#6030,#6031,#6032,#6033,#6034,#6035,#6036,#6037,#6038,#6039,#6040,#6041,#6042,#6043,#6044,#6045,#6046,#6047,#6048,#6049,#6050,#6051,#6052,#6053,#6054,#6055,#6056,#6057,#6058,#6059,#6060,#6061,#6062,#6063,#6064,#6065,#6066,#6067,#6068,#6069,#6070,#6071,#6072,#6073,#6074,#6075,#6076,#6077,#6078,#6079,#6080,#6081,#6082,#6083,#6084,#6085,#6086,#6087,#6088,#6089,#6090,#6091,#6092,#6093,#6094,#6095,#6096,#6097,#6098,#6099,#6100,#6101,#6102,#6103,#6104,#6105,#6106,#6107,#6108,#6109,#6110,#6111,#6112,#6113,#6114,#6115,#6116,#6117,#6118,#6119,#6120,#6121,#6122,#6123,#6124,#6125,#6126,#6127,#6128,#6129,#6130,#6131,#6132,#6133,#6134,#6135,#6136,#6137,#6138,#6139,#6140,#6141,#6142,#6143,#6144,#6145,#6146,#6147,#6148,#6149,#6150,#6151,#6152,#6153,#6154,#6155,#6156,#6157,#6158,#6159,#6160,#6161,#6162,#6163,#6164,#6165,#6166,#6167,#6168,#6169,#6170,#6171,#6172,#6173,#6174,#6175,#6176,#6177,#6178,#6179,#6180,#6181,#6182,#6183,#6184,#6185,#6186,#6187,#6188,#6189,#6190,#6191,#6192,#6193,#6194,#6195,#6196,#6197,#6198,#6199,#6200,#6201,#6202,#6203,#6204,#6205,#6206,#6207,#6208,#6209,#6210,#6211,#6212,#6213,#6214,#6215,#6216,#6217,#6218,#6219,#6220,#6221,#6222,#6223,#6224,#6225,#6226,#6227,#6228,#6229,#6230,#6231,#6232,#6233,#6234,#6235,#6236,#6237,#6238,#6239,#6240,#6241,#6242,#6243,#6244,#6245,#6246,#6247,#6248,#6249,#6250,#6251,#6252,#6253,#6254,#6255,#6256,#6257,#6258,#6259,#6260,#6261,#6262,#6263,#6264,#6265,#6266,#6267,#6268,#6269,#6270,#6271,#6272,#6273,#6274,#6275,#6276,#6277,#6278,#6279,#6280,#6281,#6282,#6283,#6284,#6285,#6286,#6287,#6288,#6289,#6290,#6291,#6292,#6293,#6294,#6295,#6296,#6297,#6298,#6299,#6300,#6301,#6302,#6303,#6304,#6305,#6306,#6307,#6308,#6309,#6310,#6311,#6312,#6313,#6314,#6315,#6316,#6317,#6318,#6319,#6320,#6321,#6322,#6323,#6324,#6325,#6326,#6327,#6328,#6329,#6330,#6331,#6332,#6333,#6334,#6335,#6336,#6337,#6338,#6339,#6340,#6341,#6342,#6343,#6344,#6345,#6346,#6347,#6348,#6349,#6350,#6351,#6352,#6353,#6354,#6355,#6356,#6357,#6358,#6359,#6360,#6361,#6362,#6363,#6364,#6365,#6366,#6367,#6368,#6369,#6370,#6371,#6372,#6373,#6374,#6375,#6376,#6377,#6378,#6379,#6380,#6381,#6382,#6383,#6384,#6385,#6386,#6387,#6388,#6389,#6390,#6391,#6392,#6393,#6394,#6395,#6396,#6397,#6398,#6399,#6400,#6401,#6402,#6403,#6404,#6405,#6406,#6407,#6408,#6409,#6410,#6411,#6412,#6413,#6414,#6415,#6416,#6417,#6418,#6419,#6420,#6421,#6422,#6423,#6424,#6425,#6426,#6427,#6428,#6429,#6430,#6431,#6432,#6433,#6434,#6435,#6436,#6437,#6438,#6439,#6440,#6441,#6442,#6443,#6444,#6445,#6446,#6447,#6448,#6449,#6450,#6451,#6452,#6453,#6454,#6455,#6456,#6457,#6458,#6459,#6460,#6461,#6462,#6463,#6464,#6465,#6466,#6467,#6468,#6469,#6470,#6471,#6472,#6473,#6474,#6475,#6476,#6477,#6478,#6479,#6480,#6481,#6482,#6483,#6484,#6485,#6486,#6487,#6488,#6489,#6490,#6491,#6492,#6493,#6494,#6495,#6496,#6497,#6498,#6499,#6500,#6501,#6502,#6503,#6504,#6505,#6506,#6507,#6508,#6509,#6510,#6511,#6512,#6513,#6514,#6515,#6516,#6517,#6518,#6519,#6520,#6521,#6522,#6523,#6524,#6525,#6526,#6527,#6528,#6529,#6530,#6531,#6532,#6533,#6534,#6535,#6536,#6537,#6538,#6539,#6540,#6541,#6542,#6543,#6544,#6545,#6546,#6547,#6548,#6549,#6550,#6551,#6552,#6553,#6554,#6555,#6556,#6557,#6558,#6559,#6560,#6561,#6562,#6563,#6564,#6565,#6566,#6567,#6568,#6569,#6570,#6571,#6572,#6573,#6574,#6575,#6576,#6577,#6578,#6579,#6580,#6581,#6582,#6583,#6584,#6585,#6586,#6587,#6588,#6589,#6590,#6591,#6592,#6593,#6594,#6595,#6596,#6597,#6598,#6599,#6600,#6601,#6602,#6603,#6604,#6605,#6606,#6607,#6608,#6609,#6610,#6611,#6612,#6613,#6614,#6615,#6616,#6617,#6618,#6619,#6620,#6621,#6622,#6623,#6624,#6625,#6626,#6627,#6628,#6629,#6630,#6631,#6632,#6633,#6634,#6635,#6636,#6637,#6638,#6639,#6640,#6641,#6642,#6643,#6644,#6645,#6646,#6647,#6648,#6649,#6650,#6651,#6652,#6653,#6654,#6655,#6656,#6657,#6658,#6659,#6660,#6661,#6662,#6663,#6664,#6665,#6666,#6667,#6668,#6669,#6670,#6671,#6672,#6673,#6674,#6675,#6676,#6677,#6678,#6679,#6680,#6681,#6682,#6683,#6684,#6685,#6686,#6687,#6688,#6689,#6690,#6691,#6692,#6693,#6694,#6695,#6696,#6697,#6698,#6699,#6700,#6701,#6702,#6703,#6704,#6705,#6706,#6707,#6708,#6709,#6710,#6711,#6712,#6713,#6714,#6715,#6716,#6717,#6718,#6719,#6720,#6721,#6722,#6723,#6724,#6725,#6726,#6727,#6728,#6729,#6730,#6731,#6732,#6733,#6734,#6735,#6736,#6737,#6738,#6739,#6740,#6741,#6742,#6743,#6744,#6745,#6746,#6747,#6748,#6749,#6750,#6751,#6752,#6753,#6754,#6755,#6756,#6757,#6758,#6759,#6760,#6761,#6762,#6763,#6764,#6765,#6766,#6767,#6768,#6769,#6770,#6771,#6772,#6773,#6774,#6775,#6776,#6777,#6778,#6779,#6780,#6781,#6782,#6783,#6784,#6785,#6786,#6787,#6788,#6789,#6790,#6791,#6792,#6793,#6794,#6795,#6796,#6797,#6798,#6799,#6800,#6801,#6802,#6803,#6804,#6805,#6806,#6807,#6808,#6809,#6810,#6811,#6812,#6813,#6814,#6815,#6816,#6817,#6818,#6819,#6820,#6821,#6822,#6823,#6824,#6825,#6826,#6827,#6828,#6829,#6830,#6831,#6832,#6833,#6834,#6835,#6836,#6837,#6838,#6839,#6840,#6841,#6842,#6843,#6844,#6845,#6846,#6847,#6848,#6849,#6850,#6851,#6852,#6853,#6854,#6855,#6856,#6857,#6858,#6859,#6860,#6861,#6862,#6863,#6864,#6865,#6866,#6867,#6868,#6869,#6870,#6871,#6872,#6873,#6874,#6875,#6876,#6877,#6878,#6879,#6880,#6881,#6882,#6883,#6884,#6885,#6886,#6887,#6888,#6889,#6890,#6891,#6892,#6893,#6894,#6895,#6896,#6897,#6898,#6899,#6900,#6901,#6902,#6903,#6904,#6905,#6906,#6907,#6908,#6909,#6910,#6911,#6912,#6913,#6914,#6915,#6916,#6917,#6918,#6919,#6920,#6921,#6922,#6923,#6924,#6925,#6926,#6927,#6928,#6929,#6930,#6931,#6932,#6933,#6934,#6935,#6936,#6937,#6938,#6939,#6940,#6941,#6942,#6943,#6944,#6945,#6946,#6947,#6948,#6949,#6950,#6951,#6952,#6953,#6954,#6955,#6956,#6957,#6958,#6959,#6960,#6961,#6962,#6963,#6964,#6965,#6966,#6967,#6968,#6969,#6970,#6971,#6972,#6973,#6974,#6975,#6976,#6977,#6978,#6979,#6980,#6981,#6982,#6983,#6984,#6985,#6986,#6987,#6988,#6989,#6990,#6991,#6992,#6993,#6994,#6995,#6996,#6997,#6998,#6999,#7000,#7001,#7002,#7003,#7004,#7005,#7006,#7007,#7008,#7009,#7010,#7011,#7012,#7013,#7014,#7015,#7016,#7017,#7018,#7019,#7020,#7021,#7022,#7023,#7024,#7025,#7026,#7027,#7028,#7029,#7030,#7031,#7032,#7033,#7034,#7035,#7036,#7037,#7038,#7039,#7040,#7041,#7042,#7043,#7044,#7045,#7046,#7047,#7048,#7049,#7050,#7051,#7052,#7053,#7054,#7055,#7056,#7057,#7058,#7059,#7060,#7061,#7062,#7063,#7064,#7065,#7066,#7067,#7068,#7069,#7070,#7071,#7072,#7073,#7074,#7075,#7076,#7077,#7078,#7079,#7080,#7081,#7082,#7083,#7084,#7085,#7086,#7087,#7088,#7089,#7090,#7091,#7092,#7093,#7094,#7095,#7096,#7097,#7098,#7099,#7100,#7101,#7102,#7103,#7104,#7105,#7106,#7107,#7108,#7109,#7110,#7111,#7112,#7113,#7114,#7115,#7116,#7117,#7118,#7119,#7120,#7121,#7122,#7123,#7124,#7125,#7126,#7127,#7128,#7129,#7130,#7131,#7132,#7133,#7134,#7135,#7136,#7137,#7138,#7139,#7140,#7141,#7142,#7143,#7144,#7145,#7146,#7147,#7148,#7149,#7150,#7151,#7152,#7153,#7154,#7155,#7156,#7157,#7158,#7159,#7160,#7161,#7162,#7163,#7164,#7165,#7166,#7167,#7168,#7169,#7170,#7171,#7172,#7173,#7174,#7175,#7176,#7177,#7178,#7179,#7180,#7181,#7182,#7183,#7184,#7185,#7186,#7187,#7188,#7189,#7190,#7191,#7192,#7193,#7194,#7195,#7196,#7197,#7198,#7199,#7200,#7201,#7202,#7203,#7204,#7205,#7206,#7207,#7208,#7209,#7210,#7211,#7212,#7213,#7214,#7215,#7216,#7217,#7218,#7219,#7220,#7221,#7222,#7223,#7224,#7225,#7226,#7227,#7228,#7229,#7230,#7231,#7232,#7233,#7234,#7235,#7236,#7237,#7238,#7239,#7240,#7241,#7242,#7243,#7244,#7245,#7246,#7247,#7248,#7249,#7250,#7251,#7252,#7253,#7254,#7255,#7256,#7257,#7258,#7259,#7260,#7261,#7262,#7263,#7264,#7265,#7266,#7267,#7268,#7269,#7270,#7271,#7272,#7273,#7274,#7275,#7276,#7277,#7278,#7279,#7280,#7281,#7282,#7283,#7284,#7285,#7286,#7287,#7288,#7289,#7290,#7291,#7292,#7293,#7294,#7295,#7296,#7297,#7298,#7299,#7300,#7301,#7302,#7303,#7304,#7305,#7306,#7307,#7308,#7309,#7310,#7311,#7312,#7313,#7314,#7315,#7316,#7317,#7318,#7319,#7320,#7321,#7322,#7323,#7324,#7325,#7326,#7327,#7328,#7329,#7330,#7331,#7332,#7333,#7334,#7335,#7336,#7337,#7338,#7339,#7340,#7341,#7342,#7343,#7344,#7345,#7346,#7347,#7348,#7349,#7350,#7351,#7352,#7353,#7354,#7355,#7356,#7357,#7358,#7359,#7360,#7361,#7362,#7363,#7364,#7365,#7366,#7367,#7368,#7369,#7370,#7371,#7372,#7373,#7374,#7375,#7376,#7377,#7378,#7379,#7380,#7381,#7382,#7383,#7384,#7385,#7386,#7387,#7388,#7389,#7390,#7391,#7392,#7393,#7394,#7395,#7396,#7397,#7398,#7399,#7400,#7401,#7402,#7403,#7404,#7405,#7406,#7407,#7408,#7409,#7410,#7411,#7412,#7413,#7414,#7415,#7416,#7417,#7418,#7419,#7420,#7421,#7422,#7423,#7424,#7425,#7426,#7427,#7428,#7429,#7430,#7431,#7432,#7433,#7434,#7435,#7436,#7437,#7438,#7439,#7440,#7441,#7442,#7443,#7444,#7445,#7446,#7447,#7448,#7449,#7450,#7451,#7452,#7453,#7454,#7455,#7456,#7457,#7458,#7459,#7460,#7461),$);
#7463=IFCSHAPEREPRESENTATION(#15,'Body','Tessellation',(#7462));
#7464=IFCREPRESENTATIONMAP(#4159,#7463);
#7465=IFCBUILDINGELEMENTPROXYTYPE('3bv7vCWEjCvOL8SsVpKUuA',$,'HumanWalk',$,$,$,(#4141,#4155,#7464),$,$,.COMPLEX.);
#7466=IFCCARTESIANPOINT((0.,0.,0.));
#7467=IFCDIRECTION((0.,0.,1.));
#7468=IFCDIRECTION((1.,0.,0.));
#7469=IFCAXIS2PLACEMENT3D(#7466,#7467,#7468);
#7475=IFCCARTESIANPOINTLIST2D(((-0.12674613296985601,0.19226744771003701),(-0.070891909301281003,0.181526243686676),(-0.061831280589103699,0.17937801778316501),(-0.0407988876104355,0.14516341686248799),(-0.038168296217918403,0.1754469871521),(-0.035681918263435398,0.198446080088615),(-0.0188988000154495,0.19658128917217299),(-0.0133044272661209,0.19160851836204501),(-0.0089532583951950108,0.189743727445602),(-0.0027372986078262299,0.19098691642284399),(0.020883396267890899,0.177933380007744),(0.027720972895622299,0.16177186369895899),(0.0302073508501053,0.16550144553184501),(0.037044927477836602,0.16301505267620101),(0.038288131356239298,0.14747512340545699),(0.017153814435005198,0.082829043269157396),(0.0280317813158035,0.071329496800899506),(0.049166068434715299,0.0949501842260361),(0.085840299725532504,0.109246917068958),(0.077137932181358296,0.13100281357765201),(0.087705090641975403,0.20808084309101099),(0.106974616646767,0.20310807228088401),(0.12189294397831001,0.109246917068958),(0.106353029608727,0.063248738646507305),(0.062219634652137798,-0.0032621473073959398),(0.0087622851133346592,-0.021910063922405201),(-0.026668742299079898,-0.028126023709774),(-0.039836660027504002,-0.02857356518507),(-0.058842740952968597,-0.033297710120677899),(-0.085929557681083693,-0.047261267900466898),(-0.15896970033645599,-0.053705986589193302),(-0.18367445468902599,-0.046187147498130798),(-0.19871212542057001,-0.053705986589193302),(-0.23308396339416501,-0.053705986589193302),(-0.29967939853668202,-0.034371830523014103),(-0.32167401909828203,-0.0285735726356506),(-0.33484193682670599,-0.028126027435064298),(-0.37027296423911998,-0.021910056471824601),(-0.42373031377792397,-0.0032621454447507902),(-0.467863708734512,0.063248738646507305),(-0.48340362310409501,0.109246917068958),(-0.46848529577255199,0.20310807228088401),(-0.44921576976776101,0.20808084309101099),(-0.438648611307144,0.13100281357765201),(-0.44735097885131803,0.109246917068958),(-0.41067674756050099,0.0949501842260361),(-0.38954246044158902,0.071329496800899506),(-0.37866449356079102,0.082829043269157396),(-0.39979881048202498,0.14747512340545699),(-0.39855560660362199,0.16301505267620101),(-0.391718029975891,0.16550144553184501),(-0.38923165202140803,0.16177186369895899),(-0.38239407539367698,0.177933380007744),(-0.35877338051795998,0.19098691642284399),(-0.35255742073059099,0.189743727445602),(-0.34820625185966497,0.19160851836204501),(-0.34261187911033603,0.19658128917217299),(-0.32582876086235002,0.198446080088615),(-0.32334238290786699,0.1754469871521),(-0.32071179151535001,0.14516341686248799),(-0.29967939853668202,0.17937801778316501),(-0.228787511587143,0.19656392931938199)),$);
#7476=IFCINDEXEDPOLYCURVE(#7475,(IFCLINEINDEX((1,2,3,4,5,6,7,8,9,10,11,12,13,14,15,16,17,18,19,20,21,22,23,24,25,26,27,28,29,30,31,32,33,34,35,36,37,38,39,40,41,42,43,44,45,46,47,48,49,50,51,52,53,54,55,56,57,58,59,60,61,62,1))),$);
#7477=IFCCARTESIANPOINTLIST2D(((-0.0407988876104355,0.14516341686248799),(-0.017568573355674699,0.11378458142280599),(0.0062758773565292402,0.094328582286834703),(0.017153814435005198,0.082829043269157396)),$);
#7478=IFCINDEXEDPOLYCURVE(#7477,$,$);
#7479=IFCCARTESIANPOINTLIST2D(((-0.017568573355674699,0.11378458142280599),(-0.0059770494699478097,0.071966029703617096),(0.0047641545534133902,0.044038914144039203),(-0.0016805678606033299,-0.0053705945611000096),(-0.039836660027504002,-0.02857356518507)),$);
#7480=IFCINDEXEDPOLYCURVE(#7479,$,$);
#7481=IFCCARTESIANPOINTLIST2D(((-0.32071179151535001,0.14516341686248799),(-0.34394210577011097,0.11378458142280599),(-0.36778655648231501,0.094328582286834703),(-0.37866449356079102,0.082829043269157396)),$);
#7482=IFCINDEXEDPOLYCURVE(#7481,$,$);
#7483=IFCCARTESIANPOINTLIST2D(((-0.34394210577011097,0.11378458142280599),(-0.35553362965583801,0.071966029703617096),(-0.366274833679199,0.044038914144039203),(-0.359830111265182,-0.0053705982863903002),(-0.32167401909828203,-0.0285735726356506)),$);
#7484=IFCINDEXEDPOLYCURVE(#7483,$,$);
#7485=IFCCARTESIANPOINTLIST2D(((-0.240483477711678,0.14094837009906799),(-0.25092631578445401,0.10738211870193499),(-0.25390997529029802,0.070832215249538394),(-0.24272122979164101,0.043979223817586899),(-0.212138652801514,0.0089211510494351404),(-0.18006424605846399,0.00071607064455747604),(-0.14500616490840901,0.0119048170745373),(-0.121882751584053,0.043233308941125898),(-0.105472587049007,0.089480131864547702),(-0.115915417671204,0.14244019985199),(-0.14500616490840901,0.16257993876934099),(-0.18453973531723,0.17376868426799799),(-0.22631105780601499,0.163325861096382)),$);
#7486=IFCINDEXEDPOLYCURVE(#7485,(IFCLINEINDEX((1,2,3,4,5,6,7,8,9,10,11,12,13,1))),$);
#7487=IFCGEOMETRICCURVESET((#7476,#7478,#7480,#7482,#7484,#7486));
#7488=IFCSHAPEREPRESENTATION(#28,'Body','Annotation2D',(#7487));
#7489=IFCREPRESENTATIONMAP(#7469,#7488);
#7490=IFCCARTESIANPOINT((0.,0.,0.));
#7491=IFCDIRECTION((0.,0.,1.));
#7492=IFCDIRECTION((1.,0.,0.));
#7493=IFCAXIS2PLACEMENT3D(#7490,#7491,#7492);
#7500=IFCCARTESIANPOINT((-0.491002947092056,-0.0579879656434059,-0.0042734267190098797));
#7501=IFCBOUNDINGBOX(#7500,0.63394558429717995,0.64556455612182595,1.79266357421875);
#7502=IFCSHAPEREPRESENTATION(#17,'Box','BoundingBox',(#7501));
#7503=IFCREPRESENTATIONMAP(#7493,#7502);
#7504=IFCCARTESIANPOINT((0.,0.,0.));
#7505=IFCDIRECTION((0.,0.,1.));
#7506=IFCDIRECTION((1.,0.,0.));
#7507=IFCAXIS2PLACEMENT3D(#7504,#7505,#7506);
#7509=IFCCARTESIANPOINTLIST3D(((-0.25805583596229598,-0.038362730294465998,1.37717604637146),(-0.263312548398972,-0.049206070601940197,1.3408446311950699),(-0.20558823645114899,-0.0579879507422447,1.3363407850265501),(-0.31322878599166898,-0.0189570784568787,1.3248711824417101),(-0.37190347909927401,0.027914833277463899,1.3916976451873799),(-0.31101873517036399,0.045005116611719097,1.42067563533783),(-0.29340466856956499,0.079138934612274198,1.4170790910720801),(-0.36235415935516402,0.0048168525099754299,1.3880931138992301),(-0.29734921455383301,0.010435321368277101,1.41891825199127),(-0.27313286066055298,0.16620191931724501,1.31088018417358),(-0.32206657528877303,0.120837487280369,1.3363406658172601),(-0.31085294485092202,0.103994660079479,1.37400031089783),(-0.18038423359394101,0.14430832862854001,1.3742759227752701),(-0.18038421869278001,0.18053522706031799,1.3174797296523999),(-0.22128438949585,0.175599470734596,1.30999076366425),(-0.18038421869278001,0.192984953522682,1.0279003381729099),(-0.18038421869278001,0.18493913114070901,0.94627279043197599),(-0.221831545233727,0.179279804229736,0.94738554954528797),(-0.18038421869278001,0.20240330696105999,1.1638048887252801),(-0.18038421869278001,0.19769413769245101,1.0904788970947299),(-0.21257066726684601,0.19083438813686401,1.0913786888122601),(-0.18038421869278001,0.19923105835914601,1.24763107299805),(-0.22627139091491699,0.19647461175918601,1.2150311470031701),(-0.227000847458839,0.20172500610351601,1.22725522518158),(-0.18038421869278001,0.20251096785068501,1.26201844215393),(-0.243014991283417,0.180258959531784,1.03149938583374),(-0.25331637263298001,0.17362043261528001,0.95799380540847801),(-0.29285603761673001,0.14269700646400499,0.97388976812362704),(-0.25510647892951999,0.18769031763076799,1.1638048887252801),(-0.24472691118717199,0.183974623680115,1.09227848052979),(-0.29180693626403797,0.14666554331779499,1.09719491004944),(-0.28687104582786599,0.18250778317451499,1.2150311470031701),(-0.331043690443039,0.122273907065392,1.22953033447266),(-0.34105989336967502,0.117129281163216,1.26959276199341),(-0.29129943251609802,0.18683663010597201,1.22725522518158),(-0.28729680180549599,0.14549078047275499,1.04133272171021),(-0.30940985679626498,0.100454814732075,0.98746055364608798),(-0.30498462915420499,0.147840321063995,1.1638048887252801),(-0.30903941392898598,0.095463566482067094,1.1039110422134399),(-0.32865387201309199,0.077670924365520505,1.2042987346649201),(-0.32550960779190102,0.049176573753356899,1.2435877323150599),(-0.41152718663215598,0.061522178351879099,1.35276198387146),(-0.35933932662010198,0.060766741633415201,1.3879426717758201),(-0.33939775824546797,0.089579358696937603,1.3733561038970901),(-0.30350509285926802,0.097996555268764496,1.05476486682892),(-0.290629982948303,0.058212585747242002,0.99936884641647294),(-0.32068610191345198,0.092766374349594102,1.1654202938079801),(-0.29180702567100503,0.044261574745178202,1.1106271743774401),(-0.315962344408035,0.0071881590411067,1.2328791618347199),(-0.37106016278266901,-0.020826784893870399,1.2230694293975799),(-0.34186601638793901,0.0043571917340159399,1.2154012918472299),(-0.32368811964988697,-0.0118936514481902,1.2690073251724201),(-0.28729686141014099,0.0505023151636124,1.06819725036621),(-0.24951322376728099,0.014791863970458501,1.0030211210250899),(-0.30498471856117199,0.038020890206098598,1.1638048887252801),(-0.24728703498840299,0.0067790793254971504,1.1155437231063801),(-0.26969125866889998,-0.027276724576950101,1.21677577495575),(-0.271761775016785,-0.037138037383556401,1.2504191398620601),(-0.24813514947891199,0.015734095126390499,1.07803046703339),(-0.19823300838470501,0.0093750031664967502,0.99774879217147805),(-0.205361798405647,0.0023278596345335202,1.11624991893768),(-0.20890147984027899,-0.019644740968942601,1.1638051271438601),(-0.211320236325264,-0.035962380468845402,1.21417856216431),(-0.21130178868770599,-0.046202249825000798,1.2465007305145299),(-0.21255469322204601,0.109804436564445,1.43442630767822),(-0.19430862367153201,0.121817111968994,1.43347656726837),(-0.21445167064666701,0.10918090492487,1.41155934333801),(-0.248519107699394,0.104533404111862,1.41354084014893),(-0.242238819599152,0.0871878936886787,1.4413013458252),(-0.18960046768188499,0.0015666368417441799,1.46161925792694),(-0.20041133463382699,-0.0234027113765478,1.4158310890197801),(-0.18038427829742401,-0.018789324909448599,1.4158310890197801),(-0.25414407253265398,0.057209946215152699,1.4473503828048699),(-0.242238834500313,0.027231996878981601,1.4554797410964999),(-0.25082209706306502,-0.018215509131550799,1.41777002811432),(-0.209154188632965,0.12292598187923399,1.45865023136139),(-0.21180224418640101,0.022732002660632099,1.4942605495452901),(-0.22869400680065199,0.043006192892789799,1.4872673749923699),(-0.195808291435242,0.126969769597054,1.4571826457977299),(-0.235846012830734,0.073189355432987199,1.47631299495697),(-0.228693962097168,0.103372469544411,1.46535885334015),(-0.195808351039886,0.016318839043378799,1.49646103382111),(-0.18038427829742401,0.00227655656635761,1.46256899833679),(-0.42214730381965598,0.0241181347519159,1.3522354364395099),(-0.40852651000022899,-0.0016711479984223799,1.3561247587203999),(-0.41765990853309598,0.065578475594520597,1.28555619716644),(-0.42905431985855103,0.023597177118063001,1.2860844135284399),(-0.41462874412536599,-0.0067624505609273902,1.29240751266479),(-0.33787226676940901,-0.019900664687156702,1.3709977865219101),(-0.36061581969261203,-0.023276746273040799,1.35303950309753),(-0.36924591660499601,0.10266547650098801,1.2769148349762001),(-0.357456624507904,0.096637383103370694,1.3438123464584399),(-0.38623085618019098,0.086088038980960804,1.21396267414093),(-0.42546796798706099,0.062545925378799397,1.21932673454285),(-0.36448708176612898,-0.024651473388075801,1.2893294095993),(-0.25569036602973899,0.13169291615486101,1.37411677837372),(-0.21803729236125899,0.13800063729286199,1.37419629096985),(-0.204326406121254,-0.044943772256374401,1.37376737594604),(-0.30896109342575101,-0.016554029658436799,1.3790807723998999),(-0.368581563234329,0.0307894311845303,1.1338740587234499),(-0.33679461479187001,0.045701052993536002,1.2132107019424401),(-0.43096113204956099,0.047129247337579699,1.1466686725616499),(-0.43769121170043901,0.019565863534808201,1.1471825838089),(-0.43244776129722601,0.021870872005820299,1.22394478321075),(-0.35257735848426802,0.078351870179176303,1.20834720134735),(-0.41523370146751398,-0.0124312248080969,1.2249506711959799),(-0.46904069185257002,0.079141616821289104,0.91964864730835005),(-0.45198708772659302,0.059840813279151903,0.96610116958618197),(-0.47162613272666898,0.066440179944038405,0.97100830078125),(-0.454535633325577,0.085049621760845198,0.91840684413909901),(-0.432106703519821,0.070019312202930506,0.96545338630676303),(-0.38219568133354198,0.054990809410810498,1.1367877721786499),(-0.423966914415359,-0.0047363741323351903,1.14478719234467),(-0.40787884593009899,0.0618119686841965,1.14292848110199),(-0.37512230873107899,0.0031694832723587799,1.13527166843414),(-0.39805713295936601,-0.011528390459716299,1.1398216485977199),(-0.48497164249420199,0.102718092501163,0.92513114213943504),(-0.47963473200798001,0.084641061723232297,0.97728538513183605),(-0.47167348861694303,0.11011144518852201,0.98175233602523804),(-0.446836888790131,0.098048776388168293,0.92008453607559204),(-0.42374682426452598,0.088837958872318296,0.96939486265182495),(-0.44884026050567599,0.122487410902977,0.92610239982605003),(-0.43204665184021002,0.11292704939842201,0.97638624906539895),(-0.46117651462554898,0.131798386573792,0.92800003290176403),(-0.47574892640113797,0.12622456252574901,0.92765247821807895),(-0.48133867979049699,0.088314868509769398,0.92214173078536998),(-0.45191213488578802,0.120645582675934,0.98131448030471802),(-0.38495689630508401,0.076174236834049197,1.1134271621704099),(-0.41633811593055697,0.084254346787929493,1.1207512617111199),(-0.39807435870170599,0.093968071043491405,1.0613067150116),(-0.42965731024742099,0.101089552044868,1.06806635856628),(-0.41142389178276101,0.10671493411064099,1.02135586738586),(-0.44000318646431003,0.112677037715912,1.0271372795105),(-0.43579253554344199,0.0027074278332292999,1.11924064159393),(-0.44740062952041598,0.0198941119015217,1.0650167465210001),(-0.45221394300460799,0.032244656234979602,1.1241145133972199),(-0.45475453138351402,0.039378933608532,1.0238741636276201),(-0.46431550383567799,0.0487033911049366,1.07062435150146),(-0.44417133927345298,0.066102288663387299,1.12507152557373),(-0.45704320073127702,0.0822909250855446,1.0718957185745199),(-0.46442255377769498,0.095379918813705403,1.03022456169128),(-0.36845162510871898,0.046319756656885099,1.10783290863037),(-0.38091969490051297,0.064951792359352098,1.0555664300918599),(-0.395543813705444,0.080884501338005094,1.016268491745),(-0.37652841210365301,0.0124355526641011,1.1078360080719001),(-0.388404250144958,0.031152790412306799,1.0542895793914799),(-0.40175068378448497,0.050434537231922101,1.0149166584014899),(-0.47048321366310097,0.065067067742347703,1.0288739204406701),(-0.404474377632141,-0.0055075753480195999,1.11261558532715),(-0.41601893305778498,0.0125377411022782,1.0582412481307999),(-0.42629420757293701,0.033274944871663999,1.01808214187622),(-0.18038424849510201,0.113828420639038,1.4102647304534901),(-0.18038423359394101,0.13101354241371199,1.4557149410247801),(-0.18038423359394101,0.12583340704441101,1.4325268268585201),(-0.22103904187679299,0.195046812295914,1.1638048887252801),(-0.21255470812320701,0.0095049981027841603,1.4606695175170901),(-0.18038429319858601,-0.030424159020185498,1.2465007305145299),(-0.18038429319858601,-0.041553605347871801,1.3363407850265501),(-0.18038427829742401,-0.019924120977520901,1.21417856216431),(-0.18038427829742401,0.020155614241957699,1.1162089109420801),(-0.18038427829742401,-0.0017406464321538799,1.1638051271438601),(-0.18038427829742401,0.014507470652461101,0.99264597892761197),(-0.18038426339626301,0.031939599663019201,1.0793608427047701),(-0.18038429319858601,-0.033331308513879797,1.37390053272247),(-0.190601125359535,-0.0244103297591209,0.91748946905136097),(-0.19400607049465199,-0.0086164930835366197,0.83692407608032204),(-0.18038427829742401,0.0037261561956256602,0.85058945417404197),(-0.18038421869278001,0.18515671789646099,0.82552528381347701),(-0.19444666802883101,0.17410908639431,0.81504166126251198),(-0.21090808510780301,0.17778685688972501,0.84885799884796098),(-0.19071920216083499,0.092181414365768405,0.79783636331558205),(-0.18038424849510201,0.092181369662284907,0.80708193778991699),(-0.209402695298195,0.14802046120166801,0.69799762964248702),(-0.239674612879753,0.178334966301918,0.70909798145294201),(-0.23705253005027799,0.18600444495677901,0.78837805986404397),(-0.20113824307918499,0.090201348066329998,0.69410824775695801),(-0.20324370265007,0.15310284495353699,0.75606334209442105),(-0.28691813349723799,0.17200723290443401,0.72720265388488803),(-0.279568672180176,0.179115369915962,0.81011235713958696),(-0.212614685297012,0.021019743755459799,0.69922810792922996),(-0.20577967166900599,0.014835670590400699,0.77667349576950095),(-0.23393791913986201,-0.0225269831717014,0.82374328374862704),(-0.19547872245311701,0.090052463114261599,0.74844032526016202),(-0.33230352401733398,0.13743196427822099,0.74459505081176802),(-0.32041269540786699,0.14147289097309099,0.83190119266509999),(-0.356464684009552,0.090201266109943404,0.75385397672653198),(-0.342156171798706,0.090052306652069106,0.843553066253662),(-0.232181772589684,0.0020676564890891301,0.70622599124908403),(-0.27688696980476402,-0.016273258253931999,0.83949154615402199),(-0.32422938942909202,0.042970608919858898,0.74150055646896396),(-0.313146412372589,0.034872975200414699,0.84192979335784901),(-0.27852097153663602,0.0083953384310007095,0.72398406267166104),(-0.26436445116996798,-0.0260952468961477,0.88610517978668202),(-0.30918407440185502,0.034386020153760903,0.89125251770019498),(-0.33289939165115401,0.091116756200790405,0.88734418153762795),(-0.20719519257545499,-0.032612830400466898,0.86015981435775801),(-0.31269046664237998,0.139764994382858,0.87462067604064897),(-0.27472910284995999,0.17537797987461101,0.85086810588836703),(-0.193383067846298,0.091116927564144107,0.77511262893676802),(-0.20237429440021501,0.0127277877181768,0.81710791587829601),(-0.20090727508068101,0.15054357051849401,0.78479081392288197),(-0.22814075648784601,0.18189561367034901,0.82631480693817105),(-0.26988953351974498,0.171640619635582,0.891623795032501),(-0.30496832728385898,0.13805718719959301,0.91734004020690896),(-0.32364267110824602,0.092181302607059507,0.93113535642623901),(-0.302074164152145,0.046305425465106999,0.94057530164718595),(-0.255011796951294,-0.020017430186271699,0.93421649932861295),(-0.189770698547363,-0.012937913648784201,0.95297330617904696),(-0.18038427829742401,-0.00075552955968305501,0.90120649337768599),(-0.25897800922393799,0.17163403332233401,0.92179334163665805),(-0.25083836913108798,-0.0074630258604884104,0.96531766653060902),(-0.29355591535568198,0.050097174942493397,0.96784609556198098),(-0.31513121724128701,0.094582781195640606,0.95746171474456798),(-0.29682415723800698,0.13906836509704601,0.94375222921371504),(-0.18038421869278001,0.19045244157314301,0.854012310504913),(-0.22354313731193501,0.17759394645690901,0.90237659215927102),(-0.18038427829742401,0.0053330524824559697,0.940968036651611),(-0.18038421869278001,0.18355385959148399,0.90195083618164096),(-0.20751996338367501,0.087393924593925504,0.65307909250259399),(-0.216309905052185,0.14216592907905601,0.65307921171188399),(-0.24516604840755499,0.17009900510311099,0.65307933092117298),(-0.29063633084297202,0.164161041378975,0.65307939052581798),(-0.32654705643653897,0.043072499334812199,0.65307915210723899),(-0.219401314854622,0.022987835109233901,0.65307891368866),(-0.33431819081306502,0.13171550631523099,0.65307933092117298),(-0.35757237672805797,0.087394014000892598,0.65307927131652799),(-0.23795448243618,0.0046888766810298001,0.653078854084015),(-0.28255435824394198,0.010626871138811099,0.653078973293304),(-0.25189027190208402,0.0146019114181399,0.58068698644638095),(-0.23818244040012401,0.030159831047058099,0.58068698644638095),(-0.33093282580375699,0.121174976229668,0.58068734407424905),(-0.35000714659690901,0.083990029990673107,0.58068722486496005),(-0.257805585861206,0.15337805449962599,0.58068728446960405),(-0.29510262608528098,0.14839622378349299,0.58068728446960405),(-0.28847339749336198,0.019583785906434101,0.58068704605102495),(-0.22692629694938701,0.083989992737770094,0.58068710565567005),(-0.23564672470092801,0.13014814257621801,0.58068722486496005),(-0.32455846667289701,0.046805083751678501,0.58068710565567005),(-0.34936439990997298,0.082341983914375305,0.53284192085266102),(-0.29741701483726501,0.029108917340636298,0.53284186124801602),(-0.26653322577476501,0.024991326034069099,0.53284192085266102),(-0.27152699232101402,0.13969263434410101,0.53284204006195102),(-0.333261698484421,0.11307609826326399,0.53284198045730602),(-0.32788041234016402,0.051607869565486901,0.53284192085266102),(-0.245458364486694,0.082341969013214097,0.53284192085266102),(-0.25471904873848,0.12068293988704699,0.53284198045730602),(-0.30301350355148299,0.135575026273727,0.53284204006195102),(-0.25685968995094299,0.038040567189454998,0.53284192085266102),(-0.27373927831649802,0.096878618001937894,0.47113412618637102),(-0.288373112678528,0.116250790655613,0.47113406658172602),(-0.31578677892684898,0.112054660916328,0.47113406658172602),(-0.35614207386970498,0.057806488126516301,0.47113418579101601),(-0.337437123060226,0.026486296206712698,0.47113430500030501),(-0.26567649841308599,0.057806514203548397,0.47113418579101601),(-0.27560302615165699,0.0126602929085493,0.47113436460495001),(-0.34212228655815102,0.089126683771610302,0.47113412618637102),(-0.31091418862342801,0.0035582880955189501,0.47113430500030501),(-0.28402522206306502,-0.00063779478659853296,0.47113436460495001),(-0.31232950091362,0.0855455473065376,0.384862780570984),(-0.33580058813095098,0.081225305795669597,0.384862780570984),(-0.37035208940505998,0.025372453033924099,0.38486295938491799),(-0.35433718562126199,-0.0068742022849619397,0.38486298918724099),(-0.29289701581001298,0.025372454896569301,0.38486298918724099),(-0.30139592289924599,-0.021109156310558298,0.38486310839652998),(-0.358348578214645,0.0576191246509552,0.38486289978027299),(-0.33162873983383201,-0.0304803755134344,0.38486310839652998),(-0.30860686302185097,-0.034800637513399103,0.38486310839652998),(-0.29980024695396401,0.065600343048572499,0.38486289978027299),(-0.36034235358238198,-0.0044436417520046199,0.081211224198341397),(-0.35864159464836098,-0.0020643780007958399,0.10366402566433),(-0.36575055122375499,0.0147471586242318,0.103764727711678),(-0.31554692983627303,-0.010025759227573899,0.080705642700195299),(-0.309850424528122,0.0137437246739864,0.080604396760463701),(-0.31375241279602101,0.014681834727525701,0.10321107506752),(-0.31954053044319197,-0.011003861203789701,0.10328660160303101),(-0.330549836158752,-0.020960085093975098,0.10326088219881099),(-0.36742454767227201,0.013770880177617101,0.081346169114112896),(-0.35739809274673501,0.0351920798420906,0.103665165603161),(-0.34829369187355003,-0.021265834569930999,0.081104122102260603),(-0.33447882533073398,-0.0234207753092051,0.080652467906475095),(-0.32599321007728599,0.0537303648889065,0.080756105482578305),(-0.327043116092682,0.052943695336580297,0.10332436114549599),(-0.31814357638359098,0.038122691214084597,0.10324319452047299),(-0.343880444765091,0.055256541818380397,0.084928445518016801),(-0.36063262820243802,0.037863347679376602,0.085175484418869005),(-0.34529304504394498,-0.017963426187634499,0.103583991527557),(-0.312810838222504,0.029772488400340101,0.080647528171539307),(-0.34322074055671697,0.050148833543062203,0.10349398106336601),(-0.30756506323814398,0.072194613516330705,0.30832692980766302),(-0.33791106939315801,0.068113535642623901,0.30832704901695301),(-0.319602161645889,0.058105755597353002,0.22939468920230899),(-0.34194651246070901,0.054996237158775302,0.22939479351043701),(-0.32669168710708602,0.050764489918947199,0.15166085958480799),(-0.34327927231788602,0.048235826194286298,0.15166085958480799),(-0.29136583209037797,0.053353488445282003,0.30832710862159701),(-0.30767440795898399,0.043749988079071003,0.22939479351043701),(-0.28244060277938798,0.0153524708002806,0.30832710862159701),(-0.31783705949783297,0.0390903539955616,0.15166091918945299),(-0.30110257863998402,0.014795550145208799,0.22939479351043701),(-0.36187726259231601,-0.015109112486243199,0.30832713842392001),(-0.33251729607582098,-0.037408567965030698,0.308327376842499),(-0.33797493577003501,-0.0254050903022289,0.229395017027855),(-0.34033098816871599,-0.017146592959761599,0.15166108310222601),(-0.35959330201148998,-0.0084142703562974895,0.22939485311508201),(-0.36706364154815702,0.045814085751771899,0.30832710862159701),(-0.36341211199760398,0.038005445152521099,0.22939479351043701),(-0.35921442508697499,0.034418903291225399,0.15166091918945299),(-0.30275204777717601,-0.041489638388156898,0.308327436447144),(-0.31605830788612399,-0.028514610603451701,0.229395017027855),(-0.326678186655045,-0.019225688651204099,0.151719406247139),(-0.38258314132690402,0.015352482907473999,0.30832713842392001),(-0.37483939528465299,0.0147955808788538,0.22939491271972701),(-0.36769756674766502,0.015544622205197801,0.15166096389293701),(-0.29342895746231101,-0.028556112200021699,0.308327376842499),(-0.30919349193572998,-0.0186600740998983,0.229395017027855),(-0.31896474957466098,-0.011661546304821999,0.15166108310222601),(-0.31295835971832298,0.0155445896089077,0.15166102349758101),(-0.35637947916984603,-0.0033296544570475799,0.15166102349758101),(-0.20371137559413899,0.014188171364367,1.0794427394866899),(-0.21276992559433,0.186621978878975,1.0296999216079701),(-0.486025780439377,0.094081513583660098,0.81364095211029097),(-0.47556465864181502,0.091730087995529203,0.81317138671875),(-0.477873265743256,0.081493757665157304,0.83473098278045699),(-0.45915099978446999,0.149455681443214,0.91680055856704701),(-0.47360751032829301,0.146353244781494,0.91618627309799205),(-0.44832158088684099,0.15513938665390001,0.85100722312927202),(-0.450442314147949,0.14292991161346399,0.85060387849807695),(-0.454015493392944,0.142789006233215,0.82446038722991899),(-0.47975280880928001,0.132499039173126,0.90630322694778398),(-0.48766303062438998,0.099946096539497403,0.89932823181152299),(-0.48743465542793302,0.084577202796935994,0.8958380818367),(-0.48575034737586997,0.113295830786228,0.90232175588607799),(-0.46232312917709401,0.107387870550156,0.81666237115859996),(-0.464771598577499,0.110484436154366,0.84114456176757801),(-0.46493688225746199,0.084337107837200206,0.83541113138198897),(-0.45816928148269698,0.12508843839168499,0.82056140899658203),(-0.45229095220565801,0.133243903517723,0.84847205877304099),(-0.451295375823975,0.10568185895681401,0.90037089586257901),(-0.44662275910377502,0.12514942884445199,0.90478569269180298),(-0.450963765382767,0.118239536881447,0.88101357221603405),(-0.46551689505577099,0.106358923017979,0.87682068347930897),(-0.45448184013366699,0.092649117112159701,0.89734268188476596),(-0.46564251184463501,0.078740097582340199,0.87068796157836903),(-0.462453663349152,0.079106427729129805,0.894306600093842),(-0.48501524329185502,0.12609390914440199,0.84459686279296897),(-0.48850268125534102,0.118868283927441,0.87958115339279197),(-0.48291540145874001,0.13821394741535201,0.88372826576232899),(-0.47623670101165799,0.14778392016887701,0.82545787096023604),(-0.48039054870605502,0.130083367228508,0.82155883312225297),(-0.48816844820976302,0.108193412423134,0.84053957462310802),(-0.491002947092056,0.10375053435564,0.87613683938980103),(-0.48244240880012501,0.111910335719585,0.81756561994552601),(-0.488659828901291,0.089669600129127502,0.83647608757018999),(-0.49086338281631497,0.084314636886119801,0.871876180171967),(-0.47204452753067,0.160471871495247,0.85207217931747403),(-0.47986084222793601,0.14359454810619399,0.84833753108978305),(-0.44241365790367099,0.16851377487182601,0.88178992271423295),(-0.44749963283538802,0.16506847739219699,0.85654306411743197),(-0.46998101472854598,0.165012031793594,0.82926261425018299),(-0.43896538019180298,0.13357368111610399,0.885442435741425),(-0.45869398117065402,0.16322214901447299,0.85273373126983598),(-0.45674738287925698,0.166978284716606,0.85555946826934803),(-0.46782004833221402,0.17422465980052901,0.88293045759201005),(-0.44844105839729298,0.14069762825965901,0.91492748260498002),(-0.47989675402641302,0.075498864054679898,0.86999160051345803),(-0.46580380201339699,0.16918288171291401,0.85736471414565996),(-0.458949595689774,0.162532359361649,0.82876735925674405),(-0.45402225852012601,0.17614957690239,0.88370347023010298),(-0.47583130002021801,0.075642824172973605,0.89374631643295299),(-0.443554997444153,0.18064229190349601,0.86643356084823597),(-0.45242959260940602,0.18508589267730699,0.867539823055267),(-0.46298581361770602,0.17878332734107999,0.75137561559677102),(-0.45898127555847201,0.17788319289684301,0.751195728778839),(-0.460558712482452,0.17116104066371901,0.74971503019332897),(-0.45597603917121898,0.162464514374733,0.77110391855239901),(-0.46127486228942899,0.16365559399127999,0.77134186029434204),(-0.461228787899017,0.16744482517242401,0.753398418426514),(-0.467529237270355,0.16886101663112599,0.75368136167526201),(-0.46657383441924999,0.16484668850898701,0.77157968282699596),(-0.46415194869041398,0.175167456269264,0.77385306358337402),(-0.464649498462677,0.18113246560096699,0.75638443231582597),(-0.45868274569511402,0.17470219731330899,0.77377504110336304),(-0.452048629522324,0.17830003798008001,0.75581872463226296),(-0.45355409383773798,0.17278525233268699,0.77337741851806596),(-0.47327429056167603,0.11532329767942399,0.74605715274810802),(-0.47485181689262401,0.10860114544630101,0.74457639455795299),(-0.47885626554489102,0.109501287341118,0.74475616216659501),(-0.46922141313552901,0.103468701243401,0.74797695875167802),(-0.46985453367233299,0.10211456567049,0.76413410902023304),(-0.47515350580215499,0.10330565273761699,0.76437193155288696),(-0.48045241832733199,0.104496784508228,0.764609694480896),(-0.47803041338920599,0.114817537367344,0.76688313484191895),(-0.47894248366355902,0.11857258528471,0.751245737075806),(-0.47273159027099598,0.113626427948475,0.76664531230926503),(-0.46743267774581898,0.112435318529606,0.766407489776611),(-0.472573131322861,0.138573452830315,0.73914980888366699),(-0.46856862306594799,0.13767331838607799,0.73896998167037997),(-0.47014611959457397,0.13095116615295399,0.73748928308486905),(-0.46527969837188698,0.123290926218033,0.76001065969467196),(-0.47057855129241899,0.12448204308748199,0.760248482227325),(-0.47081613540649397,0.12723498046398199,0.74117255210876498),(-0.47587752342224099,0.12567311525344799,0.76048648357391402),(-0.47345551848411599,0.135993868112564,0.76275992393493697),(-0.47423687577247597,0.140922605991364,0.74415856599807695),(-0.46815666556358299,0.13480278849601701,0.76252186298370395),(-0.46163585782051098,0.13809019327163699,0.74359297752380404),(-0.46285751461982699,0.13361166417598699,0.76228415966033902),(-0.46377992630004899,0.15920905768871299,0.73780751228332497),(-0.46535757184028598,0.15248690545558899,0.73632675409317005),(-0.469361811876297,0.153387010097504,0.73650658130645796),(-0.46023988723754899,0.14323273301124601,0.76008909940719604),(-0.46606478095054599,0.14454206824302701,0.76035064458847001),(-0.46602734923362699,0.14877068996429399,0.74001020193099998),(-0.47232788801193198,0.15018689632415799,0.74029308557510398),(-0.47188967466354398,0.14585134387016299,0.76061218976974498),(-0.469227313995361,0.15719655156135601,0.76311117410659801),(-0.463402509689331,0.155887261033058,0.76284968852996804),(-0.46314772963523898,0.16104212403297399,0.74271321296691895),(-0.45684728026390098,0.15962591767311099,0.74243044853210405),(-0.45757749676704401,0.15457792580127699,0.76258820295333896),(-0.44986167550086997,0.16048957407474501,0.82835936546325695),(-0.45388680696487399,0.14484873414039601,0.81701302528381303),(-0.46790882945060702,0.16663484275341001,0.82172799110412598),(-0.472062557935715,0.14893427491187999,0.81782901287078902),(-0.46310332417488098,0.14483177661895799,0.82486832141876198),(-0.458114594221115,0.12683416903019001,0.81303995847702004),(-0.47213646769523598,0.14862032234668701,0.81775498390197798),(-0.46725708246231101,0.12713120877742801,0.82096940279007002),(-0.46720257401466397,0.12887698411941501,0.81344789266586304),(-0.46232745051384,0.108880415558815,0.80909198522567705),(-0.467261552810669,0.12862376868724801,0.813398957252502),(-0.47634947299957298,0.130666583776474,0.813806772232056),(-0.47141093015670799,0.10943064838647799,0.81707036495208696),(-0.47141528129577598,0.11092320829629899,0.80949991941452004),(-0.462392687797546,0.10859840363264101,0.80905026197433505),(-0.46647679805755599,0.089687302708625793,0.81276333332061801),(-0.480568528175354,0.112683966755867,0.80986624956131004),(-0.475634455680847,0.092940635979175595,0.80555927753448497),(-0.48472237586975098,0.094983413815498394,0.80596721172332797),(-0.47148060798644997,0.110641211271286,0.80945825576782204),(-0.47629031538963301,0.130919769406319,0.81385594606399503),(-0.463048696517944,0.14657756686210599,0.8173468708992),(-0.46297463774681102,0.146891489624977,0.81742107868194602),(-0.45852872729301503,0.16583688557147999,0.821594297885895),(-0.45977562665939298,0.15830893814563801,0.73762774467468295),(-0.46135306358337402,0.15158678591251401,0.73614704608917203),(-0.47711658477783198,0.12865118682384499,0.74145543575286899),(-0.46456405520439098,0.13677319884300199,0.73879027366638195),(-0.46614164113998402,0.13005103170871701,0.73730951547622703),(-0.46634164452552801,0.115740105509758,0.75068008899688698),(-0.47552180290222201,0.10488492250442499,0.74825990200042702),(-0.46926999092102101,0.114423170685768,0.74587750434875499),(-0.470847517251968,0.107701018452644,0.74439680576324496),(-0.454976856708527,0.17698307335376701,0.75101602077484098),(-0.45655441284179699,0.170260921120644,0.74953532218933105),(-0.46185901761054998,0.18475668132305101,0.86725521087646495),(-0.46230551600456199,0.15252868831157701,0.80410039424896196),(-0.46207159757614102,0.156868055462837,0.78758299350738503),(-0.469551771879196,0.154157519340515,0.80442559719085704),(-0.46954163908958402,0.158547192811966,0.78791832923889205),(-0.44973295927047702,0.16254930198192599,0.82091200351715099),(-0.451747477054596,0.165013417601585,0.80688399076461803),(-0.45876049995422402,0.16763474047183999,0.80742794275283802),(-0.45118731260299699,0.16973832249641399,0.790452420711517),(-0.45841720700263999,0.17244063317775701,0.79101324081420898),(-0.45505946874618503,0.15089991688728299,0.80377507209777799),(-0.45460158586502097,0.15518894791603099,0.78724759817123402),(-0.46623966097831698,0.16827100515365601,0.80753445625305198),(-0.46612739562988298,0.17309655249118799,0.79112321138382002),(-0.46667826175689697,0.13413073122501401,0.79881614446640004),(-0.466697007417679,0.13814477622509,0.77830117940902699),(-0.473951756954193,0.135765716433525,0.79914259910583496),(-0.47470116615295399,0.139943942427635,0.77866059541702304),(-0.463353842496872,0.148297369480133,0.80193662643432595),(-0.45396068692207298,0.144534736871719,0.816938996315002),(-0.46303838491439803,0.15373475849628401,0.78173530101776101),(-0.45608040690422103,0.14666247367858901,0.80161005258560203),(-0.45503425598144498,0.15193556249141699,0.78137594461440996),(-0.459404796361923,0.13249583542346999,0.79848951101303101),(-0.45869281888008101,0.136345580220222,0.77794188261032104),(-0.47062736749648998,0.14993235468864399,0.80226308107376099),(-0.47104260325431802,0.15553392469883001,0.78209471702575695),(-0.470938980579376,0.11594960838556299,0.79494345188140902),(-0.48050320148468001,0.112966008484364,0.80990785360336304),(-0.47099801898002602,0.119058363139629,0.778062403202057),(-0.477903991937637,0.117515221238136,0.79525607824325595),(-0.47817805409431502,0.120672293007374,0.77838474512100198),(-0.467755407094955,0.12951543927192699,0.79793173074722301),(-0.45817363262176503,0.12658098340034499,0.812990963459015),(-0.46771618723869302,0.13304316997528101,0.78114295005798295),(-0.460790514945984,0.127949833869934,0.79761898517608598),(-0.46053615212440502,0.13142918050289201,0.78082060813903797),(-0.463973999023438,0.114384010434151,0.79463082551956199),(-0.46381795406341603,0.11744437366724,0.77774006128311202),(-0.474720448255539,0.13108104467392001,0.79824435710907005),(-0.47489631175994901,0.13465707004070299,0.78146523237228405),(-0.47523194551467901,0.097181551158428206,0.79329109191894498),(-0.47540655732154802,0.099166780710220295,0.77945876121520996),(-0.48204621672630299,0.098713308572769207,0.79359692335128795),(-0.48243123292923001,0.100745812058449,0.779774129390717),(-0.47211733460426297,0.11045391112566,0.796214699745178),(-0.472195744514465,0.112849049270153,0.78247261047363303),(-0.465302914381027,0.10892216861248,0.79590874910354603),(-0.46517094969749501,0.11127001792192499,0.782157242298126),(-0.46654650568962103,0.090897835791111006,0.80515122413635298),(-0.46841758489608798,0.095649801194667802,0.79298520088195801),(-0.46838176250457803,0.097587749361991896,0.77914339303970304),(-0.47893163561821001,0.111985668540001,0.79652053117752097),(-0.479220420122147,0.114428080618382,0.78278797864913896),(-0.458349019289017,0.17971622943878199,0.75610160827636697),(-0.454928338527679,0.16602861881256101,0.753115653991699),(-0.48182216286659202,0.106301136314869,0.74854272603988603),(-0.47727879881858798,0.11622342467308,0.74623692035675004),(-0.47264200448989901,0.117156349122524,0.75096303224563599),(-0.46451571583747903,0.12581875920295699,0.74088978767394997),(-0.46793639659881597,0.13950641453266099,0.74387568235397294),(-0.46944808959960899,0.162458330392838,0.74299615621566795),(-0.467784404754639,0.160109162330627,0.73798733949661299),(-0.45972695946693398,0.14735445380210899,0.73972737789154097),(-0.46456322073936501,0.17206116020679499,0.74989491701126099),(-0.47415050864219699,0.13185128569603,0.73766905069351196),(-0.45432946085929898,0.207738667726517,0.81854921579360995),(-0.44950047135353099,0.206653192639351,0.81833249330520597),(-0.45129430294036899,0.199570968747139,0.81383466720581099),(-0.447121351957321,0.184449031949043,0.83269232511520397),(-0.45351108908653298,0.185885339975357,0.83297920227050803),(-0.45240262150764499,0.194093987345695,0.81657022237777699),(-0.46000033617019698,0.19580182433128401,0.81691133975982699),(-0.459901303052902,0.187321707606316,0.83326601982116699),(-0.45714691281318698,0.19819529354572299,0.84017145633697499),(-0.45056331157684298,0.197523653507233,0.84037029743194602),(-0.44912797212600702,0.20702280104160301,0.82478094100952104),(-0.44436696171760598,0.19532258808612801,0.83959782123565696),(-0.44480493664741499,0.192386195063591,0.81622916460037198),(-0.444671541452408,0.205567747354507,0.81811559200286899),(-0.446465343236923,0.198485538363457,0.81361782550811801),(-0.45544275641441301,0.17472521960735299,0.84583455324172996),(-0.46445080637931802,0.17675004899501801,0.84623891115188599),(-0.45128715038299599,0.19113196432590501,0.856253921985626),(-0.442552119493484,0.188029140233994,0.85516488552093495),(-0.446434646844864,0.172700390219688,0.84543025493621804),(-0.46056804060936002,0.19207878410816201,0.855973720550537),(-0.45672562718391402,0.208730593323708,0.82512199878692605),(-0.45612314343452498,0.200656443834305,0.81405133008956898),(-0.44153031706809998,0.20531494915485399,0.82443994283676103),(-0.25510650873184199,-0.0122881969437003,1.1638050079345701),(-0.218340173363686,0.043108839541673702,1.6523360013961801),(-0.20245671272277799,0.035035472363233601,1.6547212600707999),(-0.19966222345828999,0.058455079793930102,1.66607093811035),(-0.237064003944397,0.065827779471874195,1.6412979364395099),(-0.213694512844086,0.068562768399715396,1.6645771265029901),(-0.24650326371192899,0.101251810789108,1.62621974945068),(-0.22617237269878401,0.083679720759391799,1.65961802005768),(-0.22617234289646099,0.145359367132187,1.6362484693527199),(-0.23510012030601499,0.141048103570938,1.6111415624618499),(-0.212252452969551,0.15913715958595301,1.6284543275833101),(-0.21412259340286299,0.15927284955978399,1.6001033782959),(-0.18038421869278001,0.173666551709175,1.6253235340118399),(-0.18038421869278001,0.180844366550446,1.59606325626373),(-0.19662711024284399,0.17375788092613201,1.5968886613845801),(-0.18038421869278001,0.175764679908752,1.44751608371735),(-0.19866622984409299,0.171540766954422,1.4500572681427),(-0.196986898779869,0.17159591615200001,1.48174941539764),(-0.18038421869278001,0.177775964140892,1.4815628528595),(-0.197383463382721,0.18430927395820601,1.5283461809158301),(-0.18038421869278001,0.19269123673439001,1.5272146463394201),(-0.197217732667923,0.17356541752815199,1.5641185045242301),(-0.18038421869278001,0.17974442243576,1.5632970333099401),(-0.218333721160889,0.15641868114471399,1.48765504360199),(-0.21734674274921401,0.152231320738792,1.46059274673462),(-0.23219874501228299,0.12768435478210399,1.4724192619323699),(-0.21737691760063199,0.16545341908931699,1.5321919918060301),(-0.23436413705348999,0.13218738138675701,1.49883556365967),(-0.214740991592407,0.15797951817512501,1.5679792165756199),(-0.24058715999126401,0.13860169053077701,1.5409334897995),(-0.237603634595871,0.13911114633083299,1.57655036449432),(-0.24237123131752,0.082029700279235798,1.49248075485229),(-0.24742698669433599,0.086598731577396407,1.51610851287842),(-0.25463488698005698,0.089575774967670399,1.55594193935394),(-0.25081893801689098,0.092990472912788405,1.5940248966217001),(-0.23339304327964799,0.047077208757400499,1.50483906269073),(-0.23636241257190699,0.045458983629941899,1.53338134288788),(-0.24258543550968201,0.044998757541179699,1.57451713085175),(-0.239601910114288,0.051318679004907601,1.61149930953979),(-0.21996752917766599,0.029670132324099499,1.5108324289321899),(-0.22085677087307001,0.016525737941265099,1.5450128316879299),(-0.22354276478290599,0.018176773563027399,1.5881150960922199),(-0.219958335161209,0.0257102455943823,1.6242915391921999),(-0.19908854365348799,0.0193367935717106,1.5145859718322801),(-0.20017623901367201,0.0052791661582887199,1.55027067661285),(-0.20313367247581501,0.0070654023438692102,1.5935585498809799),(-0.203350514173508,0.015964416787028299,1.6285320520401001),(-0.19705918431281999,0.1682059019804,1.6256732940673799),(-0.197295337915421,0.14397941529750799,1.6493954658508301),(-0.18038423359394101,0.14520849287509899,1.6512414216995199),(-0.21293431520462,0.086112298071384402,1.6652125120162999),(-0.19888353347778301,0.0860266983509064,1.66869103908539),(-0.18038426339626301,0.0528398752212524,1.6661362648010301),(-0.18038423359394101,0.115574799478054,1.66609919071198),(-0.19883368909359,0.114319525659084,1.66392421722412),(-0.21283458173274999,0.113064251840115,1.66174924373627),(-0.23500910401344299,0.114519558846951,1.6479332447052),(-0.20975793898105599,0.14275032281875599,1.64754951000214),(-0.18038427829742401,0.0122750578448176,1.4979287385940601),(-0.18038427829742401,0.0135004809126258,1.5166034698486299),(-0.18038427829742401,0.0098243420943617803,1.6308732032775899),(-0.18038426339626301,0.030370730906724899,1.65420258045197),(-0.18038427829742401,0.000388138432754204,1.59604704380035),(-0.18038427829742401,0.000374594063032418,1.55259585380554),(-0.30806124210357699,-0.020171942189335799,0.034541726112365702),(-0.30324363708496099,0.0166728720068932,0.035465970635414103),(-0.36172837018966703,-0.026375589892268202,0.035249803215265302),(-0.351321071386337,-0.035559907555580098,0.035124573856592199),(-0.39404603838920599,0.13657350838184401,0.0217211190611124),(-0.39737197756767301,0.13596776127815199,0.017523329704999899),(-0.39456531405448902,0.123660787940025,0.0191102921962738),(-0.39497676491737399,0.13622476160526301,-0.0010556601919233799),(-0.38138028979301503,0.13799390196800199,-0.0030906924512237302),(-0.37995165586471602,0.12597049772739399,-0.00266736489720643),(-0.32188463211059598,0.158794075250626,0.025162432342767702),(-0.33857509493827798,0.15785230696201299,0.0257947649806738),(-0.33934062719345098,0.13866239786148099,0.034170594066381503),(-0.36781561374664301,0.055832974612712902,0.0037348535843193501),(-0.36076849699020402,1.03988597288662E-07,-1.0851769616238E-07),(-0.37287172675132801,0.0080711860209703393,0.00513559998944402),(-0.37881934642791698,0.045864786952734,0.036446969956159599),(-0.37590920925140398,0.00735363410785794,0.036492329090833699),(-0.31513524055481001,0.062128275632858297,0.035521857440471601),(-0.31935882568359403,0.097525522112846402,0.029474165290594101),(-0.35184931755065901,-0.027983335778117201,0.0047711976803839198),(-0.36277824640273998,-0.0220395755022764,0.00491270469501615),(-0.32004281878471402,0.0046406192705035201,-0.000547471805475652),(-0.30998748540878301,0.0137265315279365,0.0047084745019674301),(-0.312147706747055,-0.012691483832895799,0.0047301780432462701),(-0.321490108966827,-0.024435611441731502,0.0048730955459177503),(-0.330874353647232,-0.028448449447751,0.0050014723092317599),(-0.33200240135192899,-0.0028689436148852101,-0.00038491227314807502),(-0.34087389707565302,-0.029616978019475899,0.0046261092647910101),(-0.34541639685630798,-0.0043974178843200198,-0.00020444733672775301),(-0.33132466673851002,0.060473512858152403,0.0031874903943389702),(-0.32025998830795299,0.062363617122173302,0.017642373219132399),(-0.339187562465668,0.059095036238431903,0.0033500497229397301),(-0.352601587772369,0.057566560804843903,0.0035304061602801102),(-0.38182985782623302,0.137967944145203,0.025160804390907301),(-0.39052867889404302,0.125485569238663,0.026134315878152799),(-0.36610326170921298,0.147773623466492,0.0268838480114937),(-0.37868928909301802,0.12863612174987801,0.029529184103012099),(-0.35188743472099299,0.15329414606094399,0.0263100061565638),(-0.36323037743568398,0.132650852203369,0.0320614464581013),(-0.35016173124313399,0.13596606254577601,0.033021610230207402),(-0.33811461925506597,0.15661714971065499,-0.0030906924512237302),(-0.32144486904144298,0.15975868701934801,-0.0020505504216998798),(-0.32137352228164701,0.140921205282211,0.0035343128256499802),(-0.35142216086387601,0.153320968151093,-0.0030906924512237302),(-0.33683505654335,0.136866450309753,-0.0025578706990927501),(-0.34959244728088401,0.13364638388156899,-0.0025297645479440702),(-0.36370503902435303,0.13008098304271701,-0.0025500573683530101),(-0.365638017654419,0.14780049026012401,-0.0030906924512237302),(-0.31678280234336897,-0.031531605869531597,0.034660227596759803),(-0.32848069071769698,-0.0380286760628223,0.0346262603998184),(-0.33646941184997597,-0.038960438221692997,0.034733586013317101),(-0.328130483627319,0.20060633122921001,0.0097125507891178096),(-0.32800000905990601,0.200130179524422,0.0038961109239608002),(-0.33944943547248801,0.198825553059578,0.0040499889291822902),(-0.34029141068458602,0.17777498066425301,-0.0024023647420108301),(-0.34050422906875599,0.17855156958103199,0.0070836013182997704),(-0.34042808413505599,0.19136764109134699,0.0047645778395235504),(-0.34071707725524902,0.179328113794327,0.016569567844271701),(-0.32281312346458402,0.18136823177337599,0.0163288749754429),(-0.325429677963257,0.19381886720657299,0.013351691886782599),(-0.32049337029457098,0.18083174526691401,0.0068148029968142501),(-0.32318431138992298,0.19333255290985099,0.0045326757244765802),(-0.32503512501716603,0.192379415035248,-0.0042315390892326797),(-0.32238739728927601,0.179815098643303,-0.00264305691234767),(-0.387655079364777,0.16593688726425199,0.0037780436687171498),(-0.39453929662704501,0.16515246033668499,0.0038705007173121002),(-0.39464125037193298,0.16552442312240601,0.0084145702421665192),(-0.395875334739685,0.14972843229770699,-0.00274083134718239),(-0.398072570562363,0.15021955966949499,0.00606928626075387),(-0.39769884943962103,0.15618292987346599,0.0047350609675049799),(-0.39626950025558499,0.15116648375988001,0.014825578778982201),(-0.38380447030067399,0.15258681774139399,0.014658028259873401),(-0.38452604413032498,0.15837100148201,0.0126945087686181),(-0.383607387542725,0.15186779201030701,0.0058747138828039204),(-0.38434341549873402,0.15770471096038799,0.0045554642565548403),(-0.383410334587097,0.151148751378059,-0.0029084912966936801),(-0.39557185769081099,0.155738160014153,-0.0034302442800253599),(-0.37497800588607799,0.17963521182537101,0.0035547141451388602),(-0.381862223148346,0.17885076999664301,0.0036472796928137502),(-0.38196420669555697,0.179222762584686,0.0081911329180002195),(-0.382704198360443,0.161376267671585,-0.0022964514791965502),(-0.382901281118393,0.16209530830383301,0.0064866454340517504),(-0.383077383041382,0.170102804899216,0.0044851447455585003),(-0.38309833407402,0.16281434893608099,0.015269850380718699),(-0.36984577775001498,0.16432441771030401,0.0150917731225491),(-0.37184897065162698,0.172069326043129,0.0124708535149693),(-0.36964866518974299,0.163605391979218,0.0063085677102208103),(-0.37148374319076499,0.170736759901047,-0.0038071263115853102),(-0.36945158243179299,0.16288638114929199,-0.0024747459683567299),(-0.36122995615005499,0.18809664249420199,0.0078634088858962094),(-0.36112800240516701,0.187724649906158,0.00331944786012173),(-0.36801224946975702,0.18694019317627,0.00341201340779662),(-0.36782890558242798,0.167420193552971,-0.0023388818372041),(-0.36802598834037797,0.16813923418521901,0.0064442148432135599),(-0.36922737956047103,0.178192228078842,0.0042502041906118402),(-0.36941000819206199,0.17885851860046401,0.0123891402035952),(-0.36822304129600503,0.16885824501514399,0.015227311290800599),(-0.35563835501670799,0.170292213559151,0.0150583498179913),(-0.35544130206108099,0.16957318782806399,0.0062750359065830699),(-0.35781630873680098,0.17949245870113401,0.0040967599488794804),(-0.35524421930313099,0.16885417699813801,-0.0025081695057451699),(-0.36904475092887901,0.17752592265605899,-0.0038888400886207802),(-0.34693452715873702,0.19490849971771201,0.0076322667300701098),(-0.34683260321617099,0.194536492228508,0.0030884137377142902),(-0.353716850280762,0.193752065300941,0.0031809792853891802),(-0.35474935173988298,0.18433779478073101,-0.0041198744438588602),(-0.35332396626472501,0.172534704208374,-0.0024085503537207799),(-0.35352101922035201,0.173253744840622,0.0063747633248567599),(-0.353718101978302,0.17397275567054701,0.015157860703766299),(-0.34162184596061701,0.17535108327865601,0.014995192177593699),(-0.34370353817939803,0.18697063624858901,0.012004553340375399),(-0.34142476320266701,0.17463207244873,0.0062120957300066896),(-0.34352093935012801,0.186304330825806,0.0038657258264720401),(-0.34333831071853599,0.18563802540302299,-0.0042734267190098797),(-0.34122771024704002,0.17391303181648299,-0.0025712181814014899),(-0.34032601118087802,0.197590157389641,0.0041703348979353896),(-0.34015935659408603,0.19698204100132,-0.00325813540257514),(-0.34062534570693997,0.19208736717701,0.013555922545492601),(-0.32701358199119601,0.199734196066856,0.0114172557368875),(-0.32684689760208102,0.19912607967853499,0.0039890022017061702),(-0.340230792760849,0.19064792990684501,-0.0040272003971040197),(-0.395603567361832,0.163700461387634,0.0040118992328643799),(-0.395457893610001,0.16316902637481701,-0.00247962935827672),(-0.39593705534934998,0.15707077085971799,0.012847844511270501),(-0.38641241192817699,0.165295764803886,0.010378089733421801),(-0.38626676797866799,0.164764329791069,0.0038863441441208098),(-0.38612109422683699,0.16423290967941301,-0.0026051844470202901),(-0.38289478421211198,0.16943649947643299,-0.0036537908017635302),(-0.38292649388313299,0.177398771047592,0.0037884612102061501),(-0.37373536825180098,0.17899411916732799,0.010154543444514301),(-0.38307219743728599,0.17793023586273199,0.010280206799507099),(-0.37166631221771201,0.17140306532383001,0.0043318094685673696),(-0.37358972430229198,0.17846268415451,0.0036630148533731699),(-0.38278082013130199,0.176867365837097,-0.0027031758800148999),(-0.37344405055046098,0.177931234240532,-0.0028287307359278202),(-0.36907649040222201,0.18548822402954099,0.0035533034242689601),(-0.36893084645271301,0.184956759214401,-0.0029382251668721398),(-0.357998937368393,0.18015876412391699,0.0122356954962015),(-0.359885364770889,0.18708352744579301,0.0099193854257464392),(-0.359739720821381,0.18655210733413699,0.0034277485683560402),(-0.35763373970985401,0.178826183080673,-0.0040423925966024399),(-0.354931980371475,0.18500410020351399,0.0040191700682044003),(-0.35478109121322599,0.19230006635189101,0.0033222693018615198),(-0.35511460900306702,0.185670390725136,0.0121579971164465),(-0.34558996558189398,0.193895414471626,0.0096883513033389993),(-0.34544432163238498,0.19336396455764801,0.0031968227121978998),(-0.35463544726371798,0.19176864624023399,-0.0031693677883595198),(-0.33931893110275302,0.19834937155246701,-0.0017664510523900401),(-0.33957993984222401,0.19930170476436601,0.0098664285615086608),(-0.32786947488784801,0.19965399801731101,-0.00192043767310679),(-0.39443734288215598,0.164780452847481,-0.00067335233325138699),(-0.38775703310966497,0.16630886495113401,0.0083220051601529104),(-0.38176029920577997,0.17847879230976099,-0.00089679023949429404),(-0.37507995963096602,0.180007189512253,0.0080985669046640396),(-0.368114173412323,0.18731218576431299,0.0079559748992323893),(-0.35959404706955,0.18602067232132,-0.0030637800227850702),(-0.367910265922546,0.18656821548938801,-0.0011319480836391399),(-0.35361489653587302,0.193380087614059,-0.0013628737069666401),(-0.35381880402565002,0.19412404298782299,0.0077248322777450102),(-0.34529864788055398,0.19283255934715299,-0.0032949228771030899),(-0.33887732028961198,0.16023279726505299,-0.000547471805475652),(-0.35165876150131198,0.15877640247345001,-0.00037557975156232698),(-0.339164078235626,0.16021625697612801,0.020833661779761301),(-0.33839446306228599,0.15786272287368799,0.0135458298027515),(-0.33905154466629001,0.160222768783569,0.0122224567458034),(-0.35194554924964899,0.15875984728336301,0.021005228161811801),(-0.35170200467109702,0.15330485999584201,0.0104611059650779),(-0.351833045482635,0.158766359090805,0.0139686148613691),(-0.33956196904182401,0.167578876018524,-0.00027303051319904598),(-0.32152658700942999,0.17094783484935799,-0.00050764577463269201),(-0.32184225320816001,0.17092964053154,0.0211699586361647),(-0.31809428334236101,0.158918216824532,0.015180540271103399),(-0.31887033581733698,0.171261131763458,0.0106803113594651),(-0.33968350291252097,0.168580561876297,0.021900825202465099),(-0.33975064754486101,0.16756799817085299,0.011643840000033399),(-0.35262000560760498,0.15693873167038,-0.00036136392736807498),(-0.36637830734252902,0.15537104010582001,-0.00017644977197050999),(-0.352794289588928,0.15692867338657401,0.013982939533889301),(-0.35290679335594199,0.156922191381454,0.021019659936428101),(-0.36666509509086598,0.15535445511341101,0.021204574033618001),(-0.36591786146163902,0.14778435230255099,0.0099451038986444508),(-0.36655259132385298,0.15536096692085299,0.0141678536310792),(-0.36719104647636402,0.153107389807701,-0.00016375319682993),(-0.38228520750999501,0.15138743817806199,3.9066369936335798E-05),(-0.36736533045768699,0.15309731662273399,0.0141804413869977),(-0.36747783422470098,0.153090834617615,0.020855365321040199),(-0.38257199525833102,0.15137088298797599,0.0210581850260496),(-0.38166013360023499,0.13797774910926799,0.0136077934876084),(-0.38245949149131803,0.15137736499309501,0.0143833691254258),(-0.38276997208595298,0.14742569625377699,-0.00042365308036096399),(-0.39628899097442599,0.145885244011879,-0.00024177742307074401),(-0.383056730031967,0.14740912616252899,0.0188332460820675),(-0.382944226264954,0.14741563796997101,0.010639617219567301),(-0.39657574892044101,0.14586870372295399,0.019015122205019001),(-0.39851915836334201,0.145640924572945,0.0108489478006959),(-0.34673064947128301,0.194164529442787,-0.00145543937105685),(-0.35492676496505698,0.192831516265869,0.0098136896267533302),(-0.36102604866027799,0.18735267221927601,-0.0012244051322341),(-0.36922216415405301,0.18601962924003601,0.010044831782579399),(-0.37487605214119002,0.17926323413848899,-0.00098924734629690604),(-0.38755309581756597,0.165564894676208,-0.00076580938184633905),(-0.39574921131134,0.16423189640045199,0.010503536090254799),(-0.32668021321296697,0.19851794838905301,-0.0034392513334751099),(-0.34049266576767001,0.19819828867912301,0.0115983709692955),(-0.38326004147529602,0.17076909542083701,0.0126241892576218),(-0.384160786867142,0.15703840553760501,-0.00358368828892708),(-0.322753846645355,0.098071940243244199,0.018308021128177601),(-0.37771654129028298,0.054749082773923902,0.0110278939828277),(-0.391485095024109,0.123273327946663,0.00073216890450566996),(-0.38397526741027799,0.089747317135334001,0.0073404624126851602),(-0.39071431756019598,0.105713970959187,0.023814424872398401),(-0.38686332106590299,0.087767153978347806,0.028518775478005399),(-0.37997898459434498,0.086938321590423598,0.045307330787181903),(-0.35773876309394798,0.093867287039756803,0.00287398276850581),(-0.34362807869911199,0.095885820686817197,0.0031451683025807099),(-0.33513674139976501,0.097706280648708302,0.0033898758701980101),(-0.33317816257476801,0.093840338289737701,0.055604685097932802),(-0.34379872679710399,0.092600971460342393,0.056443307548761402),(-0.35333546996116599,0.091187812387943296,0.055636912584304803),(-0.37027212977409402,0.087836131453514099,0.052143730223178898),(-0.32275608181953402,0.120575949549675,0.0094791296869516407),(-0.319571644067764,0.121143586933613,0.0238428562879562),(-0.37374305725097701,0.091577887535095201,0.0025661180261522501),(-0.31839972734451299,0.14260293543338801,0.0182115491479635),(-0.327922582626343,0.0952334254980087,0.050703484565019601),(-0.38773018121719399,0.10651031136512799,0.0040363157168030704),(-0.360721915960312,0.111974127590656,0.00016190840688068401),(-0.37684732675552401,0.10877418518066399,-5.05692478327546E-05),(-0.346610277891159,0.114766091108322,0.00030775618506595498),(-0.33386856317520103,0.117286361753941,0.00041594833601266102),(-0.34698024392128002,0.114283517003059,0.044732406735420199),(-0.336259424686432,0.11625137925148001,0.0448875837028027),(-0.35828292369842502,0.111919328570366,0.043849289417266797),(-0.37448069453239402,0.108236126601696,0.040836401283740997),(-0.385253846645355,0.106211952865124,0.035720877349376699),(-0.32511582970619202,0.119947589933872,0.041663631796836902),(-0.094379149377345997,-0.038831569254398297,1.3646092414855999),(-0.156442165374756,-0.044943787157535602,1.37376737594604),(-0.15518033504486101,-0.0579879656434059,1.3363407850265501),(-0.085102565586566897,-0.0464629791676998,1.3287330865860001),(-0.024271504953503598,-0.0091587845236063004,1.3102717399597199),(-0.0673638209700584,0.079138860106468201,1.4170790910720801),(-0.050425667315721498,0.0387275330722332,1.4097423553466799),(0.0069538196548819499,0.017702849581837699,1.3756465911865201),(-0.061212878674268702,0.00552742974832654,1.40636539459229),(-0.049915544688701602,0.103994570672512,1.37400031089783),(-0.038701899349689498,0.120837397873402,1.3363406658172601),(-0.0876355841755867,0.16620185971260101,1.31088018417358),(-0.14273115992546101,0.13800060749053999,1.37419629096985),(-0.139484047889709,0.175599440932274,1.30999076366425),(-0.147998496890068,0.186621949076653,1.0296999216079701),(-0.138936877250671,0.179279774427414,0.94738554954528797),(-0.13972938060760501,0.195046782493591,1.1638048887252801),(-0.14819775521755199,0.19083435833454099,1.0913786888122601),(-0.133767575025558,0.20172497630119299,1.22725522518158),(-0.13449703156948101,0.19647458195686299,1.2150311470031701),(-0.117753438651562,0.180258929729462,1.03149938583374),(-0.073471635580062894,0.14549072086811099,1.04133272171021),(-0.067912384867668193,0.14269693195819899,0.97388976812362704),(-0.105661951005459,0.18769025802612299,1.1638048887252801),(-0.055783785879611997,0.147840231657028,1.1638048887252801),(-0.068961516022682204,0.14666548371315,1.09719491004944),(-0.015649352222681,0.12102627009153399,1.2750942707061801),(-0.0272243358194828,0.12440138310194,1.2309590578079199),(-0.073897361755371094,0.18250772356987,1.2150311470031701),(-0.069468982517719297,0.18683657050132799,1.22725522518158),(-0.057263385504484197,0.097996480762958499,1.05476486682892),(-0.051358625292778001,0.100454725325108,0.98746055364608798),(-0.0358269102871418,0.096901543438434601,1.16750335693359),(-0.051729079335927998,0.095463477075099903,1.1039110422134399),(0.0253315549343824,0.118788726627827,1.2875831127166699),(-0.0185889434069395,0.091091692447662395,1.21122026443481),(-0.0060637216083705399,0.093069955706596402,1.34132099151611),(-0.023104149848222701,0.086129456758499104,1.36948502063751),(-0.0069175115786492799,0.051000125706195797,1.3766381740570099),(-0.073471650481224102,0.050502244383096702,1.06819725036621),(-0.070138528943061801,0.058212514966726303,0.99936884641647294),(-0.055783808231353801,0.038020808249711997,1.1638048887252801),(-0.068961530923843398,0.044261500239372302,1.1106271743774401),(-0.0014689583331346501,0.0154447751119733,1.26818907260895),(-0.0296309143304825,0.018841998651623702,1.2334073781967201),(0.093737363815307603,0.15633824467658999,1.4044703245162999),(0.078902669250965105,0.067320786416530595,1.33896172046661),(-0.112633399665356,0.015734052285552001,1.07803046703339),(-0.111255310475826,0.0147918192669749,1.0030211210250899),(-0.105662025511265,-0.012288245372474201,1.1638050079345701),(-0.11348152905702601,0.00677903555333614,1.1155437231063801),(-0.076809048652648898,-0.030588326975703201,1.24609291553497),(-0.083072461187839494,-0.022476719692349399,1.2148858308792101),(-0.15705716609954801,0.0141881564632058,1.0794427394866899),(-0.16253553330898299,0.00937499199062586,0.99774879217147805),(-0.15186707675457001,-0.0196447595953941,1.1638051271438601),(-0.155406728386879,0.00232784333638847,1.11624991893768),(-0.149466782808304,-0.046202268451452297,1.2465007305145299),(-0.14944833517074599,-0.035962399095296901,1.21417856216431),(-0.14821380376815799,0.109804414212704,1.43442630767822),(-0.11224937438964799,0.104533359408379,1.41354084014893),(-0.14631682634353599,0.109180882573128,1.41155934333801),(-0.10662441700696899,0.057209897786378902,1.4473503828048699),(-0.16035723686218301,-0.0234027244150639,1.4158310890197801),(-0.17116808891296401,0.0015666307881474499,1.46161925792694),(-0.106594540178776,-0.020599851384758901,1.4085967540741),(-0.118529692292213,0.027231957763433502,1.4554797410964999),(-0.118529684841633,0.087187848985195202,1.4413013458252),(-0.15161426365375499,0.122925966978073,1.45865023136139),(-0.14896629750728599,0.022731982171535499,1.4942605495452901),(-0.14821383357048001,0.0095049776136875205,1.4606695175170901),(-0.16645982861518899,0.121817104518414,1.43347656726837),(-0.16496016085147899,0.126969769597054,1.4571826457977299),(-0.132074519991875,0.043006163090467502,1.4872673749923699),(-0.12492248415946999,0.073189318180084201,1.47631299495697),(-0.16496019065380099,0.016318829730153101,1.49646103382111),(0.0060061151161789903,-0.00077809422509744796,1.3681514263153101),(0.048645041882991798,0.0091456789523363096,1.36051750183105),(0.031973607838153797,0.018309386447072001,1.3687391281127901),(0.0074256467632949404,0.035864789038896602,1.3580745458602901),(0.0411908626556396,0.075063347816467299,1.40525639057159),(0.068640150129795102,0.068117924034595503,1.39109086990356),(-0.0036852527409791899,-0.0167076680809259,1.34748888015747),(-0.039670415222644799,-0.017730923369526901,1.3590780496597299),(-0.00981687940657139,0.118256695568562,1.33833384513855),(0.0061721620149910398,0.086158148944377899,1.3904000520706199),(0.013456744141876699,0.14707300066947901,1.4451992511749301),(0.044852860271930702,0.00246038660407066,1.32993364334106),(-0.10507809370756099,0.13169285655021701,1.37411677837372),(0.080120868980884594,0.24046307802200301,1.45705819129944),(0.075038924813270597,0.16915719211101499,1.3684209585189799),(0.041735857725143398,0.179976060986519,1.3624457120895399),(0.048651404678821598,0.13554826378822299,1.45128786563873),(0.062903814017772702,0.206766992807388,1.5037810802459699),(0.0098035233095288294,0.188533559441566,1.38843441009521),(0.081047654151916504,0.13799932599067699,1.4392664432525599),(0.11365349590778399,0.37351879477500899,1.6324386596679701),(0.11377840489149101,0.384640902280807,1.61637103557587),(0.12325825542211501,0.43078553676605202,1.6616909503936801),(0.099172525107860607,0.39494851231575001,1.60623323917389),(0.11179509758949301,0.43701279163360601,1.65390336513519),(0.034767877310514499,0.249534532427788,1.4704228639602701),(-0.0025321505963802299,0.17069272696971899,1.4141972064971899),(0.039810437709093101,0.21841444075107599,1.50441634654999),(0.084650732576847104,0.209165990352631,1.49050748348236),(0.091772109270095797,0.22308239340782199,1.4711229801178001),(0.076277531683445005,0.371586203575134,1.64912629127502),(0.100097194314003,0.36782407760620101,1.64463758468628),(0.10893304646015201,0.41854745149612399,1.68264007568359),(0.080135315656662001,0.39828369021415699,1.60711586475372),(0.097733162343502003,0.43954581022262601,1.65429711341858),(0.061765931546688101,0.39323642849922202,1.6223444938659699),(0.0731244087219238,0.42630892992019698,1.6778304576873799),(0.061109665781259502,0.381906628608704,1.63931429386139),(0.027273423969745601,0.27743765711784402,1.4930117130279501),(0.0282029304653406,0.23673486709594699,1.49128365516663),(0.035683896392583798,0.32440215349197399,1.5403406620025599),(0.021442435681819898,0.26129508018493702,1.51876103878021),(0.043810024857521099,0.35868158936500499,1.5785778760910001),(0.033830776810646099,0.30731317400932301,1.56593942642212),(0.0445649921894073,0.34304723143577598,1.60156357288361),(0.064547836780548096,0.225260704755783,1.53044998645782),(0.088754393160343198,0.22652527689933799,1.51165163516998),(0.103465773165226,0.27821612358093301,1.5502353906631501),(0.081703737378120395,0.27542424201965299,1.5721421241760301),(0.107804760336876,0.32125943899154702,1.5828163623809799),(0.089668355882167802,0.31714391708374001,1.6040133237838701),(0.037371851503849002,0.23971867561340299,1.5338715314865099),(0.053110416978597599,0.28720590472221402,1.5788642168045),(0.063743889331817599,0.32600650191307101,1.61187672615051),(0.056595072150230401,0.25115790963172901,1.4566618204116799),(0.058357831090688699,0.32801651954650901,1.51732397079468),(0.0521672032773495,0.27858296036720298,1.4727685451507599),(0.062515020370483398,0.36335504055023199,1.55664122104645),(0.0880736634135246,0.315475404262543,1.5110985040664699),(0.080931395292282104,0.26426941156387301,1.4709893465042101),(0.089217416942119598,0.35400557518005399,1.5490807294845601),(0.10655055940151199,0.29458287358284002,1.5250647068023699),(0.095886670053005205,0.24259860813617701,1.48728203773499),(0.107832543551922,0.336500644683838,1.5600334405898999),(-0.11604151874780699,0.183974593877792,1.09227848052979),(-0.107452034950256,0.17362037301063499,0.95799380540847801),(-0.166762486100197,-0.0086165023967623693,0.83692407608032204),(-0.170167461037636,-0.024410335347056399,0.91748946905136097),(-0.14986033737659499,0.17778682708740201,0.84885799884796098),(-0.16632175445556599,0.17410908639431,0.81504166126251198),(-0.17004927992820701,0.092181406915187794,0.79783642292022705),(-0.151365771889687,0.14802044630050701,0.69799762964248702),(-0.157524764537811,0.15310283005237599,0.75606334209442105),(-0.123715907335281,0.18600441515445701,0.78837805986404397),(-0.15963025391101801,0.090201318264007596,0.69410824775695801),(-0.16528977453708599,0.090052448213100406,0.74844032526016202),(-0.081199750304222107,0.179115295410156,0.81011241674423196),(-0.073850296437740298,0.17200717329978901,0.72720259428024303),(-0.12683060765266399,-0.022527018561959301,0.82374328374862704),(-0.15498888492584201,0.014835647307336299,0.77667349576950095),(-0.148153871297836,0.021019702777266499,0.69922804832458496),(-0.040355775505304302,0.14147280156612399,0.83190125226974498),(-0.028464892879128501,0.137431874871254,0.74459505081176802),(-0.018612354993820201,0.090052209794521304,0.843553066253662),(-0.083881571888923603,-0.016273312270641299,0.83949154615402199),(-0.12858675420284299,0.0020676092244684701,0.70622593164444003),(-0.0043038232252001797,0.090201146900653797,0.75385397672653198),(-0.047622125595808001,0.034872896969318397,0.84192985296249401),(-0.036539155989885302,0.042970523238182103,0.74150055646896396),(-0.0515844449400902,0.034385953098535503,0.89125251770019498),(-0.096404090523719801,-0.0260952934622765,0.88610517978668202),(-0.0278690923005342,0.091116659343242604,0.88734418153762795),(-0.153573393821716,-0.032612834125757197,0.86015981435775801),(-0.048077974468469599,0.139764904975891,0.87462067604064897),(-0.086039349436759893,0.17537792026996599,0.85086810588836703),(-0.15839424729347201,0.012727772817015599,0.81710797548294101),(-0.167385429143906,0.091116920113563496,0.77511262893676802),(-0.13262768089771301,0.18189558386802701,0.82631486654281605),(-0.15986119210720101,0.15054355561733199,0.78479081392288197),(-0.090878903865814195,0.171640574932098,0.891623795032501),(-0.055800106376409503,0.13805709779262501,0.91734004020690896),(-0.037125814706087099,0.092181213200092302,0.93113535642623901),(-0.10575675219297399,-0.020017478615045499,0.93421649932861295),(-0.058694317936897299,0.046305347234010703,0.94057530164718595),(-0.17099784314632399,-0.0129379192367196,0.95297330617904696),(-0.10179041326046,0.17163397371769001,0.92179334163665805),(-0.109930165112019,-0.00746307196095586,0.96531766653060902),(-0.067212581634521498,0.050097107887268101,0.96784609556198098),(-0.045637290924787501,0.094582691788673401,0.95746171474456798),(-0.063944265246391296,0.13906829059124001,0.94375222921371504),(-0.13722528517246199,0.17759393155574801,0.90237659215927102),(-0.15324851870536799,0.087393887341022505,0.65307909250259399),(-0.115602381527424,0.17009899020194999,0.65307933092117298),(-0.121093817055225,0.178334936499596,0.70909792184829701),(-0.034221433103084599,0.0430723801255226,0.65307909250259399),(-0.141367211937904,0.022987764328718199,0.65307891368866),(-0.026450278237461999,0.13171543180942499,0.65307933092117298),(-0.082247562706470503,0.0083952751010656392,0.72398406267166104),(-0.12281405925750701,0.0046887914650142202,0.653078854084015),(-0.144458547234535,0.14216591417789501,0.65307921171188399),(-0.070132128894329099,0.164161026477814,0.65307933092117298),(-0.078214183449745206,0.0106267491355538,0.65307891368866),(-0.108878277242184,0.0146018099039793,0.58068692684173595),(-0.0298356264829636,0.12117487937212,0.58068728446960405),(-0.0031960755586624102,0.087393894791603102,0.65307927131652799),(-0.102962844073772,0.15337802469730399,0.58068722486496005),(-0.065665788948535905,0.14839616417884799,0.58068728446960405),(-0.072295121848583194,0.0195836573839188,0.58068698644638095),(-0.13384221494197801,0.083989940583705902,0.58068710565567005),(-0.036209981888532597,0.046804934740066501,0.58068710565567005),(-0.0107613205909729,0.083989888429641696,0.58068722486496005),(-0.0114040980115533,0.082341857254505199,0.53284198045730602),(-0.063351497054099995,0.029108794406056401,0.53284186124801602),(-0.12512175738811501,0.13014811277389501,0.58068716526031505),(-0.089241474866867093,0.13969257473945601,0.53284209966659501),(-0.027506770566105801,0.113075986504555,0.53284209966659501),(-0.032888099551200901,0.051607739180326503,0.53284192085266102),(-0.11531012505292899,0.0823418945074081,0.53284192085266102),(-0.057754959911108003,0.13557493686676,0.53284209966659501),(-0.122586086392403,0.0301597528159618,0.58068692684173595),(-0.094235345721244798,0.024991221725940701,0.53284192085266102),(-0.10604945570230501,0.120682895183563,0.53284198045730602),(-0.087029218673706096,0.096878558397293105,0.47113412618637102),(-0.072395361959934207,0.116250731050968,0.47113412618637102),(-0.0046264301054179703,0.0578063651919365,0.47113418579101601),(-0.103908836841583,0.0380404703319073,0.53284192085266102),(-0.095092006027698503,0.057806450873613399,0.47113418579101601),(-0.085165522992610904,0.0126602249220014,0.47113436460495001),(-0.0186461862176657,0.089126579463481903,0.47113418579101601),(-0.049854360520839698,0.0035581963602453501,0.47113436460495001),(-0.044981699436903,0.112054571509361,0.47113412618637102),(-0.023331416770815801,0.026486186310648901,0.47113430500030501),(-0.048439003527164501,0.085545465350151104,0.38486289978027299),(0.0095835719257593207,0.025372335687279701,0.38486298918724099),(-0.067871496081352206,0.025372382253408401,0.38486304879188499),(-0.076743312180042295,-0.00063787592807784698,0.47113436460495001),(-0.059372603893280002,-0.021109236404299701,0.38486310839652998),(-0.00241989875212312,0.057619016617536503,0.38486289978027299),(-0.029139805585145999,-0.030480489134788499,0.38486316800117498),(-0.024967888370156299,0.081225208938121796,0.38486289978027299),(-0.0064313169568777102,-0.0068743089213967297,0.38486310839652998),(-0.0609682574868202,0.065600268542766599,0.38486295938491799),(0.0049820113927125896,0.0147470515221357,0.10376478731632199),(-0.0021269205026328598,-0.00206448067910969,0.103664077818394),(-0.00042620470048859699,-0.0044437455944716896,0.081211335957050296),(-0.045221634209156002,-0.010025833733379799,0.080705694854259505),(-0.041228018701076501,-0.011003939434886,0.10328670591116),(-0.047016128897666903,0.0146817602217197,0.103211179375648),(-0.030218712985515601,-0.020960170775651901,0.10326093435287501),(-0.00337042612954974,0.035191975533962201,0.10366526991128901),(0.0066559780389070502,0.0137707721441984,0.081346273422241197),(-0.012474847957491901,-0.021265931427478801,0.081104174256324796),(-0.015475469641387501,-0.017963519319891898,0.10358410328626599),(-0.042624954134225797,0.038122612982988399,0.103243298828602),(-0.033725369721651098,0.052943609654903398,0.10332442075014101),(-0.034775305539369597,0.053730282932519899,0.080756209790706607),(-0.016888061538338699,0.055256448686122901,0.0849285498261452),(-0.017547769472003,0.0501487404108047,0.103494085371494),(-0.0479577146470547,0.029772413894534101,0.080647639930248302),(-0.053203422576189,0.072194531559944194,0.30832698941230802),(-0.041166331619024298,0.058105673640966402,0.22939479351043701),(-0.022857358679175401,0.068113446235656697,0.30832710862159701),(-0.034076794981956503,0.050764426589012097,0.15166096389293701),(-0.0188219416886568,0.054996136575937299,0.22939491271972701),(-0.069402657449245495,0.053353425115346902,0.30832719802856401),(-0.078327901661395999,0.0153524037450552,0.30832719802856401),(-0.053094085305929198,0.043749909847974798,0.22939495742321001),(-0.059665929526090601,0.0147954914718866,0.22939495742321001),(-0.042931474745273597,0.039090294390916797,0.15166102349758101),(0.00110878818668425,-0.0151092307642102,0.30832719802856401),(-0.028251253068447099,-0.037408668547868701,0.308327436447144),(-0.022793538868427301,-0.0254051852971315,0.229395121335983),(-0.0011751952115446301,-0.0084143737331032805,0.22939495742321001),(-0.020437549799680699,-0.017146684229373901,0.151661187410355),(0.00629518087953329,0.045813977718353299,0.30832713842392001),(-0.017489211633801498,0.048235755413770703,0.15166096389293701),(0.0026436254847794802,0.0380053333938122,0.22939491271972701),(-0.052161674946546603,-0.034800719469785697,0.38486322760581998),(-0.058016464114189099,-0.041489727795124103,0.308327436447144),(-0.044710207730531699,-0.028514685109257702,0.229395180940628),(-0.034090340137481703,-0.0192257706075907,0.151719510555267),(0.021814640611410099,0.015352363698184501,0.30832719802856401),(-0.00155407073907554,0.034418810158968,0.15166102349758101),(0.0140708843246102,0.0147954672574997,0.229395017027855),(-0.067339569330215496,-0.028556184843182598,0.308327436447144),(-0.051575008779764203,-0.018660143017768901,0.229395121335983),(-0.041803773492574699,-0.011661623604595699,0.151661187410355),(-0.0043890126980841203,-0.0033297487534582602,0.15166112780571001),(0.13963991403579701,0.51249468326568604,1.7336790561676001),(0.14008362591266599,0.49199101328849798,1.7223985195159901),(0.14294263720512401,0.49963891506195102,1.71146357059479),(0.0679348260164261,0.4287289083004,1.69942319393158),(0.058672241866588599,0.43531441688537598,1.68988513946533),(0.080802530050277696,0.51691389083862305,1.72795510292053),(0.073893062770366696,0.49655210971832298,1.7126605510711701),(0.062165036797523499,0.49653527140617398,1.7166835069656401),(0.084326416254043607,0.41948792338371299,1.6860394477844201),(0.084602519869804396,0.43455114960670499,1.70209968090057),(0.120024181902409,0.42261806130409202,1.6740139722824099),(0.132247865200043,0.44275552034378102,1.69003546237946),(0.11824357509613,0.43887087702751199,1.6958826780319201),(0.105092369019985,0.436454087495804,1.6994088888168299),(0.117070876061916,0.521467745304108,1.7211043834686299),(0.13520498573780099,0.52374464273452803,1.71767890453339),(0.134701803326607,0.50564312934875499,1.70298182964325),(0.098936729133129106,0.51919072866439797,1.7245297431945801),(0.11050674319267299,0.49917969107627902,1.7124372720718399),(0.083632096648216206,0.49801838397979697,1.7104737758636499),(0.077351614832878099,0.45391467213630698,1.6751470565795901),(0.097355768084526104,0.45637494325637801,1.6714152097702),(0.089721962809562697,0.47201517224311801,1.68654477596283),(0.10730792582035099,0.46873077750205999,1.6936491727828999),(0.110778458416462,0.45799487829208402,1.6689350605011),(0.126598000526428,0.45714476704597501,1.66972267627716),(0.133001148700714,0.47575137019157399,1.6836006641387899),(0.085473924875259399,0.45171904563903797,1.7181243896484399),(0.10572446137666699,0.45356282591819802,1.71509373188019),(0.104872338473797,0.48465871810913103,1.73299872875214),(0.086511954665183993,0.48305237293243403,1.73567235469818),(0.103977829217911,0.50640279054641701,1.7427171468734699),(0.120781540870667,0.45615231990814198,1.7114551067352299),(0.122780308127403,0.48760634660720797,1.72882151603699),(0.121635153889656,0.50988936424255404,1.73757147789001),(0.138652339577675,0.461092978715897,1.70423376560211),(0.067546911537647206,0.48288315534591703,1.73610019683838),(0.047450296580791501,0.45798170566558799,1.72446990013123),(0.041686519980430603,0.47260254621505698,1.7036755084991499),(0.034600455313921002,0.484280556440353,1.71773374080658),(0.0519754700362682,0.49162310361862199,1.7180804014205899),(0.085843659937381703,0.50412595272064198,1.74614262580872),(0.067232631146907806,0.50305855274200395,1.74784767627716),(0.070161379873752594,0.47354167699813798,1.68283450603485),(0.054502062499523198,0.48750084638595598,1.72625088691711),(0.076483465731144007,0.43472218513488797,1.6653265953064),(0.14202351868152599,0.46899482607841497,1.69293177127838),(0.056127976626157802,0.48108947277069097,1.7330619096755999),(0.064730018377304105,0.50940698385238603,1.73881864547729),(0.059212189167738002,0.48912563920021102,1.7272796630859399),(0.039624575525522197,0.46441635489463801,1.71487629413605),(0.135440409183502,0.45095160603523299,1.6782687902450599),(0.034320343285798999,0.47841468453407299,1.7258110046386701),(0.038752906024456003,0.47374701499938998,1.73271512985229),(0.067703321576118497,0.57203513383865401,1.7871794700622601),(0.074590176343917805,0.57289987802505504,1.78587830066681),(0.073681697249412495,0.57520443201065097,1.7826008796691899),(0.075070179998874706,0.57558733224868797,1.7743830680847199),(0.076499491930007907,0.57196152210235596,1.7795398235321001),(0.076254509389400496,0.55692899227142301,1.76903796195984),(0.077928833663463606,0.56833577156066895,1.78469634056091),(0.065356813371181502,0.56675708293914795,1.78707110881805),(0.0668830797076225,0.55255204439163197,1.7753722667694101),(0.063927419483661693,0.57038295269012496,1.7819143533706701),(0.064937360584735898,0.55550801753997803,1.7711757421493499),(0.075052425265312195,0.55997842550277699,1.7647008895873999),(0.064478814601898193,0.55865079164505005,1.7666981220245399),(0.12989650666713701,0.57294011116027799,1.7705770730972299),(0.136783331632614,0.57380497455596902,1.76927638053894),(0.13587488234043099,0.57610940933227495,1.7659987211227399),(0.138692647218704,0.57286661863327004,1.7629376649856601),(0.136693000793457,0.55946570634841897,1.7540694475173999),(0.13549095392227201,0.56251513957977295,1.7497323751449601),(0.12754997611045801,0.56766223907470703,1.77046918869019),(0.12732160091400099,0.55508857965469405,1.76040363311768),(0.137895181775093,0.55641621351242099,1.75840640068054),(0.12612061202526101,0.57128798961639404,1.7653123140335101),(0.126119494438171,0.55813801288604703,1.7560667991638199),(0.124691277742386,0.57491385936737105,1.7601556777954099),(0.137263298034668,0.57649236917495705,1.7577809095382699),(0.109638601541519,0.57999163866043102,1.78115022182465),(0.116525374352932,0.58085638284683205,1.7798492908477801),(0.115616925060749,0.58316093683242798,1.77657186985016),(0.11843474209308601,0.57991808652877797,1.77351081371307),(0.116929389536381,0.56400483846664395,1.76273906230927),(0.115727230906487,0.56705427169799805,1.7584021091461199),(0.10729204118251801,0.57471364736556996,1.7810422182083101),(0.107557870447636,0.55962759256362904,1.7690732479095499),(0.11813148856163,0.56095528602600098,1.7670761346817001),(0.105862647294998,0.57833951711654696,1.77588558197021),(0.106355801224709,0.56267720460891701,1.76473641395569),(0.104433305561543,0.58196532726287797,1.77072882652283),(0.117005467414856,0.58354383707046498,1.76835405826569),(0.088873334228992504,0.58210289478302002,1.78839015960693),(0.095760107040405301,0.58296757936477706,1.7870893478393599),(0.094851739704608903,0.58527213335037198,1.7838119268417401),(0.096240140497684507,0.58565503358840898,1.7755941152572601),(0.097669422626495403,0.58202928304672197,1.78075063228607),(0.097326591610908494,0.56499212980270397,1.76886665821075),(0.086526796221733093,0.57682496309280396,1.7882821559905999),(0.087024942040443407,0.560180604457855,1.77582955360413),(0.098648063838481903,0.561639964580536,1.7736340761184699),(0.085097454488277394,0.58045077323913596,1.78312540054321),(0.085703477263450595,0.56353271007537797,1.77106213569641),(0.096005171537399306,0.56834423542022705,1.76409900188446),(0.084382079541683197,0.56688487529754605,1.7662945985794101),(0.080428794026374803,0.52317911386489901,1.7324638366699201),(0.062668383121490506,0.51463693380355802,1.7313805818557699),(0.066418036818504306,0.51044237613678001,1.75076544284821),(0.063081018626689897,0.51551198959350597,1.74356818199158),(0.084552191197872203,0.51271939277648904,1.7473402023315401),(0.082490518689155606,0.51794922351837203,1.73990201950073),(0.082864224910736098,0.51168388128280595,1.7353932857513401),(0.098885752260684995,0.52550041675567605,1.7289803028106701),(0.084874950349330902,0.51276367902755704,1.74728178977966),(0.0828132554888725,0.51799356937408403,1.7398439645767201),(0.10300918668508501,0.51504063606262196,1.743856549263),(0.10094745457172399,0.52027058601379395,1.7364186048507699),(0.100998319685459,0.51396077871322599,1.7319678068161),(0.099143624305725098,0.52552747726440396,1.7289277315139799),(0.11727782338857699,0.527804374694824,1.72550237178802),(0.101205319166183,0.52029752731323198,1.73636591434479),(0.103267051279545,0.51506763696670499,1.7438043355941799),(0.11933954805135701,0.52257448434829701,1.7329405546188399),(0.11913252621889101,0.51623779535293601,1.72854232788086),(0.135696485638618,0.53010076284408603,1.72201180458069),(0.119623973965645,0.52259379625320401,1.7328752279281601),(0.121685646474361,0.51736390590667702,1.7403135299682599),(0.13775812089443201,0.52487087249755904,1.7294499874114999),(0.137266665697098,0.51851475238800004,1.7251169681549099),(0.139819785952568,0.51964092254638705,1.7368882894516),(0.11756224930286401,0.527823746204376,1.72543716430664),(0.12140116840600999,0.51734459400177002,1.74037861824036),(0.080751523375511197,0.52322357892990101,1.73240554332733),(0.062294621020555503,0.52090209722518899,1.73588919639587),(0.083668127655982999,0.58407652378082298,1.7779687643051101),(0.099098764359951005,0.57840341329574596,1.7859073877334599),(0.093943230807781206,0.58757656812667802,1.78053426742554),(0.087056428194046007,0.58671188354492199,1.7818353176116899),(0.105153642594814,0.565726637840271,1.76039922237396),(0.119864113628864,0.57629227638244596,1.7786675691604601),(0.11470846831798601,0.58546537160873402,1.77329421043396),(0.107821643352509,0.58460062742233299,1.7745951414108301),(0.12491737306118,0.56118750572204601,1.7517296075820901),(0.14012192189693501,0.56924080848693803,1.76809442043304),(0.128988072276115,0.57524466514587402,1.76729965209961),(0.13496638834476499,0.57841384410858199,1.7627213001251201),(0.062498103827238097,0.57400870323181197,1.7767578363418599),(0.077456638216972407,0.55387961864471402,1.7733749151229901),(0.072773210704326602,0.57750880718231201,1.77932345867157),(0.065886408090591403,0.57664412260055498,1.7806243896484399),(0.0621016770601273,0.44306850433349598,1.67879331111908),(0.079915642738342299,0.52925968170166005,1.74856841564178),(0.081559576094150502,0.52508980035781905,1.75449919700623),(0.079310283064842196,0.54314321279525801,1.7584980726242101),(0.081004977226257296,0.53884416818618797,1.7646119594573999),(0.063812591135501903,0.53161424398422197,1.7453688383102399),(0.063356280326843303,0.54113996028900102,1.7615115642547601),(0.062709867954254206,0.54557043313980103,1.75519955158234),(0.078271843492984799,0.53342980146408103,1.74263775348663),(0.077615641057491302,0.54744207859039296,1.7523839473724401),(0.064439550042152405,0.52731651067733798,1.75149166584015),(0.067100383341312395,0.52327418327331499,1.75723052024841),(0.066099196672439603,0.53697258234024003,1.76742744445801),(0.099035024642944294,0.53264433145523105,1.74564862251282),(0.100685089826584,0.52845853567123402,1.7516019344329801),(0.099625796079635606,0.54981416463851895,1.75755763053894),(0.10144162923097599,0.54520791769027699,1.7641085386276201),(0.0845214053988457,0.53082215785980202,1.74839019775391),(0.0828713104128838,0.53500783443450906,1.74243712425232),(0.081838011741638197,0.552415251731873,1.75402343273163),(0.083653837442398099,0.54780876636505105,1.76057457923889),(0.097384929656982394,0.53683018684387196,1.73969554901123),(0.097809918224811596,0.55442059040069602,1.7510063648223899),(0.086171470582485199,0.526636242866516,1.75434350967407),(0.085469745099544497,0.54320251941680897,1.7671256065368699),(0.117632515728474,0.53487390279769897,1.7420614957809399),(0.11921264231205,0.53086560964584395,1.7477623224258401),(0.11993705481290801,0.54486006498336803,1.7576777935028101),(0.11830823123455,0.54899197816848799,1.7518011331558201),(0.103734329342842,0.53312879800796498,1.7446867227554299),(0.10215425491332999,0.53713697195053101,1.7389862537384),(0.10398083180189099,0.54719305038452104,1.7545074224471999),(0.10235200822353401,0.551325023174286,1.7486307621002199),(0.116052396595478,0.53888213634491,1.73636078834534),(0.11667932569980601,0.55312395095825195,1.7459242343902599),(0.105314508080482,0.52912050485610995,1.75038766860962),(0.10560970753431299,0.54306113719940197,1.7603840827941899),(0.13786084949970201,0.53131538629531905,1.7427159547805799),(0.13901080191135401,0.54273277521133401,1.7506953477859499),(0.13631489872932401,0.53523695468902599,1.73713874816895),(0.137417197227478,0.54677528142929099,1.74494588375092),(0.121171496808529,0.53745108842849698,1.7341296672821001),(0.12339974939823201,0.54501539468765303,1.7475937604904199),(0.121806055307388,0.54905784130096402,1.74184417724609),(0.134769037365913,0.53915840387344405,1.73156106472015),(0.13582350313663499,0.55081784725189198,1.73919630050659),(0.124263323843479,0.52960807085037198,1.74528443813324),(0.122717432677746,0.53352957963943504,1.73970711231232),(0.124993413686752,0.54097270965576205,1.7533432245254501),(0.066794835031032604,0.57433968782424905,1.78390169143677),(0.12807959318161,0.57754915952682495,1.76402199268341),(0.10873011499643299,0.58229613304138195,1.7778728008270299),(0.087964884936809498,0.58440738916397095,1.7851128578186),(0.0250532161444426,0.51760941743850697,1.7617933750152599),(0.032954555004835101,0.52094852924346902,1.76195108890533),(0.031859066337347003,0.52372747659683205,1.7579985857009901),(0.036603786051273297,0.52117389440536499,1.75488805770874),(0.041009843349456801,0.50717347860336304,1.7438228130340601),(0.039560265839099898,0.51085060834884599,1.73859310150146),(0.038327451795339598,0.51680153608322099,1.7611066102981601),(0.023903412744402899,0.510706067085266,1.76081871986389),(0.0303282532840967,0.49836975336074801,1.7488108873367301),(0.022179747000336598,0.515078365802765,1.75460040569305),(0.028025455772876701,0.50168645381927501,1.74356377124786),(0.020456161350011801,0.519450724124908,1.7483818531036399),(0.034880228340625798,0.52554619312286399,1.74866962432861),(0.0274289883673191,0.50572419166564897,1.7383508682251001),(0.042459528893232297,0.50349611043930098,1.7490528821945199),(0.023957675322890299,0.52038830518722501,1.7578409910202),(0.0307635553181171,0.52650630474090598,1.7540464401245099),(0.049077749252319301,0.495952278375626,1.73369693756104),(0.0511213541030884,0.490768313407898,1.7410699129104601),(0.030773444101214398,0.48821708559989901,1.73333168029785),(0.029932595789432501,0.49390938878059398,1.7259829044342001),(0.047034148126840598,0.50113624334335305,1.7263240814209),(0.034019667655229603,0.48354145884513899,1.74072861671448),(0.0228622183203697,0.52316737174987804,1.75388860702515),(-0.16110628843307501,0.0584550686180592,1.66607093811035),(-0.15831179916858701,0.0350354574620724,1.6547212600707999),(-0.142428338527679,0.043108813464641599,1.6523360013961801),(-0.147073999047279,0.068562746047973605,1.6645771265029901),(-0.12370453774928999,0.065827742218971294,1.6412979364395099),(-0.13459612429142001,0.083679690957069397,1.65961802005768),(-0.11426522582769399,0.101251766085625,1.62621974945068),(-0.13459610939025901,0.145359337329865,1.6362484693527199),(-0.125759363174438,0.114519521594048,1.6479332447052),(-0.148515999317169,0.15913712978363001,1.6284543275833101),(-0.12566833198070501,0.141048073768616,1.6111415624618499),(-0.16370925307273901,0.1682059019804,1.6256732940673799),(-0.16414131224155401,0.17375788092613201,1.5968886613845801),(-0.163781523704529,0.17159591615200001,1.48174941539764),(-0.16210219264030501,0.171540766954422,1.4500572681427),(-0.163384974002838,0.18430927395820601,1.5283461809158301),(-0.163550689816475,0.17356541752815199,1.5641185045242301),(-0.14243473112583199,0.156418651342392,1.48765504360199),(-0.12640433013439201,0.13218735158443501,1.49883556365967),(-0.12856970727443701,0.12768432497978199,1.4724192619323699),(-0.14339150488376601,0.16545338928699499,1.5321919918060301),(-0.120181299746037,0.13860166072845501,1.5409334897995),(-0.14602747559547399,0.15797948837280301,1.5679792165756199),(-0.12316482514143,0.13911111652851099,1.57655036449432),(-0.146645873785019,0.15927281975746199,1.6001033782959),(-0.113341502845287,0.086598686873912797,1.51610851287842),(-0.11839725077152299,0.0820296555757523,1.49248075485229),(-0.106133580207825,0.089575730264186901,1.55594193935394),(-0.109949566423893,0.092990428209304796,1.5940248966217001),(-0.12440610677003899,0.045458946377038997,1.53338134288788),(-0.12737549841404,0.047077175229787799,1.50483906269073),(-0.118183083832264,0.044998716562986402,1.57451713085175),(-0.121166609227657,0.051318641752004603,1.61149930953979),(-0.13991177082061801,0.016525710001587899,1.5450128316879299),(-0.14080099761486101,0.029670108109712601,1.5108324289321899),(-0.137225776910782,0.018176745623350098,1.5881150960922199),(-0.140810191631317,0.025710221379995301,1.6242915391921999),(-0.16059231758117701,0.0052791531197726701,1.55027067661285),(-0.161679998040199,0.0193367805331945,1.5145859718322801),(-0.15763486921787301,0.0070653874427080198,1.5935585498809799),(-0.157418042421341,0.015964401885867101,1.6285320520401001),(-0.14342172443866699,0.15223129093647,1.46059274673462),(-0.132074505090714,0.103372439742088,1.46535885334015),(-0.16347311437129999,0.14397941529750799,1.6493954658508301),(-0.147834166884422,0.086112275719642598,1.6652125120162999),(-0.16188494861125899,0.086026683449745206,1.66869103908539),(-0.18038424849510201,0.085941083729267106,1.67059361934662),(-0.16193479299545299,0.114319510757923,1.66392421722412),(-0.15101052820682501,0.14275029301643399,1.64754951000214),(-0.147933900356293,0.113064229488373,1.66174924373627),(-0.050918139517307302,0.013743653893470801,0.080604448914527893),(-0.057524915784597397,0.0166727993637323,0.0354660786688328),(-0.026289734989404699,-0.0234208628535271,0.080652579665183993),(-0.0094474665820598602,-0.035560004413127899,0.035124681890010799),(0.033277567476034199,0.13657338917255399,0.0217211190611124),(0.029760178178548799,0.125485450029373,0.026134315878152799),(0.033796846866607701,0.123660683631897,0.019110400229692501),(0.034208308905363097,0.13622464239597301,-0.0010555515764281199),(0.030716598033905002,0.12327320873737301,0.00073227740358561299),(0.0191831756383181,0.125970393419266,-0.0026672563981264799),(-0.038883790373802199,0.158794045448303,0.025162540376186399),(-0.038282923400402097,0.14250296354293801,0.032623890787363101),(-0.0214278195053339,0.13866232335567499,0.034170702099800103),(0.0121031710878015,0.0080710742622613907,0.0051357084885239601),(-6.7823563654201306E-08,2.2099723174509201E-14,0.),(0.0070471032522618797,0.055832866579294198,0.0037349620833993001),(0.0151406629011035,0.0073535200208425496,0.036492440849542597),(-0.032845903187990202,0.095233343541622203,0.050703592598438298),(-0.041409682482481003,0.097525455057621002,0.029474275186657899),(0.00095983041683211901,-0.0263756942003965,0.035249911248683902),(0.0020096725784242201,-0.022039679810404798,0.0049128131940960901),(-0.0089192548766732199,-0.0279834344983101,0.0047713061794638599),(-0.045633245259523399,0.0621282011270523,0.035521965473890298),(-0.040725700557231903,0.00464053498581052,-0.00054736324818804903),(-0.039278447628021199,-0.0244356896728277,0.0048730955459177503),(-0.048620842397213003,-0.0126915629953146,0.0047302865423262102),(-0.0298941936343908,-0.028448535129427899,0.0050014723092317599),(-0.019894666969776199,-0.029617071151733398,0.0046261092647910101),(-0.028766144067048999,-0.0028690358158201001,-0.00038480374496430202),(-0.029443856328725801,0.060473430901765803,0.0031875988934189099),(-0.050781056284904501,0.0137264607474208,0.0047085830010473702),(-0.015352176502346999,-0.0043975119479000603,-0.000204338823095895),(-0.021580923348665199,0.059094946831464802,0.0033501582220196698),(-0.0081669278442859598,0.057566456496715497,0.0035305146593600499),(0.021061403676867499,0.137967854738235,0.025160804390907301),(0.017920790240168599,0.12863601744174999,0.029529292136430699),(0.0053348322398960599,0.14777353405952501,0.026883957907557501),(0.0024618892930448099,0.13265076279640201,0.0320615544915199),(-0.0088810240849852597,0.153294056653976,0.026310116052627602),(-0.0106067461892962,0.13596598803997001,0.033021718263626099),(-0.022193336859345401,0.157852232456207,0.0257948730140924),(-0.022653805091977099,0.15661707520484899,-0.0030905839521437901),(-0.023933425545692399,0.136866390705109,-0.0025577622000128),(-0.039394918829202701,0.140921145677567,0.0035344213247299199),(-0.0093462942168116604,0.153320908546448,-0.0030905839521437901),(-0.0111760310828686,0.133646294474602,-0.0025296560488641301),(0.0029365448281168899,0.13008089363575001,-0.00254994886927307),(0.0048695760779082801,0.14780038595199599,-0.0030905839521437901),(-0.052707310765981702,-0.020172012969851501,0.034541834145784399),(-0.043985772877931602,-0.031531680375337601,0.0346603356301785),(-0.032287877053022399,-0.0380287617444992,0.034626368433237097),(-0.0242991466075182,-0.038960523903369897,0.034733694046735798),(-0.032637931406497997,0.20060628652572601,0.0097126597538590397),(-0.021188477054238299,0.19930164515972101,0.0098665375262498908),(-0.0213189963251352,0.198825478553772,0.0040500974282622303),(-0.020340345799922901,0.19136758148670199,0.0047646863386035),(-0.0202641971409321,0.178551495075226,0.0070837098173797096),(-0.020477028563618702,0.17777493596076999,-0.00240225624293089),(-0.035338751971721601,0.19381880760192899,0.0133517999202013),(-0.0379553064703941,0.18136817216873199,0.0163289830088615),(-0.0200513396412134,0.17932803928852101,0.016569675877690301),(-0.037584103643894202,0.19333247840404499,0.0045327842235565203),(-0.040275074541568798,0.18083170056343101,0.0068149114958941902),(-0.035733282566070598,0.192379355430603,-0.0042314305901527396),(-0.0205376036465168,0.19064785540103901,-0.0040270918980240796),(0.033872835338115699,0.16552430391311601,0.0084146792069077492),(0.033770855516195297,0.16515234112739599,0.0038706092163920398),(0.026886641979217502,0.16593678295612299,0.0037781521677970899),(0.036930400878191001,0.156182810664177,0.00473516946658492),(0.037304144352674498,0.150219410657883,0.0060693947598338101),(0.0351069085299969,0.149728313088417,-0.0027407228481024499),(0.023757601156830802,0.158370897173882,0.0126946168020368),(0.023036038503050801,0.15258671343326599,0.014658136293292),(0.035501055419445003,0.15116634964942899,0.014825687743723399),(0.023574965074658401,0.15770460665225999,0.0045555727556347804),(0.022838955745100999,0.15186771750450101,0.0058748223818838596),(0.034803401678800597,0.155738055706024,-0.0034301357809454198),(0.022641872987151101,0.151148661971092,-0.00290838279761374),(0.021195787936449099,0.17922267317771901,0.0081912409514188801),(0.021093808114528701,0.17885068058967599,0.0036473881918936998),(0.014209582470357401,0.17963512241840399,0.0035548226442187999),(0.0223089754581451,0.17010273039341001,0.0044852532446384404),(0.022132832556963002,0.16209521889686601,0.0064867539331316896),(0.0219357647001743,0.161376193165779,-0.0022963429801166101),(0.0224915836006403,0.17076900601386999,0.0126241892576218),(0.0110805127769709,0.172069266438484,0.0124708535149693),(0.00907730031758547,0.16432432830333699,0.0150917731225491),(0.0108978915959597,0.17140297591686199,0.0043319179676473097),(0.0088802054524421692,0.16360530257225001,0.0063086762093007599),(0.010715283453464499,0.17073667049408001,-0.0038070178125053601),(0.022126352414488799,0.169436439871788,-0.0036536823026835901),(0.00046150566777214402,0.188096538186073,0.0078634088858962094),(0.0073457458056509503,0.187312096357346,0.0079559748992323893),(0.0072438069619238403,0.18694011867046401,0.0034121219068765601),(0.0082763088867068308,0.17752583324909199,-0.0038887315895408401),(0.00845894403755665,0.178192138671875,0.0042503126896917803),(0.0072575421072542702,0.16813912987709001,0.0064443233422935),(0.0086415670812129992,0.17885842919349701,0.012389248237013799),(-0.0027694758027791999,0.18015868961811099,0.0122358044609427),(-0.0051300642080605004,0.170292153954506,0.0150583498179913),(-0.0029521111864596601,0.17949238419532801,0.0040968684479594196),(-0.0053271325305104299,0.169573098421097,0.00627514440566301),(0.0070604598149657197,0.167420104146004,-0.0023387733381241599),(-0.0055242013186216398,0.16885408759117099,-0.0025080610066652298),(-0.0138338813558221,0.19490841031074499,0.0076323752291500603),(-0.0069496403448283698,0.19412395358085599,0.0077249407768249503),(-0.0070515926927328101,0.193751990795135,0.0031810877844691298),(-0.0060190907679498204,0.18433770537376401,-0.0041197659447789201),(-0.0058364556171000004,0.18500401079654699,0.00401927856728435),(-0.0072474200278520601,0.17325365543365501,0.0063748722895979899),(-0.017064874991774601,0.18697053194046001,0.0120046613737941),(-0.019146600738167801,0.17535103857517201,0.0149953011423349),(-0.0070503377355635201,0.17397269606590299,0.015157968737185),(-0.017247496172785801,0.186304271221161,0.0038658343255519902),(-0.019343668594956401,0.174631997942924,0.0062122042290866401),(-0.0074445018544793103,0.172534629702568,-0.0024084418546408402),(-0.0195407383143902,0.17391295731067699,-0.0025711096823215502),(-0.020609088242053999,0.196981966495514,-0.0032580269034951899),(-0.020442416891455699,0.197590097784996,0.0041704433970153297),(-0.020143073052167899,0.192087307572365,0.013556030578911299),(-0.020275747403502499,0.19819824397563901,0.0115984799340367),(-0.033754855394363403,0.199734151363373,0.0114173637703061),(-0.033921524882316603,0.19912602007389099,0.0039891107007861103),(-0.034088220447301899,0.19851788878440901,-0.0034391428343951702),(0.034689456224441501,0.16316890716552701,-0.0024795208591967799),(0.034835126250982298,0.163700342178345,0.00401200773194432),(0.035168629139661803,0.15707063674926799,0.012847952544689199),(0.034980785101652097,0.164231762290001,0.010503645054996),(0.0256439801305532,0.165295660495758,0.010378198698163),(0.025498349219560599,0.16476422548294101,0.0038864528760314001),(0.0253526773303747,0.16423280537128401,-0.0026050757151097098),(0.022012397646903999,0.17686726152896901,-0.0027030673809349498),(0.0221580546349287,0.177398711442947,0.0037885697092860898),(0.022303726524114598,0.17793014645576499,0.010280206799507099),(0.0129669196903706,0.17899404466152199,0.010154543444514301),(0.0128212738782167,0.178462594747543,0.00366312335245311),(0.0126756029203534,0.17793115973472601,-0.0028286222368478801),(0.0081623950973153097,0.184956699609756,-0.0029381166677922002),(0.0083080530166625994,0.18548813462257399,0.0035534119233489002),(0.0084537109360098804,0.18601955473423001,0.010044940747320701),(-0.00088305608369409995,0.18708345293998699,0.0099194943904876692),(-0.00102872774004936,0.18655203282833099,0.0034278570674359798),(-0.0031347060576081302,0.178826093673706,-0.0040422840975224998),(-0.0011743992799893,0.186020597815514,-0.0030636715237051201),(-0.0061330050230026202,0.19176855683326699,-0.0031692592892795801),(-0.0059873601421713803,0.19229997694492301,0.0033223778009414699),(-0.0056538200005888904,0.185670301318169,0.012158106081187701),(-0.0058416887186467604,0.19283142685890201,0.0098137976601719908),(-0.0151784829795361,0.19389532506465901,0.0096884602680802293),(-0.0153241138905287,0.19336389005184201,0.0031969314441084901),(-0.017430121079087299,0.18563796579837799,-0.0042733182199299301),(-0.0154697997495532,0.19283246994018599,-0.0032948143780231502),(-0.021449502557516101,0.19834929704666099,-0.0017663425533101),(-0.032768450677394902,0.200130119919777,0.0038962194230407498),(-0.032898962497711202,0.19965393841266599,-0.0019203291740268499),(0.033668916672468199,0.164780333638191,-0.00067324377596378305),(0.0269885957241058,0.16630876064300501,0.0083221131935715693),(0.0267846621572971,0.165564775466919,-0.00076570088276639602),(0.0209918562322855,0.178478702902794,-0.00089668174041435101),(0.0143115213140845,0.18000710010528601,0.0080986758694052696),(0.0141076035797596,0.179263144731522,-0.00098913884721696398),(0.0071418411098420603,0.18656812608241999,-0.0011318395845592),(0.000359553174348548,0.18772456049919101,0.0033195563592016701),(0.00025761424330994498,0.18735258281230899,-0.0012242966331541499),(-0.0071535594761371604,0.19337999820709201,-0.0013627652078867),(-0.013935833238065199,0.194536417722702,0.0030885222367942299),(-0.014037799090146999,0.19416444003582001,-0.0014553308719769101),(-0.021891128271818199,0.16023272275924699,-0.00054736324818804903),(-0.0091096833348274196,0.15877634286880499,-0.00037547122337855399),(-0.021604355424642601,0.16021618247032199,0.020833769813180001),(-0.021716875955462501,0.16022269427776301,0.012222564779221999),(-0.022373963147401799,0.157862648367882,0.013545938767492801),(-0.0089354440569877607,0.158766269683838,0.013968723826110399),(-0.0090664541348814999,0.15330477058887501,0.010461213998496499),(-0.021206486970186199,0.16757880151271801,-0.00027292201411910398),(-0.039323572069406502,0.15975862741470301,-0.0020504419226199402),(-0.038381036370992702,0.179815053939819,-0.0026429484132677299),(-0.0389262065291405,0.170929580926895,0.0211700666695833),(-0.041898097842931699,0.171261072158813,0.010680420324206401),(-0.042674165219068499,0.158918157219887,0.0151806492358446),(-0.021017789840698201,0.167567923665047,0.0116439489647746),(-0.0081484336405992508,0.156938657164574,-0.00036125539918430101),(0.0056098732165992303,0.15537095069885301,-0.00017634125833865301),(-0.0079741813242435507,0.15692861378192899,0.0139830475673079),(-0.0078616626560688001,0.156922101974487,0.021019769832491899),(0.0058966446667909596,0.15535438060760501,0.021204683929681799),(0.0057841255329549304,0.155360877513885,0.014167961664497899),(0.0051494026556611096,0.147784247994423,0.0099452128633856808),(0.0064226156100630804,0.153107285499573,-0.00016364468319807199),(0.0215167887508869,0.151387348771095,3.9174887206172598E-05),(0.020611856132745701,0.13799381256103499,-0.0030905839521437901),(0.0065968539565801603,0.15309722721576699,0.0141805503517389),(0.0067093870602548096,0.153090745210648,0.020855473354458798),(0.021803559735417401,0.15137079358100899,0.021058293059468301),(0.021691041067242602,0.15137729048728901,0.014383478090167),(0.020891681313514699,0.13797764480114,0.013607902452349699),(0.022001523524522799,0.147425606846809,-0.00042354458128102102),(0.035520534962415702,0.145885124802589,-0.00024166890943888599),(0.022288294509053199,0.147409036755562,0.0188333541154861),(0.022175775840878501,0.14741553366184201,0.010639726184308499),(0.0358073078095913,0.145868569612503,0.019015122205019001),(0.037750724703073502,0.14564080536365501,0.0108490567654371),(0.036603510379791301,0.135967642068863,0.0175234377384186),(0.022329915314912799,0.16281425952911399,0.015269850380718699),(0.0086831375956535305,0.162886276841164,-0.0024746374692767902),(0.0074546104297041902,0.16885817050933799,0.0152274202555418),(-0.021084921434521699,0.16858047246933,0.021900933235883699),(-0.0392418541014194,0.170947775244713,-0.00050753727555274996),(-0.0088229114189743996,0.15875977277755701,0.021005336195230501),(0.023392328992486,0.15703831613063801,-0.0035835797898471399),(-0.040508538484573399,0.062363542616367298,0.0176424812525511),(-0.038014650344848598,0.098071873188018799,0.018308129161596302),(0.018050862476229699,0.0458646714687347,0.036447077989578198),(0.016948055475950199,0.054748971015214899,0.0110280020162463),(0.023206770420074501,0.089747197926044506,0.0073405709117651003),(0.019210495054721801,0.086938202381134005,0.045307438820600503),(0.026094831526279401,0.087767042219638797,0.0285188853740692),(0.029945844784378998,0.105713859200478,0.023814534768462198),(-0.0030297429766506,0.093867182731628404,0.00287398276850581),(-0.017140420153737099,0.095885738730430603,0.0031451683025807099),(-0.0256317257881165,0.097706191241741194,0.0033898758701980101),(-0.0169697366654873,0.092600882053375203,0.056443419307470301),(-0.0275903102010489,0.093840256333351094,0.055604793131351499),(-0.0074330391362309499,0.091187715530395494,0.055637024343013798),(-0.00013591963215731101,0.037863243371248197,0.085175596177578),(0.0095036150887608493,0.087836034595966297,0.052143838256597498),(-0.041196845471858999,0.12114352732896801,0.023842966184020001),(-0.038012403994798702,0.120575875043869,0.0094792377203702892),(-0.047810126096010201,0.015544517897069499,0.15166108310222601),(0.0069290637038648102,0.015544514171779201,0.15166108310222601),(-0.042368721216917003,0.14260287582874301,0.0182116571813822),(-0.035652622580528301,0.119947530329227,0.041663739830255501),(0.026961691677570301,0.106510207056999,0.0040364242158830201),(0.016078844666481001,0.108774080872536,-5.0460726924939101E-05),(-4.65854282083455E-05,0.11197403818368901,0.00016190840688068401),(-0.0141582256183028,0.11476601660251599,0.00030775618506595498),(-0.026899924501776699,0.117286287248135,0.000416056835092604),(-0.0245090778917074,0.11625129729509399,0.044887695461511598),(-0.0137882484123111,0.114283435046673,0.044732514768838903),(-0.00248557492159307,0.11191923916339901,0.043849397450685501),(0.013712209649383999,0.10823601484298701,0.04083651304245),(0.024485344067215899,0.106211833655834,0.035720877349376699),(0.012974541634321201,0.091577775776386303,0.0025662265252322002),(-0.32248553633689903,0.14250302314758301,0.032623782753944397)),$);
#7510=IFCINDEXEDPOLYGONALFACE((1,2,3));
#7511=IFCINDEXEDPOLYGONALFACE((4,2,1));
#7512=IFCINDEXEDPOLYGONALFACE((5,6,7));
#7513=IFCINDEXEDPOLYGONALFACE((5,8,9));
#7514=IFCINDEXEDPOLYGONALFACE((10,11,12));
#7515=IFCINDEXEDPOLYGONALFACE((13,14,15));
#7516=IFCINDEXEDPOLYGONALFACE((16,17,18));
#7517=IFCINDEXEDPOLYGONALFACE((19,20,21));
#7518=IFCINDEXEDPOLYGONALFACE((22,23,24));
#7519=IFCINDEXEDPOLYGONALFACE((14,25,24));
#7520=IFCINDEXEDPOLYGONALFACE((26,27,28));
#7521=IFCINDEXEDPOLYGONALFACE((29,30,31));
#7522=IFCINDEXEDPOLYGONALFACE((32,33,34));
#7523=IFCINDEXEDPOLYGONALFACE((35,34,11));
#7524=IFCINDEXEDPOLYGONALFACE((36,28,37));
#7525=IFCINDEXEDPOLYGONALFACE((38,31,39));
#7526=IFCINDEXEDPOLYGONALFACE((33,40,41));
#7527=IFCINDEXEDPOLYGONALFACE((42,43,44));
#7528=IFCINDEXEDPOLYGONALFACE((45,37,46));
#7529=IFCINDEXEDPOLYGONALFACE((47,39,48));
#7530=IFCINDEXEDPOLYGONALFACE((41,40,49));
#7531=IFCINDEXEDPOLYGONALFACE((50,51,52));
#7532=IFCINDEXEDPOLYGONALFACE((53,46,54));
#7533=IFCINDEXEDPOLYGONALFACE((55,48,56));
#7534=IFCINDEXEDPOLYGONALFACE((49,57,58));
#7535=IFCINDEXEDPOLYGONALFACE((4,52,58));
#7536=IFCINDEXEDPOLYGONALFACE((59,54,60));
#7537=IFCINDEXEDPOLYGONALFACE((56,61,62));
#7538=IFCINDEXEDPOLYGONALFACE((58,57,63));
#7539=IFCINDEXEDPOLYGONALFACE((58,64,3));
#7540=IFCINDEXEDPOLYGONALFACE((65,66,67));
#7541=IFCINDEXEDPOLYGONALFACE((65,68,7));
#7542=IFCINDEXEDPOLYGONALFACE((69,7,6));
#7543=IFCINDEXEDPOLYGONALFACE((70,71,72));
#7544=IFCINDEXEDPOLYGONALFACE((73,6,9));
#7545=IFCINDEXEDPOLYGONALFACE((74,9,75));
#7546=IFCINDEXEDPOLYGONALFACE((76,65,69));
#7547=IFCINDEXEDPOLYGONALFACE((77,78,74));
#7548=IFCINDEXEDPOLYGONALFACE((79,66,65));
#7549=IFCINDEXEDPOLYGONALFACE((78,80,73));
#7550=IFCINDEXEDPOLYGONALFACE((80,81,69));
#7551=IFCINDEXEDPOLYGONALFACE((82,70,83));
#7552=IFCINDEXEDPOLYGONALFACE((84,85,8));
#7553=IFCINDEXEDPOLYGONALFACE((42,84,5));
#7554=IFCINDEXEDPOLYGONALFACE((86,87,84));
#7555=IFCINDEXEDPOLYGONALFACE((87,88,85));
#7556=IFCINDEXEDPOLYGONALFACE((89,90,4));
#7557=IFCINDEXEDPOLYGONALFACE((91,92,11));
#7558=IFCINDEXEDPOLYGONALFACE((93,94,86));
#7559=IFCINDEXEDPOLYGONALFACE((95,52,4));
#7560=IFCINDEXEDPOLYGONALFACE((85,90,89));
#7561=IFCINDEXEDPOLYGONALFACE((86,42,92));
#7562=IFCINDEXEDPOLYGONALFACE((68,96,12));
#7563=IFCINDEXEDPOLYGONALFACE((11,92,44));
#7564=IFCINDEXEDPOLYGONALFACE((67,97,96));
#7565=IFCINDEXEDPOLYGONALFACE((72,71,98));
#7566=IFCINDEXEDPOLYGONALFACE((75,9,99));
#7567=IFCINDEXEDPOLYGONALFACE((88,95,90));
#7568=IFCINDEXEDPOLYGONALFACE((9,8,89));
#7569=IFCINDEXEDPOLYGONALFACE((44,43,7));
#7570=IFCINDEXEDPOLYGONALFACE((100,101,51));
#7571=IFCINDEXEDPOLYGONALFACE((102,103,104));
#7572=IFCINDEXEDPOLYGONALFACE((105,93,91));
#7573=IFCINDEXEDPOLYGONALFACE((106,88,87));
#7574=IFCINDEXEDPOLYGONALFACE((101,41,52));
#7575=IFCINDEXEDPOLYGONALFACE((104,87,86));
#7576=IFCINDEXEDPOLYGONALFACE((50,95,88));
#7577=IFCINDEXEDPOLYGONALFACE((101,105,34));
#7578=IFCINDEXEDPOLYGONALFACE((107,108,109));
#7579=IFCINDEXEDPOLYGONALFACE((107,110,111));
#7580=IFCINDEXEDPOLYGONALFACE((112,105,101));
#7581=IFCINDEXEDPOLYGONALFACE((102,94,93));
#7582=IFCINDEXEDPOLYGONALFACE((103,113,106));
#7583=IFCINDEXEDPOLYGONALFACE((114,93,105));
#7584=IFCINDEXEDPOLYGONALFACE((115,51,50));
#7585=IFCINDEXEDPOLYGONALFACE((113,116,50));
#7586=IFCINDEXEDPOLYGONALFACE((117,118,119));
#7587=IFCINDEXEDPOLYGONALFACE((110,120,121));
#7588=IFCINDEXEDPOLYGONALFACE((122,123,121));
#7589=IFCINDEXEDPOLYGONALFACE((124,125,119));
#7590=IFCINDEXEDPOLYGONALFACE((126,109,118));
#7591=IFCINDEXEDPOLYGONALFACE((122,124,127));
#7592=IFCINDEXEDPOLYGONALFACE((128,129,114));
#7593=IFCINDEXEDPOLYGONALFACE((130,131,129));
#7594=IFCINDEXEDPOLYGONALFACE((132,133,131));
#7595=IFCINDEXEDPOLYGONALFACE((127,133,132));
#7596=IFCINDEXEDPOLYGONALFACE((134,113,103));
#7597=IFCINDEXEDPOLYGONALFACE((135,134,136));
#7598=IFCINDEXEDPOLYGONALFACE((137,135,138));
#7599=IFCINDEXEDPOLYGONALFACE((118,109,137));
#7600=IFCINDEXEDPOLYGONALFACE((129,139,102));
#7601=IFCINDEXEDPOLYGONALFACE((140,139,129));
#7602=IFCINDEXEDPOLYGONALFACE((133,141,140));
#7603=IFCINDEXEDPOLYGONALFACE((127,119,141));
#7604=IFCINDEXEDPOLYGONALFACE((142,128,112));
#7605=IFCINDEXEDPOLYGONALFACE((143,130,128));
#7606=IFCINDEXEDPOLYGONALFACE((144,132,130));
#7607=IFCINDEXEDPOLYGONALFACE((123,132,144));
#7608=IFCINDEXEDPOLYGONALFACE((145,142,100));
#7609=IFCINDEXEDPOLYGONALFACE((146,143,142));
#7610=IFCINDEXEDPOLYGONALFACE((147,144,143));
#7611=IFCINDEXEDPOLYGONALFACE((121,144,147));
#7612=IFCINDEXEDPOLYGONALFACE((136,103,102));
#7613=IFCINDEXEDPOLYGONALFACE((138,136,139));
#7614=IFCINDEXEDPOLYGONALFACE((141,148,138));
#7615=IFCINDEXEDPOLYGONALFACE((119,118,148));
#7616=IFCINDEXEDPOLYGONALFACE((149,145,115));
#7617=IFCINDEXEDPOLYGONALFACE((150,146,145));
#7618=IFCINDEXEDPOLYGONALFACE((147,146,150));
#7619=IFCINDEXEDPOLYGONALFACE((111,147,151));
#7620=IFCINDEXEDPOLYGONALFACE((149,116,113));
#7621=IFCINDEXEDPOLYGONALFACE((150,149,134));
#7622=IFCINDEXEDPOLYGONALFACE((151,150,135));
#7623=IFCINDEXEDPOLYGONALFACE((108,151,137));
#7624=IFCINDEXEDPOLYGONALFACE((152,13,97));
#7625=IFCINDEXEDPOLYGONALFACE((79,153,154));
#7626=IFCINDEXEDPOLYGONALFACE((66,154,152));
#7627=IFCINDEXEDPOLYGONALFACE((15,24,35));
#7628=IFCINDEXEDPOLYGONALFACE((24,23,32));
#7629=IFCINDEXEDPOLYGONALFACE((155,21,30));
#7630=IFCINDEXEDPOLYGONALFACE((18,27,26));
#7631=IFCINDEXEDPOLYGONALFACE((15,10,96));
#7632=IFCINDEXEDPOLYGONALFACE((75,1,98));
#7633=IFCINDEXEDPOLYGONALFACE((77,156,70));
#7634=IFCINDEXEDPOLYGONALFACE((70,156,75));
#7635=IFCINDEXEDPOLYGONALFACE((64,157,158));
#7636=IFCINDEXEDPOLYGONALFACE((64,63,159));
#7637=IFCINDEXEDPOLYGONALFACE((61,160,161));
#7638=IFCINDEXEDPOLYGONALFACE((60,162,163));
#7639=IFCINDEXEDPOLYGONALFACE((3,158,164));
#7640=IFCINDEXEDPOLYGONALFACE((165,166,167));
#7641=IFCINDEXEDPOLYGONALFACE((168,169,170));
#7642=IFCINDEXEDPOLYGONALFACE((171,169,168));
#7643=IFCINDEXEDPOLYGONALFACE((166,171,172));
#7644=IFCINDEXEDPOLYGONALFACE((173,174,175));
#7645=IFCINDEXEDPOLYGONALFACE((176,173,177));
#7646=IFCINDEXEDPOLYGONALFACE((178,179,175));
#7647=IFCINDEXEDPOLYGONALFACE((180,181,182));
#7648=IFCINDEXEDPOLYGONALFACE((176,183,181));
#7649=IFCINDEXEDPOLYGONALFACE((184,185,179));
#7650=IFCINDEXEDPOLYGONALFACE((184,186,187));
#7651=IFCINDEXEDPOLYGONALFACE((188,182,189));
#7652=IFCINDEXEDPOLYGONALFACE((186,190,191));
#7653=IFCINDEXEDPOLYGONALFACE((190,192,189));
#7654=IFCINDEXEDPOLYGONALFACE((189,193,194));
#7655=IFCINDEXEDPOLYGONALFACE((191,194,195));
#7656=IFCINDEXEDPOLYGONALFACE((182,196,193));
#7657=IFCINDEXEDPOLYGONALFACE((187,195,197));
#7658=IFCINDEXEDPOLYGONALFACE((185,197,198));
#7659=IFCINDEXEDPOLYGONALFACE((183,199,200));
#7660=IFCINDEXEDPOLYGONALFACE((182,181,200));
#7661=IFCINDEXEDPOLYGONALFACE((175,179,198));
#7662=IFCINDEXEDPOLYGONALFACE((177,201,199));
#7663=IFCINDEXEDPOLYGONALFACE((175,202,201));
#7664=IFCINDEXEDPOLYGONALFACE((202,170,169));
#7665=IFCINDEXEDPOLYGONALFACE((199,201,169));
#7666=IFCINDEXEDPOLYGONALFACE((202,198,203));
#7667=IFCINDEXEDPOLYGONALFACE((196,200,166));
#7668=IFCINDEXEDPOLYGONALFACE((200,199,171));
#7669=IFCINDEXEDPOLYGONALFACE((197,204,203));
#7670=IFCINDEXEDPOLYGONALFACE((195,205,204));
#7671=IFCINDEXEDPOLYGONALFACE((193,196,165));
#7672=IFCINDEXEDPOLYGONALFACE((194,206,205));
#7673=IFCINDEXEDPOLYGONALFACE((193,207,206));
#7674=IFCINDEXEDPOLYGONALFACE((208,165,209));
#7675=IFCINDEXEDPOLYGONALFACE((170,203,210));
#7676=IFCINDEXEDPOLYGONALFACE((211,207,165));
#7677=IFCINDEXEDPOLYGONALFACE((212,206,207));
#7678=IFCINDEXEDPOLYGONALFACE((213,205,206));
#7679=IFCINDEXEDPOLYGONALFACE((214,204,205));
#7680=IFCINDEXEDPOLYGONALFACE((210,203,204));
#7681=IFCINDEXEDPOLYGONALFACE((215,170,216));
#7682=IFCINDEXEDPOLYGONALFACE((208,217,162));
#7683=IFCINDEXEDPOLYGONALFACE((216,210,27));
#7684=IFCINDEXEDPOLYGONALFACE((54,211,208));
#7685=IFCINDEXEDPOLYGONALFACE((46,212,211));
#7686=IFCINDEXEDPOLYGONALFACE((37,213,212));
#7687=IFCINDEXEDPOLYGONALFACE((28,214,213));
#7688=IFCINDEXEDPOLYGONALFACE((210,214,28));
#7689=IFCINDEXEDPOLYGONALFACE((17,218,216));
#7690=IFCINDEXEDPOLYGONALFACE((219,220,173));
#7691=IFCINDEXEDPOLYGONALFACE((221,222,178));
#7692=IFCINDEXEDPOLYGONALFACE((223,190,186));
#7693=IFCINDEXEDPOLYGONALFACE((219,176,180));
#7694=IFCINDEXEDPOLYGONALFACE((224,180,188));
#7695=IFCINDEXEDPOLYGONALFACE((225,226,186));
#7696=IFCINDEXEDPOLYGONALFACE((227,188,192));
#7697=IFCINDEXEDPOLYGONALFACE((220,221,174));
#7698=IFCINDEXEDPOLYGONALFACE((222,225,184));
#7699=IFCINDEXEDPOLYGONALFACE((228,192,190));
#7700=IFCINDEXEDPOLYGONALFACE((229,230,224));
#7701=IFCINDEXEDPOLYGONALFACE((231,232,226));
#7702=IFCINDEXEDPOLYGONALFACE((229,227,228));
#7703=IFCINDEXEDPOLYGONALFACE((233,221,220));
#7704=IFCINDEXEDPOLYGONALFACE((234,231,225));
#7705=IFCINDEXEDPOLYGONALFACE((235,228,223));
#7706=IFCINDEXEDPOLYGONALFACE((236,237,220));
#7707=IFCINDEXEDPOLYGONALFACE((233,234,222));
#7708=IFCINDEXEDPOLYGONALFACE((238,223,226));
#7709=IFCINDEXEDPOLYGONALFACE((236,219,224));
#7710=IFCINDEXEDPOLYGONALFACE((239,232,231));
#7711=IFCINDEXEDPOLYGONALFACE((240,241,229));
#7712=IFCINDEXEDPOLYGONALFACE((242,233,237));
#7713=IFCINDEXEDPOLYGONALFACE((243,231,234));
#7714=IFCINDEXEDPOLYGONALFACE((244,240,235));
#7715=IFCINDEXEDPOLYGONALFACE((245,246,237));
#7716=IFCINDEXEDPOLYGONALFACE((247,234,233));
#7717=IFCINDEXEDPOLYGONALFACE((244,238,232));
#7718=IFCINDEXEDPOLYGONALFACE((245,236,230));
#7719=IFCINDEXEDPOLYGONALFACE((241,248,230));
#7720=IFCINDEXEDPOLYGONALFACE((249,246,245));
#7721=IFCINDEXEDPOLYGONALFACE((250,251,247));
#7722=IFCINDEXEDPOLYGONALFACE((252,253,244));
#7723=IFCINDEXEDPOLYGONALFACE((254,245,248));
#7724=IFCINDEXEDPOLYGONALFACE((255,248,241));
#7725=IFCINDEXEDPOLYGONALFACE((256,252,239));
#7726=IFCINDEXEDPOLYGONALFACE((257,258,241));
#7727=IFCINDEXEDPOLYGONALFACE((250,242,246));
#7728=IFCINDEXEDPOLYGONALFACE((251,256,243));
#7729=IFCINDEXEDPOLYGONALFACE((253,257,240));
#7730=IFCINDEXEDPOLYGONALFACE((259,260,251));
#7731=IFCINDEXEDPOLYGONALFACE((261,262,253));
#7732=IFCINDEXEDPOLYGONALFACE((263,254,255));
#7733=IFCINDEXEDPOLYGONALFACE((264,255,258));
#7734=IFCINDEXEDPOLYGONALFACE((265,261,252));
#7735=IFCINDEXEDPOLYGONALFACE((266,267,258));
#7736=IFCINDEXEDPOLYGONALFACE((259,250,249));
#7737=IFCINDEXEDPOLYGONALFACE((260,265,256));
#7738=IFCINDEXEDPOLYGONALFACE((262,266,257));
#7739=IFCINDEXEDPOLYGONALFACE((268,249,254));
#7740=IFCINDEXEDPOLYGONALFACE((269,270,271));
#7741=IFCINDEXEDPOLYGONALFACE((272,273,274));
#7742=IFCINDEXEDPOLYGONALFACE((272,275,276));
#7743=IFCINDEXEDPOLYGONALFACE((277,271,278));
#7744=IFCINDEXEDPOLYGONALFACE((279,280,276));
#7745=IFCINDEXEDPOLYGONALFACE((281,282,283));
#7746=IFCINDEXEDPOLYGONALFACE((284,285,278));
#7747=IFCINDEXEDPOLYGONALFACE((269,279,286));
#7748=IFCINDEXEDPOLYGONALFACE((287,283,274));
#7749=IFCINDEXEDPOLYGONALFACE((281,284,288));
#7750=IFCINDEXEDPOLYGONALFACE((289,290,260));
#7751=IFCINDEXEDPOLYGONALFACE((291,292,290));
#7752=IFCINDEXEDPOLYGONALFACE((293,294,292));
#7753=IFCINDEXEDPOLYGONALFACE((295,268,263));
#7754=IFCINDEXEDPOLYGONALFACE((296,295,297));
#7755=IFCINDEXEDPOLYGONALFACE((298,296,299));
#7756=IFCINDEXEDPOLYGONALFACE((300,301,266));
#7757=IFCINDEXEDPOLYGONALFACE((302,301,300));
#7758=IFCINDEXEDPOLYGONALFACE((303,302,304));
#7759=IFCINDEXEDPOLYGONALFACE((290,305,265));
#7760=IFCINDEXEDPOLYGONALFACE((292,306,305));
#7761=IFCINDEXEDPOLYGONALFACE((294,307,306));
#7762=IFCINDEXEDPOLYGONALFACE((289,259,268));
#7763=IFCINDEXEDPOLYGONALFACE((291,289,295));
#7764=IFCINDEXEDPOLYGONALFACE((293,291,296));
#7765=IFCINDEXEDPOLYGONALFACE((301,308,267));
#7766=IFCINDEXEDPOLYGONALFACE((309,308,301));
#7767=IFCINDEXEDPOLYGONALFACE((310,309,302));
#7768=IFCINDEXEDPOLYGONALFACE((305,311,261));
#7769=IFCINDEXEDPOLYGONALFACE((306,312,311));
#7770=IFCINDEXEDPOLYGONALFACE((307,313,312));
#7771=IFCINDEXEDPOLYGONALFACE((314,264,267));
#7772=IFCINDEXEDPOLYGONALFACE((309,315,314));
#7773=IFCINDEXEDPOLYGONALFACE((316,315,309));
#7774=IFCINDEXEDPOLYGONALFACE((314,297,263));
#7775=IFCINDEXEDPOLYGONALFACE((315,299,297));
#7776=IFCINDEXEDPOLYGONALFACE((316,317,299));
#7777=IFCINDEXEDPOLYGONALFACE((311,300,262));
#7778=IFCINDEXEDPOLYGONALFACE((304,300,311));
#7779=IFCINDEXEDPOLYGONALFACE((318,304,312));
#7780=IFCINDEXEDPOLYGONALFACE((319,163,160));
#7781=IFCINDEXEDPOLYGONALFACE((21,320,26));
#7782=IFCINDEXEDPOLYGONALFACE((56,59,319));
#7783=IFCINDEXEDPOLYGONALFACE((48,53,59));
#7784=IFCINDEXEDPOLYGONALFACE((39,45,53));
#7785=IFCINDEXEDPOLYGONALFACE((31,36,45));
#7786=IFCINDEXEDPOLYGONALFACE((30,26,36));
#7787=IFCINDEXEDPOLYGONALFACE((16,320,21));
#7788=IFCINDEXEDPOLYGONALFACE((321,322,323));
#7789=IFCINDEXEDPOLYGONALFACE((124,324,325));
#7790=IFCINDEXEDPOLYGONALFACE((326,327,328));
#7791=IFCINDEXEDPOLYGONALFACE((125,325,329));
#7792=IFCINDEXEDPOLYGONALFACE((330,331,126));
#7793=IFCINDEXEDPOLYGONALFACE((330,117,332));
#7794=IFCINDEXEDPOLYGONALFACE((332,117,329));
#7795=IFCINDEXEDPOLYGONALFACE((333,334,335));
#7796=IFCINDEXEDPOLYGONALFACE((336,337,334));
#7797=IFCINDEXEDPOLYGONALFACE((327,337,336));
#7798=IFCINDEXEDPOLYGONALFACE((120,338,339));
#7799=IFCINDEXEDPOLYGONALFACE((339,338,340));
#7800=IFCINDEXEDPOLYGONALFACE((341,334,337));
#7801=IFCINDEXEDPOLYGONALFACE((120,342,338));
#7802=IFCINDEXEDPOLYGONALFACE((338,342,341));
#7803=IFCINDEXEDPOLYGONALFACE((341,343,335));
#7804=IFCINDEXEDPOLYGONALFACE((120,110,344));
#7805=IFCINDEXEDPOLYGONALFACE((341,342,344));
#7806=IFCINDEXEDPOLYGONALFACE((345,346,347));
#7807=IFCINDEXEDPOLYGONALFACE((348,349,345));
#7808=IFCINDEXEDPOLYGONALFACE((345,350,351));
#7809=IFCINDEXEDPOLYGONALFACE((329,347,346));
#7810=IFCINDEXEDPOLYGONALFACE((349,352,350));
#7811=IFCINDEXEDPOLYGONALFACE((353,354,351));
#7812=IFCINDEXEDPOLYGONALFACE((332,346,351));
#7813=IFCINDEXEDPOLYGONALFACE((352,321,353));
#7814=IFCINDEXEDPOLYGONALFACE((355,356,347));
#7815=IFCINDEXEDPOLYGONALFACE((357,326,358));
#7816=IFCINDEXEDPOLYGONALFACE((351,354,331));
#7817=IFCINDEXEDPOLYGONALFACE((359,348,356));
#7818=IFCINDEXEDPOLYGONALFACE((360,327,326));
#7819=IFCINDEXEDPOLYGONALFACE((326,361,362));
#7820=IFCINDEXEDPOLYGONALFACE((363,347,329));
#7821=IFCINDEXEDPOLYGONALFACE((364,122,120));
#7822=IFCINDEXEDPOLYGONALFACE((357,364,339));
#7823=IFCINDEXEDPOLYGONALFACE((335,343,365));
#7824=IFCINDEXEDPOLYGONALFACE((355,366,362));
#7825=IFCINDEXEDPOLYGONALFACE((361,367,359));
#7826=IFCINDEXEDPOLYGONALFACE((325,324,368));
#7827=IFCINDEXEDPOLYGONALFACE((369,107,126));
#7828=IFCINDEXEDPOLYGONALFACE((365,369,331));
#7829=IFCINDEXEDPOLYGONALFACE((357,370,371));
#7830=IFCINDEXEDPOLYGONALFACE((363,368,371));
#7831=IFCINDEXEDPOLYGONALFACE((372,373,374));
#7832=IFCINDEXEDPOLYGONALFACE((375,376,377));
#7833=IFCINDEXEDPOLYGONALFACE((378,379,380));
#7834=IFCINDEXEDPOLYGONALFACE((381,380,382));
#7835=IFCINDEXEDPOLYGONALFACE((383,384,375));
#7836=IFCINDEXEDPOLYGONALFACE((385,386,387));
#7837=IFCINDEXEDPOLYGONALFACE((388,389,390));
#7838=IFCINDEXEDPOLYGONALFACE((391,392,393));
#7839=IFCINDEXEDPOLYGONALFACE((393,392,394));
#7840=IFCINDEXEDPOLYGONALFACE((395,389,388));
#7841=IFCINDEXEDPOLYGONALFACE((396,397,398));
#7842=IFCINDEXEDPOLYGONALFACE((399,400,401));
#7843=IFCINDEXEDPOLYGONALFACE((402,403,404));
#7844=IFCINDEXEDPOLYGONALFACE((404,403,405));
#7845=IFCINDEXEDPOLYGONALFACE((406,407,399));
#7846=IFCINDEXEDPOLYGONALFACE((408,409,410));
#7847=IFCINDEXEDPOLYGONALFACE((411,412,413));
#7848=IFCINDEXEDPOLYGONALFACE((414,415,416));
#7849=IFCINDEXEDPOLYGONALFACE((416,417,418));
#7850=IFCINDEXEDPOLYGONALFACE((419,420,411));
#7851=IFCINDEXEDPOLYGONALFACE((421,328,422));
#7852=IFCINDEXEDPOLYGONALFACE((423,359,367));
#7853=IFCINDEXEDPOLYGONALFACE((424,348,359));
#7854=IFCINDEXEDPOLYGONALFACE((422,328,425));
#7855=IFCINDEXEDPOLYGONALFACE((328,336,426));
#7856=IFCINDEXEDPOLYGONALFACE((427,348,425));
#7857=IFCINDEXEDPOLYGONALFACE((349,348,427));
#7858=IFCINDEXEDPOLYGONALFACE((336,428,429));
#7859=IFCINDEXEDPOLYGONALFACE((336,333,430));
#7860=IFCINDEXEDPOLYGONALFACE((349,428,431));
#7861=IFCINDEXEDPOLYGONALFACE((352,349,432));
#7862=IFCINDEXEDPOLYGONALFACE((333,433,434));
#7863=IFCINDEXEDPOLYGONALFACE((435,333,436));
#7864=IFCINDEXEDPOLYGONALFACE((437,352,433));
#7865=IFCINDEXEDPOLYGONALFACE((321,352,437));
#7866=IFCINDEXEDPOLYGONALFACE((436,322,438));
#7867=IFCINDEXEDPOLYGONALFACE((322,321,439));
#7868=IFCINDEXEDPOLYGONALFACE((440,433,333));
#7869=IFCINDEXEDPOLYGONALFACE((434,433,352));
#7870=IFCINDEXEDPOLYGONALFACE((431,428,336));
#7871=IFCINDEXEDPOLYGONALFACE((428,349,441));
#7872=IFCINDEXEDPOLYGONALFACE((442,425,328));
#7873=IFCINDEXEDPOLYGONALFACE((443,425,348));
#7874=IFCINDEXEDPOLYGONALFACE((444,367,421));
#7875=IFCINDEXEDPOLYGONALFACE((418,417,420));
#7876=IFCINDEXEDPOLYGONALFACE((412,415,414));
#7877=IFCINDEXEDPOLYGONALFACE((445,446,409));
#7878=IFCINDEXEDPOLYGONALFACE((405,407,406));
#7879=IFCINDEXEDPOLYGONALFACE((400,402,447));
#7880=IFCINDEXEDPOLYGONALFACE((448,449,398));
#7881=IFCINDEXEDPOLYGONALFACE((394,395,450));
#7882=IFCINDEXEDPOLYGONALFACE((451,390,391));
#7883=IFCINDEXEDPOLYGONALFACE((385,452,453));
#7884=IFCINDEXEDPOLYGONALFACE((382,384,383));
#7885=IFCINDEXEDPOLYGONALFACE((377,376,379));
#7886=IFCINDEXEDPOLYGONALFACE((454,455,374));
#7887=IFCINDEXEDPOLYGONALFACE((365,354,353));
#7888=IFCINDEXEDPOLYGONALFACE((363,456,366));
#7889=IFCINDEXEDPOLYGONALFACE((365,343,344));
#7890=IFCINDEXEDPOLYGONALFACE((344,110,107));
#7891=IFCINDEXEDPOLYGONALFACE((324,364,357));
#7892=IFCINDEXEDPOLYGONALFACE((360,340,337));
#7893=IFCINDEXEDPOLYGONALFACE((361,326,421));
#7894=IFCINDEXEDPOLYGONALFACE((124,122,364));
#7895=IFCINDEXEDPOLYGONALFACE((436,335,323));
#7896=IFCINDEXEDPOLYGONALFACE((457,443,424));
#7897=IFCINDEXEDPOLYGONALFACE((458,457,459));
#7898=IFCINDEXEDPOLYGONALFACE((376,458,460));
#7899=IFCINDEXEDPOLYGONALFACE((444,461,462));
#7900=IFCINDEXEDPOLYGONALFACE((463,462,464));
#7901=IFCINDEXEDPOLYGONALFACE((465,464,384));
#7902=IFCINDEXEDPOLYGONALFACE((462,461,422));
#7903=IFCINDEXEDPOLYGONALFACE((464,462,466));
#7904=IFCINDEXEDPOLYGONALFACE((384,464,467));
#7905=IFCINDEXEDPOLYGONALFACE((423,444,463));
#7906=IFCINDEXEDPOLYGONALFACE((468,463,465));
#7907=IFCINDEXEDPOLYGONALFACE((380,469,465));
#7908=IFCINDEXEDPOLYGONALFACE((424,423,468));
#7909=IFCINDEXEDPOLYGONALFACE((460,459,468));
#7910=IFCINDEXEDPOLYGONALFACE((379,460,469));
#7911=IFCINDEXEDPOLYGONALFACE((466,422,443));
#7912=IFCINDEXEDPOLYGONALFACE((467,466,457));
#7913=IFCINDEXEDPOLYGONALFACE((467,458,376));
#7914=IFCINDEXEDPOLYGONALFACE((470,429,441));
#7915=IFCINDEXEDPOLYGONALFACE((471,470,472));
#7916=IFCINDEXEDPOLYGONALFACE((412,471,473));
#7917=IFCINDEXEDPOLYGONALFACE((474,442,475));
#7918=IFCINDEXEDPOLYGONALFACE((476,474,477));
#7919=IFCINDEXEDPOLYGONALFACE((476,478,420));
#7920=IFCINDEXEDPOLYGONALFACE((475,426,479));
#7921=IFCINDEXEDPOLYGONALFACE((478,477,479));
#7922=IFCINDEXEDPOLYGONALFACE((420,478,480));
#7923=IFCINDEXEDPOLYGONALFACE((427,442,474));
#7924=IFCINDEXEDPOLYGONALFACE((481,474,476));
#7925=IFCINDEXEDPOLYGONALFACE((482,476,417));
#7926=IFCINDEXEDPOLYGONALFACE((472,441,427));
#7927=IFCINDEXEDPOLYGONALFACE((473,472,481));
#7928=IFCINDEXEDPOLYGONALFACE((415,473,482));
#7929=IFCINDEXEDPOLYGONALFACE((426,429,470));
#7930=IFCINDEXEDPOLYGONALFACE((479,470,471));
#7931=IFCINDEXEDPOLYGONALFACE((480,471,412));
#7932=IFCINDEXEDPOLYGONALFACE((483,434,484));
#7933=IFCINDEXEDPOLYGONALFACE((485,483,486));
#7934=IFCINDEXEDPOLYGONALFACE((485,487,402));
#7935=IFCINDEXEDPOLYGONALFACE((488,431,489));
#7936=IFCINDEXEDPOLYGONALFACE((490,488,491));
#7937=IFCINDEXEDPOLYGONALFACE((490,492,407));
#7938=IFCINDEXEDPOLYGONALFACE((489,430,493));
#7939=IFCINDEXEDPOLYGONALFACE((491,493,494));
#7940=IFCINDEXEDPOLYGONALFACE((407,492,494));
#7941=IFCINDEXEDPOLYGONALFACE((495,432,431));
#7942=IFCINDEXEDPOLYGONALFACE((495,488,490));
#7943=IFCINDEXEDPOLYGONALFACE((403,496,490));
#7944=IFCINDEXEDPOLYGONALFACE((484,432,495));
#7945=IFCINDEXEDPOLYGONALFACE((486,495,496));
#7946=IFCINDEXEDPOLYGONALFACE((487,496,403));
#7947=IFCINDEXEDPOLYGONALFACE((493,430,434));
#7948=IFCINDEXEDPOLYGONALFACE((494,493,483));
#7949=IFCINDEXEDPOLYGONALFACE((399,494,485));
#7950=IFCINDEXEDPOLYGONALFACE((497,438,439));
#7951=IFCINDEXEDPOLYGONALFACE((498,497,499));
#7952=IFCINDEXEDPOLYGONALFACE((390,498,500));
#7953=IFCINDEXEDPOLYGONALFACE((501,440,435));
#7954=IFCINDEXEDPOLYGONALFACE((502,501,503));
#7955=IFCINDEXEDPOLYGONALFACE((502,504,395));
#7956=IFCINDEXEDPOLYGONALFACE((435,505,506));
#7957=IFCINDEXEDPOLYGONALFACE((503,506,507));
#7958=IFCINDEXEDPOLYGONALFACE((504,507,389));
#7959=IFCINDEXEDPOLYGONALFACE((437,440,501));
#7960=IFCINDEXEDPOLYGONALFACE((508,501,502));
#7961=IFCINDEXEDPOLYGONALFACE((509,502,394));
#7962=IFCINDEXEDPOLYGONALFACE((439,437,508));
#7963=IFCINDEXEDPOLYGONALFACE((499,508,509));
#7964=IFCINDEXEDPOLYGONALFACE((500,509,392));
#7965=IFCINDEXEDPOLYGONALFACE((506,505,438));
#7966=IFCINDEXEDPOLYGONALFACE((507,506,497));
#7967=IFCINDEXEDPOLYGONALFACE((389,507,498));
#7968=IFCINDEXEDPOLYGONALFACE((377,374,455));
#7969=IFCINDEXEDPOLYGONALFACE((378,381,372));
#7970=IFCINDEXEDPOLYGONALFACE((510,373,372));
#7971=IFCINDEXEDPOLYGONALFACE((511,455,454));
#7972=IFCINDEXEDPOLYGONALFACE((451,386,453));
#7973=IFCINDEXEDPOLYGONALFACE((512,393,513));
#7974=IFCINDEXEDPOLYGONALFACE((514,385,513));
#7975=IFCINDEXEDPOLYGONALFACE((450,388,453));
#7976=IFCINDEXEDPOLYGONALFACE((515,401,398));
#7977=IFCINDEXEDPOLYGONALFACE((447,404,396));
#7978=IFCINDEXEDPOLYGONALFACE((516,397,396));
#7979=IFCINDEXEDPOLYGONALFACE((406,515,449));
#7980=IFCINDEXEDPOLYGONALFACE((413,409,446));
#7981=IFCINDEXEDPOLYGONALFACE((414,517,518));
#7982=IFCINDEXEDPOLYGONALFACE((517,418,408));
#7983=IFCINDEXEDPOLYGONALFACE((419,519,446));
#7984=IFCINDEXEDPOLYGONALFACE((377,378,520));
#7985=IFCINDEXEDPOLYGONALFACE((510,383,454));
#7986=IFCINDEXEDPOLYGONALFACE((512,387,386));
#7987=IFCINDEXEDPOLYGONALFACE((514,450,452));
#7988=IFCINDEXEDPOLYGONALFACE((447,521,398));
#7989=IFCINDEXEDPOLYGONALFACE((406,448,397));
#7990=IFCINDEXEDPOLYGONALFACE((414,410,409));
#7991=IFCINDEXEDPOLYGONALFACE((419,445,408));
#7992=IFCINDEXEDPOLYGONALFACE((522,523,524));
#7993=IFCINDEXEDPOLYGONALFACE((525,526,527));
#7994=IFCINDEXEDPOLYGONALFACE((528,529,530));
#7995=IFCINDEXEDPOLYGONALFACE((530,531,532));
#7996=IFCINDEXEDPOLYGONALFACE((533,525,534));
#7997=IFCINDEXEDPOLYGONALFACE((532,531,533));
#7998=IFCINDEXEDPOLYGONALFACE((527,526,529));
#7999=IFCINDEXEDPOLYGONALFACE((535,536,524));
#8000=IFCINDEXEDPOLYGONALFACE((537,362,366));
#8001=IFCINDEXEDPOLYGONALFACE((526,537,538));
#8002=IFCINDEXEDPOLYGONALFACE((539,371,370));
#8003=IFCINDEXEDPOLYGONALFACE((539,540,533));
#8004=IFCINDEXEDPOLYGONALFACE((370,358,541));
#8005=IFCINDEXEDPOLYGONALFACE((533,540,541));
#8006=IFCINDEXEDPOLYGONALFACE((542,456,371));
#8007=IFCINDEXEDPOLYGONALFACE((542,539,531));
#8008=IFCINDEXEDPOLYGONALFACE((538,366,456));
#8009=IFCINDEXEDPOLYGONALFACE((529,538,542));
#8010=IFCINDEXEDPOLYGONALFACE((358,362,537));
#8011=IFCINDEXEDPOLYGONALFACE((541,537,526));
#8012=IFCINDEXEDPOLYGONALFACE((534,527,524));
#8013=IFCINDEXEDPOLYGONALFACE((528,543,522));
#8014=IFCINDEXEDPOLYGONALFACE((543,532,523));
#8015=IFCINDEXEDPOLYGONALFACE((534,536,535));
#8016=IFCINDEXEDPOLYGONALFACE((528,544,524));
#8017=IFCINDEXEDPOLYGONALFACE((545,535,523));
#8018=IFCINDEXEDPOLYGONALFACE((62,161,159));
#8019=IFCINDEXEDPOLYGONALFACE((23,155,29));
#8020=IFCINDEXEDPOLYGONALFACE((57,546,62));
#8021=IFCINDEXEDPOLYGONALFACE((55,546,57));
#8022=IFCINDEXEDPOLYGONALFACE((47,55,49));
#8023=IFCINDEXEDPOLYGONALFACE((38,47,40));
#8024=IFCINDEXEDPOLYGONALFACE((32,29,38));
#8025=IFCINDEXEDPOLYGONALFACE((22,19,155));
#8026=IFCINDEXEDPOLYGONALFACE((547,548,549));
#8027=IFCINDEXEDPOLYGONALFACE((550,547,551));
#8028=IFCINDEXEDPOLYGONALFACE((552,550,553));
#8029=IFCINDEXEDPOLYGONALFACE((554,555,552));
#8030=IFCINDEXEDPOLYGONALFACE((556,557,555));
#8031=IFCINDEXEDPOLYGONALFACE((558,559,560));
#8032=IFCINDEXEDPOLYGONALFACE((561,562,563));
#8033=IFCINDEXEDPOLYGONALFACE((564,563,565));
#8034=IFCINDEXEDPOLYGONALFACE((566,565,567));
#8035=IFCINDEXEDPOLYGONALFACE((559,568,567));
#8036=IFCINDEXEDPOLYGONALFACE((569,570,571));
#8037=IFCINDEXEDPOLYGONALFACE((572,569,573));
#8038=IFCINDEXEDPOLYGONALFACE((574,572,575));
#8039=IFCINDEXEDPOLYGONALFACE((557,574,576));
#8040=IFCINDEXEDPOLYGONALFACE((573,571,577));
#8041=IFCINDEXEDPOLYGONALFACE((575,573,578));
#8042=IFCINDEXEDPOLYGONALFACE((576,575,579));
#8043=IFCINDEXEDPOLYGONALFACE((576,580,552));
#8044=IFCINDEXEDPOLYGONALFACE((577,581,582));
#8045=IFCINDEXEDPOLYGONALFACE((579,578,582));
#8046=IFCINDEXEDPOLYGONALFACE((580,579,583));
#8047=IFCINDEXEDPOLYGONALFACE((552,580,584));
#8048=IFCINDEXEDPOLYGONALFACE((581,585,586));
#8049=IFCINDEXEDPOLYGONALFACE((583,582,586));
#8050=IFCINDEXEDPOLYGONALFACE((584,583,587));
#8051=IFCINDEXEDPOLYGONALFACE((584,588,547));
#8052=IFCINDEXEDPOLYGONALFACE((586,585,589));
#8053=IFCINDEXEDPOLYGONALFACE((587,586,590));
#8054=IFCINDEXEDPOLYGONALFACE((587,591,592));
#8055=IFCINDEXEDPOLYGONALFACE((588,592,548));
#8056=IFCINDEXEDPOLYGONALFACE((153,79,562));
#8057=IFCINDEXEDPOLYGONALFACE((76,81,571));
#8058=IFCINDEXEDPOLYGONALFACE((81,80,577));
#8059=IFCINDEXEDPOLYGONALFACE((77,82,589));
#8060=IFCINDEXEDPOLYGONALFACE((78,581,577));
#8061=IFCINDEXEDPOLYGONALFACE((77,585,581));
#8062=IFCINDEXEDPOLYGONALFACE((593,594,595));
#8063=IFCINDEXEDPOLYGONALFACE((553,551,596));
#8064=IFCINDEXEDPOLYGONALFACE((597,549,598));
#8065=IFCINDEXEDPOLYGONALFACE((599,600,597));
#8066=IFCINDEXEDPOLYGONALFACE((594,600,599));
#8067=IFCINDEXEDPOLYGONALFACE((596,601,602));
#8068=IFCINDEXEDPOLYGONALFACE((603,554,602));
#8069=IFCINDEXEDPOLYGONALFACE((556,554,603));
#8070=IFCINDEXEDPOLYGONALFACE((603,601,600));
#8071=IFCINDEXEDPOLYGONALFACE((601,596,597));
#8072=IFCINDEXEDPOLYGONALFACE((596,551,549));
#8073=IFCINDEXEDPOLYGONALFACE((593,556,603));
#8074=IFCINDEXEDPOLYGONALFACE((82,604,605));
#8075=IFCINDEXEDPOLYGONALFACE((76,570,562));
#8076=IFCINDEXEDPOLYGONALFACE((592,606,607));
#8077=IFCINDEXEDPOLYGONALFACE((592,591,608));
#8078=IFCINDEXEDPOLYGONALFACE((591,590,609));
#8079=IFCINDEXEDPOLYGONALFACE((590,589,605));
#8080=IFCINDEXEDPOLYGONALFACE((567,574,557));
#8081=IFCINDEXEDPOLYGONALFACE((567,565,572));
#8082=IFCINDEXEDPOLYGONALFACE((565,563,569));
#8083=IFCINDEXEDPOLYGONALFACE((563,562,570));
#8084=IFCINDEXEDPOLYGONALFACE((593,560,557));
#8085=IFCINDEXEDPOLYGONALFACE((548,607,598));
#8086=IFCINDEXEDPOLYGONALFACE((273,610,611));
#8087=IFCINDEXEDPOLYGONALFACE((279,612,613));
#8088=IFCINDEXEDPOLYGONALFACE((614,615,616));
#8089=IFCINDEXEDPOLYGONALFACE((617,618,619));
#8090=IFCINDEXEDPOLYGONALFACE((620,621,622));
#8091=IFCINDEXEDPOLYGONALFACE((623,624,625));
#8092=IFCINDEXEDPOLYGONALFACE((277,626,627));
#8093=IFCINDEXEDPOLYGONALFACE((281,628,629));
#8094=IFCINDEXEDPOLYGONALFACE((269,627,612));
#8095=IFCINDEXEDPOLYGONALFACE((624,630,631));
#8096=IFCINDEXEDPOLYGONALFACE((287,611,628));
#8097=IFCINDEXEDPOLYGONALFACE((632,633,634));
#8098=IFCINDEXEDPOLYGONALFACE((632,635,636));
#8099=IFCINDEXEDPOLYGONALFACE((637,636,638));
#8100=IFCINDEXEDPOLYGONALFACE((624,639,638));
#8101=IFCINDEXEDPOLYGONALFACE((640,641,633));
#8102=IFCINDEXEDPOLYGONALFACE((640,632,637));
#8103=IFCINDEXEDPOLYGONALFACE((642,637,639));
#8104=IFCINDEXEDPOLYGONALFACE((643,639,624));
#8105=IFCINDEXEDPOLYGONALFACE((644,614,645));
#8106=IFCINDEXEDPOLYGONALFACE((646,644,647));
#8107=IFCINDEXEDPOLYGONALFACE((648,646,649));
#8108=IFCINDEXEDPOLYGONALFACE((621,648,650));
#8109=IFCINDEXEDPOLYGONALFACE((651,652,653));
#8110=IFCINDEXEDPOLYGONALFACE((654,651,655));
#8111=IFCINDEXEDPOLYGONALFACE((654,656,657));
#8112=IFCINDEXEDPOLYGONALFACE((658,657,619));
#8113=IFCINDEXEDPOLYGONALFACE((272,659,610));
#8114=IFCINDEXEDPOLYGONALFACE((659,272,660));
#8115=IFCINDEXEDPOLYGONALFACE((660,272,661));
#8116=IFCINDEXEDPOLYGONALFACE((280,613,661));
#8117=IFCINDEXEDPOLYGONALFACE((662,663,664));
#8118=IFCINDEXEDPOLYGONALFACE((665,666,667));
#8119=IFCINDEXEDPOLYGONALFACE((668,669,670));
#8120=IFCINDEXEDPOLYGONALFACE((669,671,672));
#8121=IFCINDEXEDPOLYGONALFACE((673,674,665));
#8122=IFCINDEXEDPOLYGONALFACE((675,676,677));
#8123=IFCINDEXEDPOLYGONALFACE((678,679,680));
#8124=IFCINDEXEDPOLYGONALFACE((681,682,683));
#8125=IFCINDEXEDPOLYGONALFACE((682,684,685));
#8126=IFCINDEXEDPOLYGONALFACE((686,678,687));
#8127=IFCINDEXEDPOLYGONALFACE((688,689,690));
#8128=IFCINDEXEDPOLYGONALFACE((691,692,693));
#8129=IFCINDEXEDPOLYGONALFACE((694,695,696));
#8130=IFCINDEXEDPOLYGONALFACE((696,695,697));
#8131=IFCINDEXEDPOLYGONALFACE((698,699,691));
#8132=IFCINDEXEDPOLYGONALFACE((700,701,702));
#8133=IFCINDEXEDPOLYGONALFACE((703,704,705));
#8134=IFCINDEXEDPOLYGONALFACE((706,707,708));
#8135=IFCINDEXEDPOLYGONALFACE((708,709,710));
#8136=IFCINDEXEDPOLYGONALFACE((711,703,712));
#8137=IFCINDEXEDPOLYGONALFACE((713,714,715));
#8138=IFCINDEXEDPOLYGONALFACE((716,717,718));
#8139=IFCINDEXEDPOLYGONALFACE((719,720,721));
#8140=IFCINDEXEDPOLYGONALFACE((720,722,723));
#8141=IFCINDEXEDPOLYGONALFACE((724,725,717));
#8142=IFCINDEXEDPOLYGONALFACE((667,726,727));
#8143=IFCINDEXEDPOLYGONALFACE((728,670,729));
#8144=IFCINDEXEDPOLYGONALFACE((672,730,729));
#8145=IFCINDEXEDPOLYGONALFACE((673,731,727));
#8146=IFCINDEXEDPOLYGONALFACE((680,732,733));
#8147=IFCINDEXEDPOLYGONALFACE((734,683,735));
#8148=IFCINDEXEDPOLYGONALFACE((685,736,735));
#8149=IFCINDEXEDPOLYGONALFACE((687,733,737));
#8150=IFCINDEXEDPOLYGONALFACE((738,693,739));
#8151=IFCINDEXEDPOLYGONALFACE((696,740,741));
#8152=IFCINDEXEDPOLYGONALFACE((696,742,743));
#8153=IFCINDEXEDPOLYGONALFACE((738,744,745));
#8154=IFCINDEXEDPOLYGONALFACE((705,746,747));
#8155=IFCINDEXEDPOLYGONALFACE((706,748,749));
#8156=IFCINDEXEDPOLYGONALFACE((710,750,749));
#8157=IFCINDEXEDPOLYGONALFACE((751,712,747));
#8158=IFCINDEXEDPOLYGONALFACE((716,752,753));
#8159=IFCINDEXEDPOLYGONALFACE((754,721,755));
#8160=IFCINDEXEDPOLYGONALFACE((721,723,756));
#8161=IFCINDEXEDPOLYGONALFACE((724,716,757));
#8162=IFCINDEXEDPOLYGONALFACE((726,664,758));
#8163=IFCINDEXEDPOLYGONALFACE((729,662,759));
#8164=IFCINDEXEDPOLYGONALFACE((730,663,662));
#8165=IFCINDEXEDPOLYGONALFACE((727,758,760));
#8166=IFCINDEXEDPOLYGONALFACE((732,676,761));
#8167=IFCINDEXEDPOLYGONALFACE((735,762,677));
#8168=IFCINDEXEDPOLYGONALFACE((735,736,675));
#8169=IFCINDEXEDPOLYGONALFACE((737,733,761));
#8170=IFCINDEXEDPOLYGONALFACE((739,689,763));
#8171=IFCINDEXEDPOLYGONALFACE((741,740,764));
#8172=IFCINDEXEDPOLYGONALFACE((740,743,688));
#8173=IFCINDEXEDPOLYGONALFACE((745,744,763));
#8174=IFCINDEXEDPOLYGONALFACE((747,746,702));
#8175=IFCINDEXEDPOLYGONALFACE((749,700,765));
#8176=IFCINDEXEDPOLYGONALFACE((749,750,701));
#8177=IFCINDEXEDPOLYGONALFACE((766,747,767));
#8178=IFCINDEXEDPOLYGONALFACE((753,715,768));
#8179=IFCINDEXEDPOLYGONALFACE((755,713,769));
#8180=IFCINDEXEDPOLYGONALFACE((756,714,713));
#8181=IFCINDEXEDPOLYGONALFACE((770,757,768));
#8182=IFCINDEXEDPOLYGONALFACE((771,651,654));
#8183=IFCINDEXEDPOLYGONALFACE((771,772,717));
#8184=IFCINDEXEDPOLYGONALFACE((773,621,774));
#8185=IFCINDEXEDPOLYGONALFACE((720,773,775));
#8186=IFCINDEXEDPOLYGONALFACE((648,621,773));
#8187=IFCINDEXEDPOLYGONALFACE((719,776,773));
#8188=IFCINDEXEDPOLYGONALFACE((772,654,777));
#8189=IFCINDEXEDPOLYGONALFACE((717,772,778));
#8190=IFCINDEXEDPOLYGONALFACE((652,651,779));
#8191=IFCINDEXEDPOLYGONALFACE((674,780,779));
#8192=IFCINDEXEDPOLYGONALFACE((781,620,782));
#8193=IFCINDEXEDPOLYGONALFACE((781,783,671));
#8194=IFCINDEXEDPOLYGONALFACE((621,620,781));
#8195=IFCINDEXEDPOLYGONALFACE((668,784,781));
#8196=IFCINDEXEDPOLYGONALFACE((651,774,785));
#8197=IFCINDEXEDPOLYGONALFACE((665,779,785));
#8198=IFCINDEXEDPOLYGONALFACE((786,654,658));
#8199=IFCINDEXEDPOLYGONALFACE((786,787,703));
#8200=IFCINDEXEDPOLYGONALFACE((648,777,788));
#8201=IFCINDEXEDPOLYGONALFACE((708,789,788));
#8202=IFCINDEXEDPOLYGONALFACE((646,648,789));
#8203=IFCINDEXEDPOLYGONALFACE((790,789,708));
#8204=IFCINDEXEDPOLYGONALFACE((787,658,791));
#8205=IFCINDEXEDPOLYGONALFACE((703,787,792));
#8206=IFCINDEXEDPOLYGONALFACE((793,658,618));
#8207=IFCINDEXEDPOLYGONALFACE((793,794,691));
#8208=IFCINDEXEDPOLYGONALFACE((646,791,795));
#8209=IFCINDEXEDPOLYGONALFACE((695,796,795));
#8210=IFCINDEXEDPOLYGONALFACE((644,646,796));
#8211=IFCINDEXEDPOLYGONALFACE((797,796,695));
#8212=IFCINDEXEDPOLYGONALFACE((794,618,798));
#8213=IFCINDEXEDPOLYGONALFACE((691,794,799));
#8214=IFCINDEXEDPOLYGONALFACE((800,618,617));
#8215=IFCINDEXEDPOLYGONALFACE((686,800,801));
#8216=IFCINDEXEDPOLYGONALFACE((802,644,798));
#8217=IFCINDEXEDPOLYGONALFACE((682,802,803));
#8218=IFCINDEXEDPOLYGONALFACE((614,644,802));
#8219=IFCINDEXEDPOLYGONALFACE((804,802,682));
#8220=IFCINDEXEDPOLYGONALFACE((801,617,615));
#8221=IFCINDEXEDPOLYGONALFACE((678,801,805));
#8222=IFCINDEXEDPOLYGONALFACE((805,804,681));
#8223=IFCINDEXEDPOLYGONALFACE((615,614,804));
#8224=IFCINDEXEDPOLYGONALFACE((803,800,686));
#8225=IFCINDEXEDPOLYGONALFACE((803,798,618));
#8226=IFCINDEXEDPOLYGONALFACE((799,797,694));
#8227=IFCINDEXEDPOLYGONALFACE((799,798,644));
#8228=IFCINDEXEDPOLYGONALFACE((795,793,699));
#8229=IFCINDEXEDPOLYGONALFACE((791,658,793));
#8230=IFCINDEXEDPOLYGONALFACE((792,790,707));
#8231=IFCINDEXEDPOLYGONALFACE((792,791,646));
#8232=IFCINDEXEDPOLYGONALFACE((788,786,711));
#8233=IFCINDEXEDPOLYGONALFACE((777,654,786));
#8234=IFCINDEXEDPOLYGONALFACE((785,784,668));
#8235=IFCINDEXEDPOLYGONALFACE((785,774,621));
#8236=IFCINDEXEDPOLYGONALFACE((783,780,674));
#8237=IFCINDEXEDPOLYGONALFACE((782,652,780));
#8238=IFCINDEXEDPOLYGONALFACE((778,776,719));
#8239=IFCINDEXEDPOLYGONALFACE((777,648,776));
#8240=IFCINDEXEDPOLYGONALFACE((775,771,725));
#8241=IFCINDEXEDPOLYGONALFACE((775,774,651));
#8242=IFCINDEXEDPOLYGONALFACE((770,806,714));
#8243=IFCINDEXEDPOLYGONALFACE((753,807,769));
#8244=IFCINDEXEDPOLYGONALFACE((766,808,701));
#8245=IFCINDEXEDPOLYGONALFACE((809,765,702));
#8246=IFCINDEXEDPOLYGONALFACE((745,810,688));
#8247=IFCINDEXEDPOLYGONALFACE((739,741,690));
#8248=IFCINDEXEDPOLYGONALFACE((736,737,811));
#8249=IFCINDEXEDPOLYGONALFACE((732,812,677));
#8250=IFCINDEXEDPOLYGONALFACE((730,813,760));
#8251=IFCINDEXEDPOLYGONALFACE((726,814,759));
#8252=IFCINDEXEDPOLYGONALFACE((724,770,756));
#8253=IFCINDEXEDPOLYGONALFACE((754,807,753));
#8254=IFCINDEXEDPOLYGONALFACE((710,751,766));
#8255=IFCINDEXEDPOLYGONALFACE((705,706,809));
#8256=IFCINDEXEDPOLYGONALFACE((742,698,745));
#8257=IFCINDEXEDPOLYGONALFACE((815,741,739));
#8258=IFCINDEXEDPOLYGONALFACE((685,816,737));
#8259=IFCINDEXEDPOLYGONALFACE((680,734,812));
#8260=IFCINDEXEDPOLYGONALFACE((672,673,813));
#8261=IFCINDEXEDPOLYGONALFACE((728,814,726));
#8262=IFCINDEXEDPOLYGONALFACE((722,725,724));
#8263=IFCINDEXEDPOLYGONALFACE((752,718,719));
#8264=IFCINDEXEDPOLYGONALFACE((714,806,768));
#8265=IFCINDEXEDPOLYGONALFACE((710,709,711));
#8266=IFCINDEXEDPOLYGONALFACE((705,704,707));
#8267=IFCINDEXEDPOLYGONALFACE((808,767,702));
#8268=IFCINDEXEDPOLYGONALFACE((697,699,698));
#8269=IFCINDEXEDPOLYGONALFACE((692,694,815));
#8270=IFCINDEXEDPOLYGONALFACE((688,810,763));
#8271=IFCINDEXEDPOLYGONALFACE((685,684,686));
#8272=IFCINDEXEDPOLYGONALFACE((680,679,681));
#8273=IFCINDEXEDPOLYGONALFACE((675,811,761));
#8274=IFCINDEXEDPOLYGONALFACE((672,671,674));
#8275=IFCINDEXEDPOLYGONALFACE((667,666,668));
#8276=IFCINDEXEDPOLYGONALFACE((760,758,664));
#8277=IFCINDEXEDPOLYGONALFACE((630,638,661));
#8278=IFCINDEXEDPOLYGONALFACE((638,636,660));
#8279=IFCINDEXEDPOLYGONALFACE((660,636,635));
#8280=IFCINDEXEDPOLYGONALFACE((635,634,610));
#8281=IFCINDEXEDPOLYGONALFACE((633,641,628));
#8282=IFCINDEXEDPOLYGONALFACE((627,625,631));
#8283=IFCINDEXEDPOLYGONALFACE((641,817,629));
#8284=IFCINDEXEDPOLYGONALFACE((626,818,625));
#8285=IFCINDEXEDPOLYGONALFACE((615,617,819));
#8286=IFCINDEXEDPOLYGONALFACE((612,631,630));
#8287=IFCINDEXEDPOLYGONALFACE((634,633,611));
#8288=IFCINDEXEDPOLYGONALFACE((820,818,626));
#8289=IFCINDEXEDPOLYGONALFACE((821,822,823));
#8290=IFCINDEXEDPOLYGONALFACE((824,643,623));
#8291=IFCINDEXEDPOLYGONALFACE((825,642,643));
#8292=IFCINDEXEDPOLYGONALFACE((826,640,642));
#8293=IFCINDEXEDPOLYGONALFACE((826,817,641));
#8294=IFCINDEXEDPOLYGONALFACE((284,827,828));
#8295=IFCINDEXEDPOLYGONALFACE((284,828,829));
#8296=IFCINDEXEDPOLYGONALFACE((829,830,285));
#8297=IFCINDEXEDPOLYGONALFACE((830,823,277));
#8298=IFCINDEXEDPOLYGONALFACE((817,831,832));
#8299=IFCINDEXEDPOLYGONALFACE((827,284,281));
#8300=IFCINDEXEDPOLYGONALFACE((820,833,623));
#8301=IFCINDEXEDPOLYGONALFACE((822,626,277));
#8302=IFCINDEXEDPOLYGONALFACE((288,294,293));
#8303=IFCINDEXEDPOLYGONALFACE((283,298,317));
#8304=IFCINDEXEDPOLYGONALFACE((286,303,318));
#8305=IFCINDEXEDPOLYGONALFACE((278,307,294));
#8306=IFCINDEXEDPOLYGONALFACE((283,282,293));
#8307=IFCINDEXEDPOLYGONALFACE((276,310,303));
#8308=IFCINDEXEDPOLYGONALFACE((278,271,313));
#8309=IFCINDEXEDPOLYGONALFACE((276,275,316));
#8310=IFCINDEXEDPOLYGONALFACE((275,274,317));
#8311=IFCINDEXEDPOLYGONALFACE((271,270,318));
#8312=IFCINDEXEDPOLYGONALFACE((834,782,620));
#8313=IFCINDEXEDPOLYGONALFACE((834,653,652));
#8314=IFCINDEXEDPOLYGONALFACE((835,629,832));
#8315=IFCINDEXEDPOLYGONALFACE((819,836,821));
#8316=IFCINDEXEDPOLYGONALFACE((657,837,838));
#8317=IFCINDEXEDPOLYGONALFACE((656,839,837));
#8318=IFCINDEXEDPOLYGONALFACE((655,840,839));
#8319=IFCINDEXEDPOLYGONALFACE((653,831,840));
#8320=IFCINDEXEDPOLYGONALFACE((650,841,842));
#8321=IFCINDEXEDPOLYGONALFACE((650,649,843));
#8322=IFCINDEXEDPOLYGONALFACE((647,844,843));
#8323=IFCINDEXEDPOLYGONALFACE((647,645,845));
#8324=IFCINDEXEDPOLYGONALFACE((622,842,846));
#8325=IFCINDEXEDPOLYGONALFACE((619,838,836));
#8326=IFCINDEXEDPOLYGONALFACE((831,653,834));
#8327=IFCINDEXEDPOLYGONALFACE((846,832,834));
#8328=IFCINDEXEDPOLYGONALFACE((836,820,822));
#8329=IFCINDEXEDPOLYGONALFACE((837,824,833));
#8330=IFCINDEXEDPOLYGONALFACE((839,825,824));
#8331=IFCINDEXEDPOLYGONALFACE((839,840,826));
#8332=IFCINDEXEDPOLYGONALFACE((840,831,817));
#8333=IFCINDEXEDPOLYGONALFACE((841,828,827));
#8334=IFCINDEXEDPOLYGONALFACE((841,843,829));
#8335=IFCINDEXEDPOLYGONALFACE((844,830,829));
#8336=IFCINDEXEDPOLYGONALFACE((844,845,823));
#8337=IFCINDEXEDPOLYGONALFACE((842,827,835));
#8338=IFCINDEXEDPOLYGONALFACE((838,833,820));
#8339=IFCINDEXEDPOLYGONALFACE((616,821,845));
#8340=IFCINDEXEDPOLYGONALFACE((847,848,849));
#8341=IFCINDEXEDPOLYGONALFACE((847,850,851));
#8342=IFCINDEXEDPOLYGONALFACE((852,853,854));
#8343=IFCINDEXEDPOLYGONALFACE((854,853,855));
#8344=IFCINDEXEDPOLYGONALFACE((856,857,858));
#8345=IFCINDEXEDPOLYGONALFACE((13,859,860));
#8346=IFCINDEXEDPOLYGONALFACE((16,861,862));
#8347=IFCINDEXEDPOLYGONALFACE((19,863,864));
#8348=IFCINDEXEDPOLYGONALFACE((865,866,22));
#8349=IFCINDEXEDPOLYGONALFACE((14,860,865));
#8350=IFCINDEXEDPOLYGONALFACE((867,868,869));
#8351=IFCINDEXEDPOLYGONALFACE((870,871,872));
#8352=IFCINDEXEDPOLYGONALFACE((873,874,875));
#8353=IFCINDEXEDPOLYGONALFACE((857,873,876));
#8354=IFCINDEXEDPOLYGONALFACE((868,877,878));
#8355=IFCINDEXEDPOLYGONALFACE((871,879,880));
#8356=IFCINDEXEDPOLYGONALFACE((873,881,882));
#8357=IFCINDEXEDPOLYGONALFACE((883,884,885));
#8358=IFCINDEXEDPOLYGONALFACE((877,886,887));
#8359=IFCINDEXEDPOLYGONALFACE((879,888,889));
#8360=IFCINDEXEDPOLYGONALFACE((881,890,891));
#8361=IFCINDEXEDPOLYGONALFACE((892,893,890));
#8362=IFCINDEXEDPOLYGONALFACE((886,894,895));
#8363=IFCINDEXEDPOLYGONALFACE((888,896,897));
#8364=IFCINDEXEDPOLYGONALFACE((890,898,899));
#8365=IFCINDEXEDPOLYGONALFACE((851,850,898));
#8366=IFCINDEXEDPOLYGONALFACE((894,900,901));
#8367=IFCINDEXEDPOLYGONALFACE((902,903,897));
#8368=IFCINDEXEDPOLYGONALFACE((904,905,899));
#8369=IFCINDEXEDPOLYGONALFACE((850,849,904));
#8370=IFCINDEXEDPOLYGONALFACE((906,907,908));
#8371=IFCINDEXEDPOLYGONALFACE((852,907,906));
#8372=IFCINDEXEDPOLYGONALFACE((909,853,852));
#8373=IFCINDEXEDPOLYGONALFACE((72,910,911));
#8374=IFCINDEXEDPOLYGONALFACE((855,853,909));
#8375=IFCINDEXEDPOLYGONALFACE((912,855,913));
#8376=IFCINDEXEDPOLYGONALFACE((914,906,915));
#8377=IFCINDEXEDPOLYGONALFACE((916,917,913));
#8378=IFCINDEXEDPOLYGONALFACE((906,918,919));
#8379=IFCINDEXEDPOLYGONALFACE((920,913,909));
#8380=IFCINDEXEDPOLYGONALFACE((921,909,914));
#8381=IFCINDEXEDPOLYGONALFACE((83,911,922));
#8382=IFCINDEXEDPOLYGONALFACE((923,924,925));
#8383=IFCINDEXEDPOLYGONALFACE((854,925,926));
#8384=IFCINDEXEDPOLYGONALFACE((926,925,927));
#8385=IFCINDEXEDPOLYGONALFACE((925,924,928));
#8386=IFCINDEXEDPOLYGONALFACE((929,930,851));
#8387=IFCINDEXEDPOLYGONALFACE((931,873,857));
#8388=IFCINDEXEDPOLYGONALFACE((931,932,933));
#8389=IFCINDEXEDPOLYGONALFACE((934,851,890));
#8390=IFCINDEXEDPOLYGONALFACE((923,929,934));
#8391=IFCINDEXEDPOLYGONALFACE((932,931,883));
#8392=IFCINDEXEDPOLYGONALFACE((856,935,907));
#8393=IFCINDEXEDPOLYGONALFACE((884,883,857));
#8394=IFCINDEXEDPOLYGONALFACE((935,859,908));
#8395=IFCINDEXEDPOLYGONALFACE((72,164,848));
#8396=IFCINDEXEDPOLYGONALFACE((912,847,930));
#8397=IFCINDEXEDPOLYGONALFACE((924,934,893));
#8398=IFCINDEXEDPOLYGONALFACE((855,930,929));
#8399=IFCINDEXEDPOLYGONALFACE((884,856,852));
#8400=IFCINDEXEDPOLYGONALFACE((936,937,938));
#8401=IFCINDEXEDPOLYGONALFACE((933,939,940));
#8402=IFCINDEXEDPOLYGONALFACE((941,873,931));
#8403=IFCINDEXEDPOLYGONALFACE((927,928,942));
#8404=IFCINDEXEDPOLYGONALFACE((937,890,881));
#8405=IFCINDEXEDPOLYGONALFACE((932,927,939));
#8406=IFCINDEXEDPOLYGONALFACE((942,928,893));
#8407=IFCINDEXEDPOLYGONALFACE((938,881,873));
#8408=IFCINDEXEDPOLYGONALFACE((943,944,945));
#8409=IFCINDEXEDPOLYGONALFACE((944,946,947));
#8410=IFCINDEXEDPOLYGONALFACE((938,941,948));
#8411=IFCINDEXEDPOLYGONALFACE((949,933,950));
#8412=IFCINDEXEDPOLYGONALFACE((939,942,951));
#8413=IFCINDEXEDPOLYGONALFACE((948,941,949));
#8414=IFCINDEXEDPOLYGONALFACE((952,892,937));
#8415=IFCINDEXEDPOLYGONALFACE((951,942,892));
#8416=IFCINDEXEDPOLYGONALFACE((953,954,955));
#8417=IFCINDEXEDPOLYGONALFACE((946,956,957));
#8418=IFCINDEXEDPOLYGONALFACE((957,956,958));
#8419=IFCINDEXEDPOLYGONALFACE((959,960,953));
#8420=IFCINDEXEDPOLYGONALFACE((955,954,943));
#8421=IFCINDEXEDPOLYGONALFACE((958,960,959));
#8422=IFCINDEXEDPOLYGONALFACE((961,948,962));
#8423=IFCINDEXEDPOLYGONALFACE((963,961,964));
#8424=IFCINDEXEDPOLYGONALFACE((965,963,966));
#8425=IFCINDEXEDPOLYGONALFACE((965,967,960));
#8426=IFCINDEXEDPOLYGONALFACE((968,940,951));
#8427=IFCINDEXEDPOLYGONALFACE((968,969,970));
#8428=IFCINDEXEDPOLYGONALFACE((971,970,972));
#8429=IFCINDEXEDPOLYGONALFACE((954,973,972));
#8430=IFCINDEXEDPOLYGONALFACE((964,962,950));
#8431=IFCINDEXEDPOLYGONALFACE((964,974,975));
#8432=IFCINDEXEDPOLYGONALFACE((967,966,975));
#8433=IFCINDEXEDPOLYGONALFACE((960,967,976));
#8434=IFCINDEXEDPOLYGONALFACE((977,948,961));
#8435=IFCINDEXEDPOLYGONALFACE((978,979,961));
#8436=IFCINDEXEDPOLYGONALFACE((980,978,963));
#8437=IFCINDEXEDPOLYGONALFACE((980,965,958));
#8438=IFCINDEXEDPOLYGONALFACE((936,977,979));
#8439=IFCINDEXEDPOLYGONALFACE((981,982,979));
#8440=IFCINDEXEDPOLYGONALFACE((983,981,978));
#8441=IFCINDEXEDPOLYGONALFACE((983,980,956));
#8442=IFCINDEXEDPOLYGONALFACE((974,950,940));
#8443=IFCINDEXEDPOLYGONALFACE((974,968,971));
#8444=IFCINDEXEDPOLYGONALFACE((975,971,973));
#8445=IFCINDEXEDPOLYGONALFACE((953,976,973));
#8446=IFCINDEXEDPOLYGONALFACE((952,936,982));
#8447=IFCINDEXEDPOLYGONALFACE((984,985,982));
#8448=IFCINDEXEDPOLYGONALFACE((986,984,981));
#8449=IFCINDEXEDPOLYGONALFACE((986,983,946));
#8450=IFCINDEXEDPOLYGONALFACE((969,951,952));
#8451=IFCINDEXEDPOLYGONALFACE((969,985,984));
#8452=IFCINDEXEDPOLYGONALFACE((970,984,986));
#8453=IFCINDEXEDPOLYGONALFACE((943,972,986));
#8454=IFCINDEXEDPOLYGONALFACE((859,13,152));
#8455=IFCINDEXEDPOLYGONALFACE((919,918,154));
#8456=IFCINDEXEDPOLYGONALFACE((918,908,152));
#8457=IFCINDEXEDPOLYGONALFACE((860,858,876));
#8458=IFCINDEXEDPOLYGONALFACE((865,876,875));
#8459=IFCINDEXEDPOLYGONALFACE((863,870,987));
#8460=IFCINDEXEDPOLYGONALFACE((867,988,862));
#8461=IFCINDEXEDPOLYGONALFACE((935,858,860));
#8462=IFCINDEXEDPOLYGONALFACE((848,847,912));
#8463=IFCINDEXEDPOLYGONALFACE((911,917,916));
#8464=IFCINDEXEDPOLYGONALFACE((911,910,912));
#8465=IFCINDEXEDPOLYGONALFACE((158,157,904));
#8466=IFCINDEXEDPOLYGONALFACE((904,157,159));
#8467=IFCINDEXEDPOLYGONALFACE((161,160,903));
#8468=IFCINDEXEDPOLYGONALFACE((163,162,901));
#8469=IFCINDEXEDPOLYGONALFACE((164,158,849));
#8470=IFCINDEXEDPOLYGONALFACE((167,989,990));
#8471=IFCINDEXEDPOLYGONALFACE((168,215,991));
#8472=IFCINDEXEDPOLYGONALFACE((168,992,993));
#8473=IFCINDEXEDPOLYGONALFACE((172,993,989));
#8474=IFCINDEXEDPOLYGONALFACE((994,995,996));
#8475=IFCINDEXEDPOLYGONALFACE((997,998,995));
#8476=IFCINDEXEDPOLYGONALFACE((996,999,1000));
#8477=IFCINDEXEDPOLYGONALFACE((1001,1002,1003));
#8478=IFCINDEXEDPOLYGONALFACE((1002,998,997));
#8479=IFCINDEXEDPOLYGONALFACE((999,1004,1005));
#8480=IFCINDEXEDPOLYGONALFACE((1005,1004,1006));
#8481=IFCINDEXEDPOLYGONALFACE((1007,1001,1008));
#8482=IFCINDEXEDPOLYGONALFACE((1009,1006,1010));
#8483=IFCINDEXEDPOLYGONALFACE((1011,1010,1007));
#8484=IFCINDEXEDPOLYGONALFACE((1012,1013,1007));
#8485=IFCINDEXEDPOLYGONALFACE((1014,1012,1010));
#8486=IFCINDEXEDPOLYGONALFACE((1013,1015,1001));
#8487=IFCINDEXEDPOLYGONALFACE((1016,1014,1006));
#8488=IFCINDEXEDPOLYGONALFACE((1017,1016,1004));
#8489=IFCINDEXEDPOLYGONALFACE((1018,1019,998));
#8490=IFCINDEXEDPOLYGONALFACE((1001,1015,1018));
#8491=IFCINDEXEDPOLYGONALFACE((996,1020,1017));
#8492=IFCINDEXEDPOLYGONALFACE((1019,1021,995));
#8493=IFCINDEXEDPOLYGONALFACE((1021,1020,996));
#8494=IFCINDEXEDPOLYGONALFACE((992,991,1020));
#8495=IFCINDEXEDPOLYGONALFACE((1019,993,992));
#8496=IFCINDEXEDPOLYGONALFACE((1020,991,1022));
#8497=IFCINDEXEDPOLYGONALFACE((1015,990,989));
#8498=IFCINDEXEDPOLYGONALFACE((1018,989,993));
#8499=IFCINDEXEDPOLYGONALFACE((1022,1023,1016));
#8500=IFCINDEXEDPOLYGONALFACE((1023,1024,1014));
#8501=IFCINDEXEDPOLYGONALFACE((1013,1025,990));
#8502=IFCINDEXEDPOLYGONALFACE((1024,1026,1012));
#8503=IFCINDEXEDPOLYGONALFACE((1026,1025,1013));
#8504=IFCINDEXEDPOLYGONALFACE((1027,217,209));
#8505=IFCINDEXEDPOLYGONALFACE((1028,1022,991));
#8506=IFCINDEXEDPOLYGONALFACE((1029,1027,990));
#8507=IFCINDEXEDPOLYGONALFACE((1030,1029,1025));
#8508=IFCINDEXEDPOLYGONALFACE((1031,1030,1026));
#8509=IFCINDEXEDPOLYGONALFACE((1032,1031,1024));
#8510=IFCINDEXEDPOLYGONALFACE((1028,1032,1023));
#8511=IFCINDEXEDPOLYGONALFACE((1033,991,215));
#8512=IFCINDEXEDPOLYGONALFACE((162,217,1027));
#8513=IFCINDEXEDPOLYGONALFACE((988,1028,1033));
#8514=IFCINDEXEDPOLYGONALFACE((895,901,1027));
#8515=IFCINDEXEDPOLYGONALFACE((887,895,1029));
#8516=IFCINDEXEDPOLYGONALFACE((878,887,1030));
#8517=IFCINDEXEDPOLYGONALFACE((869,878,1031));
#8518=IFCINDEXEDPOLYGONALFACE((869,1032,1028));
#8519=IFCINDEXEDPOLYGONALFACE((17,862,1033));
#8520=IFCINDEXEDPOLYGONALFACE((1034,997,994));
#8521=IFCINDEXEDPOLYGONALFACE((1035,1036,1000));
#8522=IFCINDEXEDPOLYGONALFACE((1009,1011,1037));
#8523=IFCINDEXEDPOLYGONALFACE((1003,997,1034));
#8524=IFCINDEXEDPOLYGONALFACE((1008,1003,1038));
#8525=IFCINDEXEDPOLYGONALFACE((1039,1005,1009));
#8526=IFCINDEXEDPOLYGONALFACE((1040,1008,1041));
#8527=IFCINDEXEDPOLYGONALFACE((1042,994,1036));
#8528=IFCINDEXEDPOLYGONALFACE((1043,1000,1005));
#8529=IFCINDEXEDPOLYGONALFACE((1011,1040,1044));
#8530=IFCINDEXEDPOLYGONALFACE((1045,1041,1038));
#8531=IFCINDEXEDPOLYGONALFACE((1046,1039,1047));
#8532=IFCINDEXEDPOLYGONALFACE((1044,1041,1045));
#8533=IFCINDEXEDPOLYGONALFACE((1042,1035,1048));
#8534=IFCINDEXEDPOLYGONALFACE((1049,1043,1039));
#8535=IFCINDEXEDPOLYGONALFACE((1037,1044,1050));
#8536=IFCINDEXEDPOLYGONALFACE((1051,1034,1042));
#8537=IFCINDEXEDPOLYGONALFACE((1048,1035,1043));
#8538=IFCINDEXEDPOLYGONALFACE((1047,1037,1052));
#8539=IFCINDEXEDPOLYGONALFACE((1038,1034,1051));
#8540=IFCINDEXEDPOLYGONALFACE((1046,1053,1054));
#8541=IFCINDEXEDPOLYGONALFACE((1055,1050,1045));
#8542=IFCINDEXEDPOLYGONALFACE((1056,1048,1057));
#8543=IFCINDEXEDPOLYGONALFACE((1049,1046,1058));
#8544=IFCINDEXEDPOLYGONALFACE((1059,1052,1050));
#8545=IFCINDEXEDPOLYGONALFACE((1060,1051,1056));
#8546=IFCINDEXEDPOLYGONALFACE((1048,1049,1061));
#8547=IFCINDEXEDPOLYGONALFACE((1053,1052,1059));
#8548=IFCINDEXEDPOLYGONALFACE((1062,1051,1060));
#8549=IFCINDEXEDPOLYGONALFACE((1063,1045,1062));
#8550=IFCINDEXEDPOLYGONALFACE((1060,1064,1065));
#8551=IFCINDEXEDPOLYGONALFACE((1066,1057,1061));
#8552=IFCINDEXEDPOLYGONALFACE((1067,1054,1059));
#8553=IFCINDEXEDPOLYGONALFACE((1068,1060,1069));
#8554=IFCINDEXEDPOLYGONALFACE((1063,1068,1070));
#8555=IFCINDEXEDPOLYGONALFACE((1071,1058,1054));
#8556=IFCINDEXEDPOLYGONALFACE((1072,1055,1063));
#8557=IFCINDEXEDPOLYGONALFACE((1064,1057,1066));
#8558=IFCINDEXEDPOLYGONALFACE((1073,1061,1058));
#8559=IFCINDEXEDPOLYGONALFACE((1074,1059,1055));
#8560=IFCINDEXEDPOLYGONALFACE((1075,1066,1073));
#8561=IFCINDEXEDPOLYGONALFACE((1076,1067,1074));
#8562=IFCINDEXEDPOLYGONALFACE((1070,1069,1077));
#8563=IFCINDEXEDPOLYGONALFACE((1078,1070,1079));
#8564=IFCINDEXEDPOLYGONALFACE((1080,1071,1067));
#8565=IFCINDEXEDPOLYGONALFACE((1081,1072,1078));
#8566=IFCINDEXEDPOLYGONALFACE((1065,1066,1075));
#8567=IFCINDEXEDPOLYGONALFACE((1082,1073,1071));
#8568=IFCINDEXEDPOLYGONALFACE((1083,1074,1072));
#8569=IFCINDEXEDPOLYGONALFACE((1069,1065,1084));
#8570=IFCINDEXEDPOLYGONALFACE((1085,1086,1087));
#8571=IFCINDEXEDPOLYGONALFACE((1088,1089,1090));
#8572=IFCINDEXEDPOLYGONALFACE((1091,1089,1088));
#8573=IFCINDEXEDPOLYGONALFACE((1092,1085,1093));
#8574=IFCINDEXEDPOLYGONALFACE((1094,1095,1091));
#8575=IFCINDEXEDPOLYGONALFACE((1096,1097,1098));
#8576=IFCINDEXEDPOLYGONALFACE((1099,1100,1092));
#8577=IFCINDEXEDPOLYGONALFACE((1087,1086,1095));
#8578=IFCINDEXEDPOLYGONALFACE((1090,1096,1101));
#8579=IFCINDEXEDPOLYGONALFACE((1098,1097,1100));
#8580=IFCINDEXEDPOLYGONALFACE((1102,1075,1082));
#8581=IFCINDEXEDPOLYGONALFACE((1103,1102,1104));
#8582=IFCINDEXEDPOLYGONALFACE((1105,1103,1106));
#8583=IFCINDEXEDPOLYGONALFACE((1077,1084,1107));
#8584=IFCINDEXEDPOLYGONALFACE((1108,1107,1109));
#8585=IFCINDEXEDPOLYGONALFACE((1110,1109,1111));
#8586=IFCINDEXEDPOLYGONALFACE((1112,1083,1081));
#8587=IFCINDEXEDPOLYGONALFACE((1112,1113,1114));
#8588=IFCINDEXEDPOLYGONALFACE((1115,1114,1116));
#8589=IFCINDEXEDPOLYGONALFACE((1104,1082,1080));
#8590=IFCINDEXEDPOLYGONALFACE((1106,1104,1117));
#8591=IFCINDEXEDPOLYGONALFACE((1118,1106,1119));
#8592=IFCINDEXEDPOLYGONALFACE((1084,1075,1102));
#8593=IFCINDEXEDPOLYGONALFACE((1107,1102,1103));
#8594=IFCINDEXEDPOLYGONALFACE((1109,1103,1105));
#8595=IFCINDEXEDPOLYGONALFACE((1113,1081,1120));
#8596=IFCINDEXEDPOLYGONALFACE((1113,1121,1122));
#8597=IFCINDEXEDPOLYGONALFACE((1114,1122,1123));
#8598=IFCINDEXEDPOLYGONALFACE((1117,1080,1076));
#8599=IFCINDEXEDPOLYGONALFACE((1119,1117,1124));
#8600=IFCINDEXEDPOLYGONALFACE((1125,1119,1126));
#8601=IFCINDEXEDPOLYGONALFACE((1120,1079,1127));
#8602=IFCINDEXEDPOLYGONALFACE((1122,1121,1127));
#8603=IFCINDEXEDPOLYGONALFACE((1122,1128,1129));
#8604=IFCINDEXEDPOLYGONALFACE((1127,1079,1077));
#8605=IFCINDEXEDPOLYGONALFACE((1128,1127,1108));
#8606=IFCINDEXEDPOLYGONALFACE((1129,1128,1110));
#8607=IFCINDEXEDPOLYGONALFACE((1124,1076,1083));
#8608=IFCINDEXEDPOLYGONALFACE((1124,1112,1115));
#8609=IFCINDEXEDPOLYGONALFACE((1126,1115,1130));
#8610=IFCINDEXEDPOLYGONALFACE((160,163,900));
#8611=IFCINDEXEDPOLYGONALFACE((864,987,867));
#8612=IFCINDEXEDPOLYGONALFACE((897,903,900));
#8613=IFCINDEXEDPOLYGONALFACE((889,897,894));
#8614=IFCINDEXEDPOLYGONALFACE((880,889,886));
#8615=IFCINDEXEDPOLYGONALFACE((872,880,877));
#8616=IFCINDEXEDPOLYGONALFACE((987,872,868));
#8617=IFCINDEXEDPOLYGONALFACE((864,861,16));
#8618=IFCINDEXEDPOLYGONALFACE((1131,1132,1133));
#8619=IFCINDEXEDPOLYGONALFACE((1134,1135,959));
#8620=IFCINDEXEDPOLYGONALFACE((1136,1137,1138));
#8621=IFCINDEXEDPOLYGONALFACE((1139,955,1140));
#8622=IFCINDEXEDPOLYGONALFACE((1141,1142,1143));
#8623=IFCINDEXEDPOLYGONALFACE((1143,1144,955));
#8624=IFCINDEXEDPOLYGONALFACE((1144,1140,955));
#8625=IFCINDEXEDPOLYGONALFACE((1145,1146,1147));
#8626=IFCINDEXEDPOLYGONALFACE((1148,1145,1149));
#8627=IFCINDEXEDPOLYGONALFACE((1148,1150,1137));
#8628=IFCINDEXEDPOLYGONALFACE((957,1151,1152));
#8629=IFCINDEXEDPOLYGONALFACE((1153,1152,1151));
#8630=IFCINDEXEDPOLYGONALFACE((1150,1149,1154));
#8631=IFCINDEXEDPOLYGONALFACE((957,1152,1155));
#8632=IFCINDEXEDPOLYGONALFACE((1154,1155,1152));
#8633=IFCINDEXEDPOLYGONALFACE((1154,1149,1147));
#8634=IFCINDEXEDPOLYGONALFACE((1156,947,957));
#8635=IFCINDEXEDPOLYGONALFACE((1154,1157,1156));
#8636=IFCINDEXEDPOLYGONALFACE((1158,1159,1160));
#8637=IFCINDEXEDPOLYGONALFACE((1161,1160,1162));
#8638=IFCINDEXEDPOLYGONALFACE((1160,1159,1163));
#8639=IFCINDEXEDPOLYGONALFACE((1140,1144,1159));
#8640=IFCINDEXEDPOLYGONALFACE((1164,1165,1162));
#8641=IFCINDEXEDPOLYGONALFACE((1163,1166,1132));
#8642=IFCINDEXEDPOLYGONALFACE((1144,1143,1163));
#8643=IFCINDEXEDPOLYGONALFACE((1164,1132,1131));
#8644=IFCINDEXEDPOLYGONALFACE((1167,1168,1158));
#8645=IFCINDEXEDPOLYGONALFACE((1169,1170,1171));
#8646=IFCINDEXEDPOLYGONALFACE((1143,1142,1166));
#8647=IFCINDEXEDPOLYGONALFACE((1161,1172,1173));
#8648=IFCINDEXEDPOLYGONALFACE((1138,1137,1174));
#8649=IFCINDEXEDPOLYGONALFACE((1138,1171,1175));
#8650=IFCINDEXEDPOLYGONALFACE((1140,1158,1168));
#8651=IFCINDEXEDPOLYGONALFACE((1151,957,1176));
#8652=IFCINDEXEDPOLYGONALFACE((1169,1174,1151));
#8653=IFCINDEXEDPOLYGONALFACE((1177,1157,1147));
#8654=IFCINDEXEDPOLYGONALFACE((1175,1178,1167));
#8655=IFCINDEXEDPOLYGONALFACE((1173,1179,1180));
#8656=IFCINDEXEDPOLYGONALFACE((1134,1168,1181));
#8657=IFCINDEXEDPOLYGONALFACE((1142,1141,945));
#8658=IFCINDEXEDPOLYGONALFACE((1166,1142,1182));
#8659=IFCINDEXEDPOLYGONALFACE((1183,1170,1169));
#8660=IFCINDEXEDPOLYGONALFACE((1168,1184,1183));
#8661=IFCINDEXEDPOLYGONALFACE((1185,1186,1187));
#8662=IFCINDEXEDPOLYGONALFACE((1188,1189,1190));
#8663=IFCINDEXEDPOLYGONALFACE((1191,1192,1193));
#8664=IFCINDEXEDPOLYGONALFACE((1192,1194,1195));
#8665=IFCINDEXEDPOLYGONALFACE((1188,1196,1197));
#8666=IFCINDEXEDPOLYGONALFACE((1198,1199,1200));
#8667=IFCINDEXEDPOLYGONALFACE((1201,1202,1203));
#8668=IFCINDEXEDPOLYGONALFACE((1204,1205,1206));
#8669=IFCINDEXEDPOLYGONALFACE((1204,1207,1208));
#8670=IFCINDEXEDPOLYGONALFACE((1209,1210,1203));
#8671=IFCINDEXEDPOLYGONALFACE((1211,1212,1213));
#8672=IFCINDEXEDPOLYGONALFACE((1214,1215,1216));
#8673=IFCINDEXEDPOLYGONALFACE((1217,1218,1219));
#8674=IFCINDEXEDPOLYGONALFACE((1217,1220,1221));
#8675=IFCINDEXEDPOLYGONALFACE((1222,1223,1216));
#8676=IFCINDEXEDPOLYGONALFACE((1224,1225,1226));
#8677=IFCINDEXEDPOLYGONALFACE((1227,1228,1229));
#8678=IFCINDEXEDPOLYGONALFACE((1230,1231,1232));
#8679=IFCINDEXEDPOLYGONALFACE((1230,1233,1234));
#8680=IFCINDEXEDPOLYGONALFACE((1227,1235,1236));
#8681=IFCINDEXEDPOLYGONALFACE((1237,1136,1238));
#8682=IFCINDEXEDPOLYGONALFACE((1239,1240,1179));
#8683=IFCINDEXEDPOLYGONALFACE((1241,1239,1173));
#8684=IFCINDEXEDPOLYGONALFACE((1237,1242,1243));
#8685=IFCINDEXEDPOLYGONALFACE((1244,1148,1136));
#8686=IFCINDEXEDPOLYGONALFACE((1245,1246,1243));
#8687=IFCINDEXEDPOLYGONALFACE((1247,1245,1172));
#8688=IFCINDEXEDPOLYGONALFACE((1248,1249,1148));
#8689=IFCINDEXEDPOLYGONALFACE((1250,1251,1145));
#8690=IFCINDEXEDPOLYGONALFACE((1252,1249,1162));
#8691=IFCINDEXEDPOLYGONALFACE((1253,1162,1165));
#8692=IFCINDEXEDPOLYGONALFACE((1254,1255,1145));
#8693=IFCINDEXEDPOLYGONALFACE((1256,1146,1145));
#8694=IFCINDEXEDPOLYGONALFACE((1257,1255,1165));
#8695=IFCINDEXEDPOLYGONALFACE((1258,1165,1131));
#8696=IFCINDEXEDPOLYGONALFACE((1259,1260,1146));
#8697=IFCINDEXEDPOLYGONALFACE((1261,1131,1260));
#8698=IFCINDEXEDPOLYGONALFACE((1257,1262,1145));
#8699=IFCINDEXEDPOLYGONALFACE((1263,1165,1255));
#8700=IFCINDEXEDPOLYGONALFACE((1252,1250,1148));
#8701=IFCINDEXEDPOLYGONALFACE((1247,1162,1249));
#8702=IFCINDEXEDPOLYGONALFACE((1246,1264,1136));
#8703=IFCINDEXEDPOLYGONALFACE((1242,1241,1172));
#8704=IFCINDEXEDPOLYGONALFACE((1240,1265,1238));
#8705=IFCINDEXEDPOLYGONALFACE((1266,1236,1234));
#8706=IFCINDEXEDPOLYGONALFACE((1267,1232,1229));
#8707=IFCINDEXEDPOLYGONALFACE((1226,1268,1269));
#8708=IFCINDEXEDPOLYGONALFACE((1222,1270,1221));
#8709=IFCINDEXEDPOLYGONALFACE((1271,1219,1215));
#8710=IFCINDEXEDPOLYGONALFACE((1213,1272,1273));
#8711=IFCINDEXEDPOLYGONALFACE((1209,1274,1208));
#8712=IFCINDEXEDPOLYGONALFACE((1275,1206,1202));
#8713=IFCINDEXEDPOLYGONALFACE((1276,1200,1277));
#8714=IFCINDEXEDPOLYGONALFACE((1278,1197,1195));
#8715=IFCINDEXEDPOLYGONALFACE((1189,1191,1279));
#8716=IFCINDEXEDPOLYGONALFACE((1187,1280,1281));
#8717=IFCINDEXEDPOLYGONALFACE((1132,1166,1177));
#8718=IFCINDEXEDPOLYGONALFACE((1178,1184,1168));
#8719=IFCINDEXEDPOLYGONALFACE((1182,1156,1157));
#8720=IFCINDEXEDPOLYGONALFACE((945,947,1156));
#8721=IFCINDEXEDPOLYGONALFACE((1135,1181,1169));
#8722=IFCINDEXEDPOLYGONALFACE((1174,1137,1150));
#8723=IFCINDEXEDPOLYGONALFACE((1180,1179,1238));
#8724=IFCINDEXEDPOLYGONALFACE((959,1135,1282));
#8725=IFCINDEXEDPOLYGONALFACE((1133,1147,1146));
#8726=IFCINDEXEDPOLYGONALFACE((1283,1284,1241));
#8727=IFCINDEXEDPOLYGONALFACE((1285,1286,1284));
#8728=IFCINDEXEDPOLYGONALFACE((1190,1279,1286));
#8729=IFCINDEXEDPOLYGONALFACE((1287,1265,1240));
#8730=IFCINDEXEDPOLYGONALFACE((1288,1289,1287));
#8731=IFCINDEXEDPOLYGONALFACE((1197,1289,1288));
#8732=IFCINDEXEDPOLYGONALFACE((1287,1290,1237));
#8733=IFCINDEXEDPOLYGONALFACE((1289,1291,1290));
#8734=IFCINDEXEDPOLYGONALFACE((1197,1196,1291));
#8735=IFCINDEXEDPOLYGONALFACE((1292,1240,1239));
#8736=IFCINDEXEDPOLYGONALFACE((1288,1292,1293));
#8737=IFCINDEXEDPOLYGONALFACE((1195,1288,1294));
#8738=IFCINDEXEDPOLYGONALFACE((1284,1293,1239));
#8739=IFCINDEXEDPOLYGONALFACE((1286,1294,1293));
#8740=IFCINDEXEDPOLYGONALFACE((1279,1193,1294));
#8741=IFCINDEXEDPOLYGONALFACE((1283,1242,1237));
#8742=IFCINDEXEDPOLYGONALFACE((1285,1283,1290));
#8743=IFCINDEXEDPOLYGONALFACE((1190,1285,1291));
#8744=IFCINDEXEDPOLYGONALFACE((1295,1296,1247));
#8745=IFCINDEXEDPOLYGONALFACE((1297,1298,1296));
#8746=IFCINDEXEDPOLYGONALFACE((1229,1232,1298));
#8747=IFCINDEXEDPOLYGONALFACE((1299,1300,1264));
#8748=IFCINDEXEDPOLYGONALFACE((1301,1300,1299));
#8749=IFCINDEXEDPOLYGONALFACE((1236,1301,1302));
#8750=IFCINDEXEDPOLYGONALFACE((1303,1244,1264));
#8751=IFCINDEXEDPOLYGONALFACE((1301,1304,1303));
#8752=IFCINDEXEDPOLYGONALFACE((1236,1235,1304));
#8753=IFCINDEXEDPOLYGONALFACE((1299,1246,1245));
#8754=IFCINDEXEDPOLYGONALFACE((1302,1299,1305));
#8755=IFCINDEXEDPOLYGONALFACE((1234,1302,1306));
#8756=IFCINDEXEDPOLYGONALFACE((1296,1305,1245));
#8757=IFCINDEXEDPOLYGONALFACE((1306,1305,1296));
#8758=IFCINDEXEDPOLYGONALFACE((1231,1306,1298));
#8759=IFCINDEXEDPOLYGONALFACE((1295,1248,1244));
#8760=IFCINDEXEDPOLYGONALFACE((1297,1295,1303));
#8761=IFCINDEXEDPOLYGONALFACE((1235,1229,1297));
#8762=IFCINDEXEDPOLYGONALFACE((1307,1308,1263));
#8763=IFCINDEXEDPOLYGONALFACE((1309,1308,1307));
#8764=IFCINDEXEDPOLYGONALFACE((1219,1309,1310));
#8765=IFCINDEXEDPOLYGONALFACE((1311,1312,1250));
#8766=IFCINDEXEDPOLYGONALFACE((1313,1314,1312));
#8767=IFCINDEXEDPOLYGONALFACE((1270,1314,1313));
#8768=IFCINDEXEDPOLYGONALFACE((1315,1251,1250));
#8769=IFCINDEXEDPOLYGONALFACE((1314,1316,1315));
#8770=IFCINDEXEDPOLYGONALFACE((1270,1216,1316));
#8771=IFCINDEXEDPOLYGONALFACE((1317,1311,1252));
#8772=IFCINDEXEDPOLYGONALFACE((1313,1311,1317));
#8773=IFCINDEXEDPOLYGONALFACE((1218,1221,1313));
#8774=IFCINDEXEDPOLYGONALFACE((1317,1253,1263));
#8775=IFCINDEXEDPOLYGONALFACE((1309,1318,1317));
#8776=IFCINDEXEDPOLYGONALFACE((1218,1318,1309));
#8777=IFCINDEXEDPOLYGONALFACE((1315,1307,1254));
#8778=IFCINDEXEDPOLYGONALFACE((1310,1307,1315));
#8779=IFCINDEXEDPOLYGONALFACE((1215,1310,1316));
#8780=IFCINDEXEDPOLYGONALFACE((1319,1261,1259));
#8781=IFCINDEXEDPOLYGONALFACE((1320,1319,1321));
#8782=IFCINDEXEDPOLYGONALFACE((1206,1320,1322));
#8783=IFCINDEXEDPOLYGONALFACE((1323,1262,1257));
#8784=IFCINDEXEDPOLYGONALFACE((1324,1325,1323));
#8785=IFCINDEXEDPOLYGONALFACE((1208,1274,1325));
#8786=IFCINDEXEDPOLYGONALFACE((1326,1256,1262));
#8787=IFCINDEXEDPOLYGONALFACE((1325,1327,1326));
#8788=IFCINDEXEDPOLYGONALFACE((1274,1203,1327));
#8789=IFCINDEXEDPOLYGONALFACE((1328,1329,1257));
#8790=IFCINDEXEDPOLYGONALFACE((1324,1329,1328));
#8791=IFCINDEXEDPOLYGONALFACE((1205,1208,1324));
#8792=IFCINDEXEDPOLYGONALFACE((1319,1328,1258));
#8793=IFCINDEXEDPOLYGONALFACE((1330,1328,1319));
#8794=IFCINDEXEDPOLYGONALFACE((1205,1330,1320));
#8795=IFCINDEXEDPOLYGONALFACE((1326,1321,1259));
#8796=IFCINDEXEDPOLYGONALFACE((1327,1322,1321));
#8797=IFCINDEXEDPOLYGONALFACE((1202,1322,1327));
#8798=IFCINDEXEDPOLYGONALFACE((1188,1280,1187));
#8799=IFCINDEXEDPOLYGONALFACE((1186,1185,1192));
#8800=IFCINDEXEDPOLYGONALFACE((1192,1185,1331));
#8801=IFCINDEXEDPOLYGONALFACE((1278,1281,1280));
#8802=IFCINDEXEDPOLYGONALFACE((1210,1277,1200));
#8803=IFCINDEXEDPOLYGONALFACE((1275,1199,1198));
#8804=IFCINDEXEDPOLYGONALFACE((1198,1276,1207));
#8805=IFCINDEXEDPOLYGONALFACE((1332,1277,1210));
#8806=IFCINDEXEDPOLYGONALFACE((1272,1213,1214));
#8807=IFCINDEXEDPOLYGONALFACE((1212,1211,1217));
#8808=IFCINDEXEDPOLYGONALFACE((1217,1211,1333));
#8809=IFCINDEXEDPOLYGONALFACE((1222,1273,1272));
#8810=IFCINDEXEDPOLYGONALFACE((1268,1226,1228));
#8811=IFCINDEXEDPOLYGONALFACE((1267,1225,1224));
#8812=IFCINDEXEDPOLYGONALFACE((1224,1334,1233));
#8813=IFCINDEXEDPOLYGONALFACE((1266,1269,1268));
#8814=IFCINDEXEDPOLYGONALFACE((1189,1187,1186));
#8815=IFCINDEXEDPOLYGONALFACE((1331,1281,1278));
#8816=IFCINDEXEDPOLYGONALFACE((1200,1199,1275));
#8817=IFCINDEXEDPOLYGONALFACE((1207,1276,1332));
#8818=IFCINDEXEDPOLYGONALFACE((1214,1213,1212));
#8819=IFCINDEXEDPOLYGONALFACE((1220,1333,1273));
#8820=IFCINDEXEDPOLYGONALFACE((1228,1226,1225));
#8821=IFCINDEXEDPOLYGONALFACE((1233,1334,1269));
#8822=IFCINDEXEDPOLYGONALFACE((1335,1336,1337));
#8823=IFCINDEXEDPOLYGONALFACE((1338,1339,1340));
#8824=IFCINDEXEDPOLYGONALFACE((1341,1342,1343));
#8825=IFCINDEXEDPOLYGONALFACE((1344,1345,1343));
#8826=IFCINDEXEDPOLYGONALFACE((1346,1347,1340));
#8827=IFCINDEXEDPOLYGONALFACE((1344,1346,1348));
#8828=IFCINDEXEDPOLYGONALFACE((1341,1349,1339));
#8829=IFCINDEXEDPOLYGONALFACE((1350,1337,1351));
#8830=IFCINDEXEDPOLYGONALFACE((1352,1353,1178));
#8831=IFCINDEXEDPOLYGONALFACE((1349,1353,1352));
#8832=IFCINDEXEDPOLYGONALFACE((1354,1355,1170));
#8833=IFCINDEXEDPOLYGONALFACE((1348,1355,1354));
#8834=IFCINDEXEDPOLYGONALFACE((1356,1171,1170));
#8835=IFCINDEXEDPOLYGONALFACE((1348,1340,1356));
#8836=IFCINDEXEDPOLYGONALFACE((1357,1354,1183));
#8837=IFCINDEXEDPOLYGONALFACE((1345,1354,1357));
#8838=IFCINDEXEDPOLYGONALFACE((1353,1357,1184));
#8839=IFCINDEXEDPOLYGONALFACE((1349,1343,1357));
#8840=IFCINDEXEDPOLYGONALFACE((1352,1175,1171));
#8841=IFCINDEXEDPOLYGONALFACE((1339,1352,1356));
#8842=IFCINDEXEDPOLYGONALFACE((1347,1351,1337));
#8843=IFCINDEXEDPOLYGONALFACE((1341,1336,1335));
#8844=IFCINDEXEDPOLYGONALFACE((1342,1335,1350));
#8845=IFCINDEXEDPOLYGONALFACE((1358,1351,1347));
#8846=IFCINDEXEDPOLYGONALFACE((1337,1336,1341));
#8847=IFCINDEXEDPOLYGONALFACE((1350,1358,1346));
#8848=IFCINDEXEDPOLYGONALFACE((159,161,902));
#8849=IFCINDEXEDPOLYGONALFACE((866,875,870));
#8850=IFCINDEXEDPOLYGONALFACE((905,902,896));
#8851=IFCINDEXEDPOLYGONALFACE((899,896,888));
#8852=IFCINDEXEDPOLYGONALFACE((891,888,879));
#8853=IFCINDEXEDPOLYGONALFACE((882,879,871));
#8854=IFCINDEXEDPOLYGONALFACE((875,874,871));
#8855=IFCINDEXEDPOLYGONALFACE((22,866,863));
#8856=IFCINDEXEDPOLYGONALFACE((1359,1360,1361));
#8857=IFCINDEXEDPOLYGONALFACE((1362,1361,1363));
#8858=IFCINDEXEDPOLYGONALFACE((1364,1363,1365));
#8859=IFCINDEXEDPOLYGONALFACE((1366,1367,1365));
#8860=IFCINDEXEDPOLYGONALFACE((1368,1366,1369));
#8861=IFCINDEXEDPOLYGONALFACE((558,1370,1371));
#8862=IFCINDEXEDPOLYGONALFACE((1372,1373,561));
#8863=IFCINDEXEDPOLYGONALFACE((1374,1372,564));
#8864=IFCINDEXEDPOLYGONALFACE((1375,1374,566));
#8865=IFCINDEXEDPOLYGONALFACE((559,1371,1375));
#8866=IFCINDEXEDPOLYGONALFACE((1376,1377,1378));
#8867=IFCINDEXEDPOLYGONALFACE((1379,1380,1377));
#8868=IFCINDEXEDPOLYGONALFACE((1381,1382,1380));
#8869=IFCINDEXEDPOLYGONALFACE((1383,1369,1382));
#8870=IFCINDEXEDPOLYGONALFACE((1377,1384,1385));
#8871=IFCINDEXEDPOLYGONALFACE((1380,1386,1384));
#8872=IFCINDEXEDPOLYGONALFACE((1382,1387,1386));
#8873=IFCINDEXEDPOLYGONALFACE((1365,1387,1382));
#8874=IFCINDEXEDPOLYGONALFACE((1388,1389,1385));
#8875=IFCINDEXEDPOLYGONALFACE((1386,1390,1388));
#8876=IFCINDEXEDPOLYGONALFACE((1387,1391,1390));
#8877=IFCINDEXEDPOLYGONALFACE((1365,1363,1391));
#8878=IFCINDEXEDPOLYGONALFACE((1392,1393,1389));
#8879=IFCINDEXEDPOLYGONALFACE((1390,1394,1392));
#8880=IFCINDEXEDPOLYGONALFACE((1391,1395,1394));
#8881=IFCINDEXEDPOLYGONALFACE((1361,1395,1391));
#8882=IFCINDEXEDPOLYGONALFACE((1392,1396,1397));
#8883=IFCINDEXEDPOLYGONALFACE((1394,1398,1396));
#8884=IFCINDEXEDPOLYGONALFACE((1399,1398,1394));
#8885=IFCINDEXEDPOLYGONALFACE((1360,1399,1395));
#8886=IFCINDEXEDPOLYGONALFACE((153,561,1373));
#8887=IFCINDEXEDPOLYGONALFACE((915,1400,1378));
#8888=IFCINDEXEDPOLYGONALFACE((1401,1378,1385));
#8889=IFCINDEXEDPOLYGONALFACE((916,1393,1397));
#8890=IFCINDEXEDPOLYGONALFACE((1385,1389,920));
#8891=IFCINDEXEDPOLYGONALFACE((1389,1393,916));
#8892=IFCINDEXEDPOLYGONALFACE((595,1402,1370));
#8893=IFCINDEXEDPOLYGONALFACE((1364,1403,1362));
#8894=IFCINDEXEDPOLYGONALFACE((598,1359,1404));
#8895=IFCINDEXEDPOLYGONALFACE((599,1405,1404));
#8896=IFCINDEXEDPOLYGONALFACE((599,1406,1402));
#8897=IFCINDEXEDPOLYGONALFACE((1403,1364,1367));
#8898=IFCINDEXEDPOLYGONALFACE((1367,1366,1407));
#8899=IFCINDEXEDPOLYGONALFACE((1368,1407,1366));
#8900=IFCINDEXEDPOLYGONALFACE((1406,1408,1407));
#8901=IFCINDEXEDPOLYGONALFACE((1404,1403,1408));
#8902=IFCINDEXEDPOLYGONALFACE((1359,1362,1403));
#8903=IFCINDEXEDPOLYGONALFACE((1370,1402,1407));
#8904=IFCINDEXEDPOLYGONALFACE((922,1397,605));
#8905=IFCINDEXEDPOLYGONALFACE((1373,1400,915));
#8906=IFCINDEXEDPOLYGONALFACE((607,606,1399));
#8907=IFCINDEXEDPOLYGONALFACE((1399,606,608));
#8908=IFCINDEXEDPOLYGONALFACE((1398,608,609));
#8909=IFCINDEXEDPOLYGONALFACE((1396,609,605));
#8910=IFCINDEXEDPOLYGONALFACE((1383,1381,1375));
#8911=IFCINDEXEDPOLYGONALFACE((1375,1381,1379));
#8912=IFCINDEXEDPOLYGONALFACE((1374,1379,1376));
#8913=IFCINDEXEDPOLYGONALFACE((1372,1376,1400));
#8914=IFCINDEXEDPOLYGONALFACE((1370,1368,1383));
#8915=IFCINDEXEDPOLYGONALFACE((598,607,1360));
#8916=IFCINDEXEDPOLYGONALFACE((1409,1101,1410));
#8917=IFCINDEXEDPOLYGONALFACE((1094,1411,1412));
#8918=IFCINDEXEDPOLYGONALFACE((1413,1414,1415));
#8919=IFCINDEXEDPOLYGONALFACE((1416,1417,1418));
#8920=IFCINDEXEDPOLYGONALFACE((1419,1420,1421));
#8921=IFCINDEXEDPOLYGONALFACE((1422,1423,1424));
#8922=IFCINDEXEDPOLYGONALFACE((1093,1087,1425));
#8923=IFCINDEXEDPOLYGONALFACE((1098,1426,1427));
#8924=IFCINDEXEDPOLYGONALFACE((1087,1094,1428));
#8925=IFCINDEXEDPOLYGONALFACE((1429,1430,1423));
#8926=IFCINDEXEDPOLYGONALFACE((1101,1098,1431));
#8927=IFCINDEXEDPOLYGONALFACE((1432,1433,1434));
#8928=IFCINDEXEDPOLYGONALFACE((1435,1433,1432));
#8929=IFCINDEXEDPOLYGONALFACE((1436,1435,1437));
#8930=IFCINDEXEDPOLYGONALFACE((1423,1430,1436));
#8931=IFCINDEXEDPOLYGONALFACE((1438,1432,1439));
#8932=IFCINDEXEDPOLYGONALFACE((1437,1432,1438));
#8933=IFCINDEXEDPOLYGONALFACE((1440,1437,1441));
#8934=IFCINDEXEDPOLYGONALFACE((1423,1440,1442));
#8935=IFCINDEXEDPOLYGONALFACE((1443,1444,1414));
#8936=IFCINDEXEDPOLYGONALFACE((1445,1446,1444));
#8937=IFCINDEXEDPOLYGONALFACE((1447,1448,1446));
#8938=IFCINDEXEDPOLYGONALFACE((1449,1421,1448));
#8939=IFCINDEXEDPOLYGONALFACE((1450,1451,1452));
#8940=IFCINDEXEDPOLYGONALFACE((1453,1454,1451));
#8941=IFCINDEXEDPOLYGONALFACE((1455,1454,1453));
#8942=IFCINDEXEDPOLYGONALFACE((1418,1455,1456));
#8943=IFCINDEXEDPOLYGONALFACE((1088,1409,1457));
#8944=IFCINDEXEDPOLYGONALFACE((1458,1459,1088));
#8945=IFCINDEXEDPOLYGONALFACE((1459,1460,1088));
#8946=IFCINDEXEDPOLYGONALFACE((1411,1088,1460));
#8947=IFCINDEXEDPOLYGONALFACE((1461,1462,1463));
#8948=IFCINDEXEDPOLYGONALFACE((1464,1465,1466));
#8949=IFCINDEXEDPOLYGONALFACE((1467,1468,1469));
#8950=IFCINDEXEDPOLYGONALFACE((1470,1471,1468));
#8951=IFCINDEXEDPOLYGONALFACE((1472,1473,1466));
#8952=IFCINDEXEDPOLYGONALFACE((1474,1475,1476));
#8953=IFCINDEXEDPOLYGONALFACE((1477,1478,1479));
#8954=IFCINDEXEDPOLYGONALFACE((1480,1481,1482));
#8955=IFCINDEXEDPOLYGONALFACE((1483,1484,1481));
#8956=IFCINDEXEDPOLYGONALFACE((1485,1479,1486));
#8957=IFCINDEXEDPOLYGONALFACE((1487,1488,1489));
#8958=IFCINDEXEDPOLYGONALFACE((1490,1491,1492));
#8959=IFCINDEXEDPOLYGONALFACE((1493,1494,1495));
#8960=IFCINDEXEDPOLYGONALFACE((1494,1496,1497));
#8961=IFCINDEXEDPOLYGONALFACE((1498,1499,1492));
#8962=IFCINDEXEDPOLYGONALFACE((1500,1501,1502));
#8963=IFCINDEXEDPOLYGONALFACE((1503,1504,1505));
#8964=IFCINDEXEDPOLYGONALFACE((1506,1507,1508));
#8965=IFCINDEXEDPOLYGONALFACE((1507,1509,1510));
#8966=IFCINDEXEDPOLYGONALFACE((1503,1511,1512));
#8967=IFCINDEXEDPOLYGONALFACE((1513,1514,1515));
#8968=IFCINDEXEDPOLYGONALFACE((1516,1517,1518));
#8969=IFCINDEXEDPOLYGONALFACE((1519,1520,1521));
#8970=IFCINDEXEDPOLYGONALFACE((1519,1522,1523));
#8971=IFCINDEXEDPOLYGONALFACE((1516,1524,1525));
#8972=IFCINDEXEDPOLYGONALFACE((1526,1527,1464));
#8973=IFCINDEXEDPOLYGONALFACE((1528,1529,1530));
#8974=IFCINDEXEDPOLYGONALFACE((1530,1531,1470));
#8975=IFCINDEXEDPOLYGONALFACE((1472,1532,1526));
#8976=IFCINDEXEDPOLYGONALFACE((1533,1534,1477));
#8977=IFCINDEXEDPOLYGONALFACE((1535,1536,1537));
#8978=IFCINDEXEDPOLYGONALFACE((1537,1538,1483));
#8979=IFCINDEXEDPOLYGONALFACE((1539,1533,1485));
#8980=IFCINDEXEDPOLYGONALFACE((1540,1541,1490));
#8981=IFCINDEXEDPOLYGONALFACE((1542,1543,1494));
#8982=IFCINDEXEDPOLYGONALFACE((1494,1543,1544));
#8983=IFCINDEXEDPOLYGONALFACE((1498,1545,1540));
#8984=IFCINDEXEDPOLYGONALFACE((1546,1547,1504));
#8985=IFCINDEXEDPOLYGONALFACE((1506,1548,1549));
#8986=IFCINDEXEDPOLYGONALFACE((1549,1550,1509));
#8987=IFCINDEXEDPOLYGONALFACE((1551,1552,1546));
#8988=IFCINDEXEDPOLYGONALFACE((1516,1553,1554));
#8989=IFCINDEXEDPOLYGONALFACE((1555,1556,1557));
#8990=IFCINDEXEDPOLYGONALFACE((1519,1557,1558));
#8991=IFCINDEXEDPOLYGONALFACE((1559,1560,1553));
#8992=IFCINDEXEDPOLYGONALFACE((1561,1463,1527));
#8993=IFCINDEXEDPOLYGONALFACE((1462,1461,1530));
#8994=IFCINDEXEDPOLYGONALFACE((1530,1461,1562));
#8995=IFCINDEXEDPOLYGONALFACE((1563,1561,1526));
#8996=IFCINDEXEDPOLYGONALFACE((1564,1475,1534));
#8997=IFCINDEXEDPOLYGONALFACE((1474,1565,1537));
#8998=IFCINDEXEDPOLYGONALFACE((1537,1565,1476));
#8999=IFCINDEXEDPOLYGONALFACE((1539,1566,1564));
#9000=IFCINDEXEDPOLYGONALFACE((1540,1567,1488));
#9001=IFCINDEXEDPOLYGONALFACE((1542,1487,1568));
#9002=IFCINDEXEDPOLYGONALFACE((1568,1489,1544));
#9003=IFCINDEXEDPOLYGONALFACE((1545,1569,1567));
#9004=IFCINDEXEDPOLYGONALFACE((1546,1570,1502));
#9005=IFCINDEXEDPOLYGONALFACE((1501,1500,1549));
#9006=IFCINDEXEDPOLYGONALFACE((1500,1571,1550));
#9007=IFCINDEXEDPOLYGONALFACE((1552,1572,1570));
#9008=IFCINDEXEDPOLYGONALFACE((1573,1515,1554));
#9009=IFCINDEXEDPOLYGONALFACE((1514,1513,1557));
#9010=IFCINDEXEDPOLYGONALFACE((1557,1513,1574));
#9011=IFCINDEXEDPOLYGONALFACE((1560,1575,1573));
#9012=IFCINDEXEDPOLYGONALFACE((1576,1577,1453));
#9013=IFCINDEXEDPOLYGONALFACE((1524,1577,1576));
#9014=IFCINDEXEDPOLYGONALFACE((1578,1579,1580));
#9015=IFCINDEXEDPOLYGONALFACE((1520,1523,1579));
#9016=IFCINDEXEDPOLYGONALFACE((1578,1449,1447));
#9017=IFCINDEXEDPOLYGONALFACE((1521,1520,1578));
#9018=IFCINDEXEDPOLYGONALFACE((1577,1581,1582));
#9019=IFCINDEXEDPOLYGONALFACE((1524,1518,1581));
#9020=IFCINDEXEDPOLYGONALFACE((1583,1450,1584));
#9021=IFCINDEXEDPOLYGONALFACE((1585,1466,1583));
#9022=IFCINDEXEDPOLYGONALFACE((1586,1587,1588));
#9023=IFCINDEXEDPOLYGONALFACE((1471,1587,1586));
#9024=IFCINDEXEDPOLYGONALFACE((1586,1419,1449));
#9025=IFCINDEXEDPOLYGONALFACE((1469,1468,1586));
#9026=IFCINDEXEDPOLYGONALFACE((1589,1580,1450));
#9027=IFCINDEXEDPOLYGONALFACE((1466,1465,1589));
#9028=IFCINDEXEDPOLYGONALFACE((1590,1591,1456));
#9029=IFCINDEXEDPOLYGONALFACE((1511,1591,1590));
#9030=IFCINDEXEDPOLYGONALFACE((1592,1582,1447));
#9031=IFCINDEXEDPOLYGONALFACE((1508,1510,1592));
#9032=IFCINDEXEDPOLYGONALFACE((1593,1447,1445));
#9033=IFCINDEXEDPOLYGONALFACE((1508,1593,1594));
#9034=IFCINDEXEDPOLYGONALFACE((1591,1595,1596));
#9035=IFCINDEXEDPOLYGONALFACE((1511,1505,1595));
#9036=IFCINDEXEDPOLYGONALFACE((1597,1598,1599));
#9037=IFCINDEXEDPOLYGONALFACE((1492,1598,1597));
#9038=IFCINDEXEDPOLYGONALFACE((1600,1596,1445));
#9039=IFCINDEXEDPOLYGONALFACE((1495,1497,1600));
#9040=IFCINDEXEDPOLYGONALFACE((1601,1445,1443));
#9041=IFCINDEXEDPOLYGONALFACE((1495,1601,1602));
#9042=IFCINDEXEDPOLYGONALFACE((1598,1603,1604));
#9043=IFCINDEXEDPOLYGONALFACE((1492,1491,1603));
#9044=IFCINDEXEDPOLYGONALFACE((1605,1606,1416));
#9045=IFCINDEXEDPOLYGONALFACE((1486,1479,1606));
#9046=IFCINDEXEDPOLYGONALFACE((1607,1608,1604));
#9047=IFCINDEXEDPOLYGONALFACE((1481,1484,1608));
#9048=IFCINDEXEDPOLYGONALFACE((1607,1443,1413));
#9049=IFCINDEXEDPOLYGONALFACE((1481,1607,1609));
#9050=IFCINDEXEDPOLYGONALFACE((1606,1610,1611));
#9051=IFCINDEXEDPOLYGONALFACE((1479,1478,1610));
#9052=IFCINDEXEDPOLYGONALFACE((1482,1609,1610));
#9053=IFCINDEXEDPOLYGONALFACE((1609,1413,1611));
#9054=IFCINDEXEDPOLYGONALFACE((1486,1605,1608));
#9055=IFCINDEXEDPOLYGONALFACE((1608,1605,1599));
#9056=IFCINDEXEDPOLYGONALFACE((1612,1602,1603));
#9057=IFCINDEXEDPOLYGONALFACE((1603,1602,1443));
#9058=IFCINDEXEDPOLYGONALFACE((1613,1597,1600));
#9059=IFCINDEXEDPOLYGONALFACE((1597,1456,1596));
#9060=IFCINDEXEDPOLYGONALFACE((1614,1594,1595));
#9061=IFCINDEXEDPOLYGONALFACE((1595,1594,1445));
#9062=IFCINDEXEDPOLYGONALFACE((1512,1590,1592));
#9063=IFCINDEXEDPOLYGONALFACE((1590,1453,1582));
#9064=IFCINDEXEDPOLYGONALFACE((1469,1615,1589));
#9065=IFCINDEXEDPOLYGONALFACE((1589,1615,1449));
#9066=IFCINDEXEDPOLYGONALFACE((1585,1616,1587));
#9067=IFCINDEXEDPOLYGONALFACE((1616,1584,1588));
#9068=IFCINDEXEDPOLYGONALFACE((1521,1617,1581));
#9069=IFCINDEXEDPOLYGONALFACE((1617,1447,1582));
#9070=IFCINDEXEDPOLYGONALFACE((1525,1576,1579));
#9071=IFCINDEXEDPOLYGONALFACE((1579,1576,1450));
#9072=IFCINDEXEDPOLYGONALFACE((1558,1574,1575));
#9073=IFCINDEXEDPOLYGONALFACE((1554,1515,1514));
#9074=IFCINDEXEDPOLYGONALFACE((1571,1572,1552));
#9075=IFCINDEXEDPOLYGONALFACE((1502,1501,1548));
#9076=IFCINDEXEDPOLYGONALFACE((1544,1489,1569));
#9077=IFCINDEXEDPOLYGONALFACE((1488,1487,1542));
#9078=IFCINDEXEDPOLYGONALFACE((1538,1476,1566));
#9079=IFCINDEXEDPOLYGONALFACE((1534,1475,1474));
#9080=IFCINDEXEDPOLYGONALFACE((1562,1563,1532));
#9081=IFCINDEXEDPOLYGONALFACE((1527,1463,1462));
#9082=IFCINDEXEDPOLYGONALFACE((1558,1560,1559));
#9083=IFCINDEXEDPOLYGONALFACE((1554,1556,1555));
#9084=IFCINDEXEDPOLYGONALFACE((1509,1550,1552));
#9085=IFCINDEXEDPOLYGONALFACE((1504,1547,1548));
#9086=IFCINDEXEDPOLYGONALFACE((1544,1545,1498));
#9087=IFCINDEXEDPOLYGONALFACE((1541,1542,1493));
#9088=IFCINDEXEDPOLYGONALFACE((1483,1538,1539));
#9089=IFCINDEXEDPOLYGONALFACE((1477,1534,1536));
#9090=IFCINDEXEDPOLYGONALFACE((1470,1531,1532));
#9091=IFCINDEXEDPOLYGONALFACE((1527,1529,1528));
#9092=IFCINDEXEDPOLYGONALFACE((1559,1525,1523));
#9093=IFCINDEXEDPOLYGONALFACE((1555,1521,1518));
#9094=IFCINDEXEDPOLYGONALFACE((1574,1515,1573));
#9095=IFCINDEXEDPOLYGONALFACE((1509,1551,1512));
#9096=IFCINDEXEDPOLYGONALFACE((1506,1614,1505));
#9097=IFCINDEXEDPOLYGONALFACE((1502,1570,1572));
#9098=IFCINDEXEDPOLYGONALFACE((1498,1613,1497));
#9099=IFCINDEXEDPOLYGONALFACE((1493,1612,1491));
#9100=IFCINDEXEDPOLYGONALFACE((1489,1488,1567));
#9101=IFCINDEXEDPOLYGONALFACE((1483,1618,1486));
#9102=IFCINDEXEDPOLYGONALFACE((1477,1535,1482));
#9103=IFCINDEXEDPOLYGONALFACE((1476,1475,1564));
#9104=IFCINDEXEDPOLYGONALFACE((1470,1472,1585));
#9105=IFCINDEXEDPOLYGONALFACE((1464,1528,1469));
#9106=IFCINDEXEDPOLYGONALFACE((1463,1561,1563));
#9107=IFCINDEXEDPOLYGONALFACE((1460,1436,1430));
#9108=IFCINDEXEDPOLYGONALFACE((1459,1435,1436));
#9109=IFCINDEXEDPOLYGONALFACE((1459,1458,1433));
#9110=IFCINDEXEDPOLYGONALFACE((1457,1434,1433));
#9111=IFCINDEXEDPOLYGONALFACE((1431,1619,1439));
#9112=IFCINDEXEDPOLYGONALFACE((1425,1428,1429));
#9113=IFCINDEXEDPOLYGONALFACE((1427,1620,1619));
#9114=IFCINDEXEDPOLYGONALFACE((1621,1425,1422));
#9115=IFCINDEXEDPOLYGONALFACE((1611,1415,1417));
#9116=IFCINDEXEDPOLYGONALFACE((1428,1412,1430));
#9117=IFCINDEXEDPOLYGONALFACE((1410,1439,1434));
#9118=IFCINDEXEDPOLYGONALFACE((1621,1622,1623));
#9119=IFCINDEXEDPOLYGONALFACE((1624,1625,1626));
#9120=IFCINDEXEDPOLYGONALFACE((1424,1442,1627));
#9121=IFCINDEXEDPOLYGONALFACE((1442,1441,1628));
#9122=IFCINDEXEDPOLYGONALFACE((1441,1438,1629));
#9123=IFCINDEXEDPOLYGONALFACE((1629,1438,1619));
#9124=IFCINDEXEDPOLYGONALFACE((1099,1630,1631));
#9125=IFCINDEXEDPOLYGONALFACE((1099,1632,1630));
#9126=IFCINDEXEDPOLYGONALFACE((1632,1099,1633));
#9127=IFCINDEXEDPOLYGONALFACE((1634,1633,1093));
#9128=IFCINDEXEDPOLYGONALFACE((1635,1636,1620));
#9129=IFCINDEXEDPOLYGONALFACE((1098,1099,1631));
#9130=IFCINDEXEDPOLYGONALFACE((1623,1622,1424));
#9131=IFCINDEXEDPOLYGONALFACE((1093,1621,1625));
#9132=IFCINDEXEDPOLYGONALFACE((1105,1118,1100));
#9133=IFCINDEXEDPOLYGONALFACE((1637,1111,1096));
#9134=IFCINDEXEDPOLYGONALFACE((1130,1116,1095));
#9135=IFCINDEXEDPOLYGONALFACE((1118,1125,1092));
#9136=IFCINDEXEDPOLYGONALFACE((1096,1111,1105));
#9137=IFCINDEXEDPOLYGONALFACE((1116,1123,1091));
#9138=IFCINDEXEDPOLYGONALFACE((1092,1125,1638));
#9139=IFCINDEXEDPOLYGONALFACE((1091,1123,1129));
#9140=IFCINDEXEDPOLYGONALFACE((1089,1129,1637));
#9141=IFCINDEXEDPOLYGONALFACE((1085,1638,1130));
#9142=IFCINDEXEDPOLYGONALFACE((1419,1588,1639));
#9143=IFCINDEXEDPOLYGONALFACE((1639,1588,1584));
#9144=IFCINDEXEDPOLYGONALFACE((1426,1640,1635));
#9145=IFCINDEXEDPOLYGONALFACE((1626,1641,1417));
#9146=IFCINDEXEDPOLYGONALFACE((1642,1643,1455));
#9147=IFCINDEXEDPOLYGONALFACE((1643,1644,1454));
#9148=IFCINDEXEDPOLYGONALFACE((1644,1645,1451));
#9149=IFCINDEXEDPOLYGONALFACE((1645,1636,1452));
#9150=IFCINDEXEDPOLYGONALFACE((1646,1647,1448));
#9151=IFCINDEXEDPOLYGONALFACE((1448,1647,1648));
#9152=IFCINDEXEDPOLYGONALFACE((1648,1649,1444));
#9153=IFCINDEXEDPOLYGONALFACE((1444,1649,1650));
#9154=IFCINDEXEDPOLYGONALFACE((1640,1646,1421));
#9155=IFCINDEXEDPOLYGONALFACE((1641,1642,1418));
#9156=IFCINDEXEDPOLYGONALFACE((1639,1452,1636));
#9157=IFCINDEXEDPOLYGONALFACE((1640,1420,1639));
#9158=IFCINDEXEDPOLYGONALFACE((1625,1623,1641));
#9159=IFCINDEXEDPOLYGONALFACE((1651,1627,1643));
#9160=IFCINDEXEDPOLYGONALFACE((1627,1628,1644));
#9161=IFCINDEXEDPOLYGONALFACE((1644,1628,1629));
#9162=IFCINDEXEDPOLYGONALFACE((1645,1629,1620));
#9163=IFCINDEXEDPOLYGONALFACE((1631,1630,1647));
#9164=IFCINDEXEDPOLYGONALFACE((1647,1630,1632));
#9165=IFCINDEXEDPOLYGONALFACE((1632,1634,1649));
#9166=IFCINDEXEDPOLYGONALFACE((1649,1634,1624));
#9167=IFCINDEXEDPOLYGONALFACE((1426,1631,1646));
#9168=IFCINDEXEDPOLYGONALFACE((1623,1651,1642));
#9169=IFCINDEXEDPOLYGONALFACE((1650,1626,1415));
#9170=IFCINDEXEDPOLYGONALFACE((3,98,1));
#9171=IFCINDEXEDPOLYGONALFACE((1,99,4));
#9172=IFCINDEXEDPOLYGONALFACE((7,43,5));
#9173=IFCINDEXEDPOLYGONALFACE((9,6,5));
#9174=IFCINDEXEDPOLYGONALFACE((12,96,10));
#9175=IFCINDEXEDPOLYGONALFACE((15,97,13));
#9176=IFCINDEXEDPOLYGONALFACE((18,320,16));
#9177=IFCINDEXEDPOLYGONALFACE((21,155,19));
#9178=IFCINDEXEDPOLYGONALFACE((24,25,22));
#9179=IFCINDEXEDPOLYGONALFACE((24,15,14));
#9180=IFCINDEXEDPOLYGONALFACE((28,36,26));
#9181=IFCINDEXEDPOLYGONALFACE((31,38,29));
#9182=IFCINDEXEDPOLYGONALFACE((34,35,32));
#9183=IFCINDEXEDPOLYGONALFACE((11,10,35));
#9184=IFCINDEXEDPOLYGONALFACE((37,45,36));
#9185=IFCINDEXEDPOLYGONALFACE((39,47,38));
#9186=IFCINDEXEDPOLYGONALFACE((41,34,33));
#9187=IFCINDEXEDPOLYGONALFACE((44,92,42));
#9188=IFCINDEXEDPOLYGONALFACE((46,53,45));
#9189=IFCINDEXEDPOLYGONALFACE((48,55,47));
#9190=IFCINDEXEDPOLYGONALFACE((49,52,41));
#9191=IFCINDEXEDPOLYGONALFACE((52,95,50));
#9192=IFCINDEXEDPOLYGONALFACE((54,59,53));
#9193=IFCINDEXEDPOLYGONALFACE((56,546,55));
#9194=IFCINDEXEDPOLYGONALFACE((58,52,49));
#9195=IFCINDEXEDPOLYGONALFACE((58,2,4));
#9196=IFCINDEXEDPOLYGONALFACE((60,319,59));
#9197=IFCINDEXEDPOLYGONALFACE((62,546,56));
#9198=IFCINDEXEDPOLYGONALFACE((63,64,58));
#9199=IFCINDEXEDPOLYGONALFACE((3,2,58));
#9200=IFCINDEXEDPOLYGONALFACE((67,68,65));
#9201=IFCINDEXEDPOLYGONALFACE((7,69,65));
#9202=IFCINDEXEDPOLYGONALFACE((6,73,69));
#9203=IFCINDEXEDPOLYGONALFACE((72,83,70));
#9204=IFCINDEXEDPOLYGONALFACE((9,74,73));
#9205=IFCINDEXEDPOLYGONALFACE((75,156,74));
#9206=IFCINDEXEDPOLYGONALFACE((69,81,76));
#9207=IFCINDEXEDPOLYGONALFACE((74,156,77));
#9208=IFCINDEXEDPOLYGONALFACE((65,76,79));
#9209=IFCINDEXEDPOLYGONALFACE((73,74,78));
#9210=IFCINDEXEDPOLYGONALFACE((69,73,80));
#9211=IFCINDEXEDPOLYGONALFACE((83,604,82));
#9212=IFCINDEXEDPOLYGONALFACE((8,5,84));
#9213=IFCINDEXEDPOLYGONALFACE((5,43,42));
#9214=IFCINDEXEDPOLYGONALFACE((84,42,86));
#9215=IFCINDEXEDPOLYGONALFACE((85,84,87));
#9216=IFCINDEXEDPOLYGONALFACE((4,99,89));
#9217=IFCINDEXEDPOLYGONALFACE((11,34,91));
#9218=IFCINDEXEDPOLYGONALFACE((86,91,93));
#9219=IFCINDEXEDPOLYGONALFACE((4,90,95));
#9220=IFCINDEXEDPOLYGONALFACE((89,8,85));
#9221=IFCINDEXEDPOLYGONALFACE((92,91,86));
#9222=IFCINDEXEDPOLYGONALFACE((12,7,68));
#9223=IFCINDEXEDPOLYGONALFACE((44,12,11));
#9224=IFCINDEXEDPOLYGONALFACE((96,68,67));
#9225=IFCINDEXEDPOLYGONALFACE((98,164,72));
#9226=IFCINDEXEDPOLYGONALFACE((99,1,75));
#9227=IFCINDEXEDPOLYGONALFACE((90,85,88));
#9228=IFCINDEXEDPOLYGONALFACE((89,99,9));
#9229=IFCINDEXEDPOLYGONALFACE((7,12,44));
#9230=IFCINDEXEDPOLYGONALFACE((51,115,100));
#9231=IFCINDEXEDPOLYGONALFACE((104,94,102));
#9232=IFCINDEXEDPOLYGONALFACE((91,34,105));
#9233=IFCINDEXEDPOLYGONALFACE((87,104,106));
#9234=IFCINDEXEDPOLYGONALFACE((52,51,101));
#9235=IFCINDEXEDPOLYGONALFACE((86,94,104));
#9236=IFCINDEXEDPOLYGONALFACE((88,106,50));
#9237=IFCINDEXEDPOLYGONALFACE((34,41,101));
#9238=IFCINDEXEDPOLYGONALFACE((109,126,107));
#9239=IFCINDEXEDPOLYGONALFACE((111,108,107));
#9240=IFCINDEXEDPOLYGONALFACE((101,100,112));
#9241=IFCINDEXEDPOLYGONALFACE((93,114,102));
#9242=IFCINDEXEDPOLYGONALFACE((106,104,103));
#9243=IFCINDEXEDPOLYGONALFACE((105,112,114));
#9244=IFCINDEXEDPOLYGONALFACE((50,116,115));
#9245=IFCINDEXEDPOLYGONALFACE((50,106,113));
#9246=IFCINDEXEDPOLYGONALFACE((119,125,117));
#9247=IFCINDEXEDPOLYGONALFACE((121,111,110));
#9248=IFCINDEXEDPOLYGONALFACE((121,120,122));
#9249=IFCINDEXEDPOLYGONALFACE((119,127,124));
#9250=IFCINDEXEDPOLYGONALFACE((118,117,126));
#9251=IFCINDEXEDPOLYGONALFACE((127,123,122));
#9252=IFCINDEXEDPOLYGONALFACE((114,112,128));
#9253=IFCINDEXEDPOLYGONALFACE((129,128,130));
#9254=IFCINDEXEDPOLYGONALFACE((131,130,132));
#9255=IFCINDEXEDPOLYGONALFACE((132,123,127));
#9256=IFCINDEXEDPOLYGONALFACE((103,136,134));
#9257=IFCINDEXEDPOLYGONALFACE((136,138,135));
#9258=IFCINDEXEDPOLYGONALFACE((138,148,137));
#9259=IFCINDEXEDPOLYGONALFACE((137,148,118));
#9260=IFCINDEXEDPOLYGONALFACE((102,114,129));
#9261=IFCINDEXEDPOLYGONALFACE((129,131,140));
#9262=IFCINDEXEDPOLYGONALFACE((140,131,133));
#9263=IFCINDEXEDPOLYGONALFACE((141,133,127));
#9264=IFCINDEXEDPOLYGONALFACE((112,100,142));
#9265=IFCINDEXEDPOLYGONALFACE((128,142,143));
#9266=IFCINDEXEDPOLYGONALFACE((130,143,144));
#9267=IFCINDEXEDPOLYGONALFACE((144,121,123));
#9268=IFCINDEXEDPOLYGONALFACE((100,115,145));
#9269=IFCINDEXEDPOLYGONALFACE((142,145,146));
#9270=IFCINDEXEDPOLYGONALFACE((143,146,147));
#9271=IFCINDEXEDPOLYGONALFACE((147,111,121));
#9272=IFCINDEXEDPOLYGONALFACE((102,139,136));
#9273=IFCINDEXEDPOLYGONALFACE((139,140,138));
#9274=IFCINDEXEDPOLYGONALFACE((138,140,141));
#9275=IFCINDEXEDPOLYGONALFACE((148,141,119));
#9276=IFCINDEXEDPOLYGONALFACE((115,116,149));
#9277=IFCINDEXEDPOLYGONALFACE((145,149,150));
#9278=IFCINDEXEDPOLYGONALFACE((150,151,147));
#9279=IFCINDEXEDPOLYGONALFACE((151,108,111));
#9280=IFCINDEXEDPOLYGONALFACE((113,134,149));
#9281=IFCINDEXEDPOLYGONALFACE((134,135,150));
#9282=IFCINDEXEDPOLYGONALFACE((135,137,151));
#9283=IFCINDEXEDPOLYGONALFACE((137,109,108));
#9284=IFCINDEXEDPOLYGONALFACE((97,67,152));
#9285=IFCINDEXEDPOLYGONALFACE((154,66,79));
#9286=IFCINDEXEDPOLYGONALFACE((152,67,66));
#9287=IFCINDEXEDPOLYGONALFACE((35,10,15));
#9288=IFCINDEXEDPOLYGONALFACE((32,35,24));
#9289=IFCINDEXEDPOLYGONALFACE((30,29,155));
#9290=IFCINDEXEDPOLYGONALFACE((26,320,18));
#9291=IFCINDEXEDPOLYGONALFACE((96,97,15));
#9292=IFCINDEXEDPOLYGONALFACE((98,71,75));
#9293=IFCINDEXEDPOLYGONALFACE((70,82,77));
#9294=IFCINDEXEDPOLYGONALFACE((75,71,70));
#9295=IFCINDEXEDPOLYGONALFACE((158,3,64));
#9296=IFCINDEXEDPOLYGONALFACE((159,157,64));
#9297=IFCINDEXEDPOLYGONALFACE((161,62,61));
#9298=IFCINDEXEDPOLYGONALFACE((163,319,60));
#9299=IFCINDEXEDPOLYGONALFACE((164,98,3));
#9300=IFCINDEXEDPOLYGONALFACE((167,209,165));
#9301=IFCINDEXEDPOLYGONALFACE((170,215,168));
#9302=IFCINDEXEDPOLYGONALFACE((168,172,171));
#9303=IFCINDEXEDPOLYGONALFACE((172,167,166));
#9304=IFCINDEXEDPOLYGONALFACE((175,177,173));
#9305=IFCINDEXEDPOLYGONALFACE((177,183,176));
#9306=IFCINDEXEDPOLYGONALFACE((175,174,178));
#9307=IFCINDEXEDPOLYGONALFACE((182,188,180));
#9308=IFCINDEXEDPOLYGONALFACE((181,180,176));
#9309=IFCINDEXEDPOLYGONALFACE((179,178,184));
#9310=IFCINDEXEDPOLYGONALFACE((187,185,184));
#9311=IFCINDEXEDPOLYGONALFACE((189,192,188));
#9312=IFCINDEXEDPOLYGONALFACE((191,187,186));
#9313=IFCINDEXEDPOLYGONALFACE((189,191,190));
#9314=IFCINDEXEDPOLYGONALFACE((194,191,189));
#9315=IFCINDEXEDPOLYGONALFACE((195,187,191));
#9316=IFCINDEXEDPOLYGONALFACE((193,189,182));
#9317=IFCINDEXEDPOLYGONALFACE((197,185,187));
#9318=IFCINDEXEDPOLYGONALFACE((198,179,185));
#9319=IFCINDEXEDPOLYGONALFACE((200,181,183));
#9320=IFCINDEXEDPOLYGONALFACE((200,196,182));
#9321=IFCINDEXEDPOLYGONALFACE((198,202,175));
#9322=IFCINDEXEDPOLYGONALFACE((199,183,177));
#9323=IFCINDEXEDPOLYGONALFACE((201,177,175));
#9324=IFCINDEXEDPOLYGONALFACE((169,201,202));
#9325=IFCINDEXEDPOLYGONALFACE((169,171,199));
#9326=IFCINDEXEDPOLYGONALFACE((203,170,202));
#9327=IFCINDEXEDPOLYGONALFACE((166,165,196));
#9328=IFCINDEXEDPOLYGONALFACE((171,166,200));
#9329=IFCINDEXEDPOLYGONALFACE((203,198,197));
#9330=IFCINDEXEDPOLYGONALFACE((204,197,195));
#9331=IFCINDEXEDPOLYGONALFACE((165,207,193));
#9332=IFCINDEXEDPOLYGONALFACE((205,195,194));
#9333=IFCINDEXEDPOLYGONALFACE((206,194,193));
#9334=IFCINDEXEDPOLYGONALFACE((209,217,208));
#9335=IFCINDEXEDPOLYGONALFACE((210,216,170));
#9336=IFCINDEXEDPOLYGONALFACE((165,208,211));
#9337=IFCINDEXEDPOLYGONALFACE((207,211,212));
#9338=IFCINDEXEDPOLYGONALFACE((206,212,213));
#9339=IFCINDEXEDPOLYGONALFACE((205,213,214));
#9340=IFCINDEXEDPOLYGONALFACE((204,214,210));
#9341=IFCINDEXEDPOLYGONALFACE((216,218,215));
#9342=IFCINDEXEDPOLYGONALFACE((162,60,208));
#9343=IFCINDEXEDPOLYGONALFACE((27,18,216));
#9344=IFCINDEXEDPOLYGONALFACE((208,60,54));
#9345=IFCINDEXEDPOLYGONALFACE((211,54,46));
#9346=IFCINDEXEDPOLYGONALFACE((212,46,37));
#9347=IFCINDEXEDPOLYGONALFACE((213,37,28));
#9348=IFCINDEXEDPOLYGONALFACE((28,27,210));
#9349=IFCINDEXEDPOLYGONALFACE((216,18,17));
#9350=IFCINDEXEDPOLYGONALFACE((173,176,219));
#9351=IFCINDEXEDPOLYGONALFACE((178,174,221));
#9352=IFCINDEXEDPOLYGONALFACE((186,226,223));
#9353=IFCINDEXEDPOLYGONALFACE((180,224,219));
#9354=IFCINDEXEDPOLYGONALFACE((188,227,224));
#9355=IFCINDEXEDPOLYGONALFACE((186,184,225));
#9356=IFCINDEXEDPOLYGONALFACE((192,228,227));
#9357=IFCINDEXEDPOLYGONALFACE((174,173,220));
#9358=IFCINDEXEDPOLYGONALFACE((184,178,222));
#9359=IFCINDEXEDPOLYGONALFACE((190,223,228));
#9360=IFCINDEXEDPOLYGONALFACE((224,227,229));
#9361=IFCINDEXEDPOLYGONALFACE((226,225,231));
#9362=IFCINDEXEDPOLYGONALFACE((228,235,229));
#9363=IFCINDEXEDPOLYGONALFACE((220,237,233));
#9364=IFCINDEXEDPOLYGONALFACE((225,222,234));
#9365=IFCINDEXEDPOLYGONALFACE((223,238,235));
#9366=IFCINDEXEDPOLYGONALFACE((220,219,236));
#9367=IFCINDEXEDPOLYGONALFACE((222,221,233));
#9368=IFCINDEXEDPOLYGONALFACE((226,232,238));
#9369=IFCINDEXEDPOLYGONALFACE((224,230,236));
#9370=IFCINDEXEDPOLYGONALFACE((231,243,239));
#9371=IFCINDEXEDPOLYGONALFACE((229,235,240));
#9372=IFCINDEXEDPOLYGONALFACE((237,246,242));
#9373=IFCINDEXEDPOLYGONALFACE((234,247,243));
#9374=IFCINDEXEDPOLYGONALFACE((235,238,244));
#9375=IFCINDEXEDPOLYGONALFACE((237,236,245));
#9376=IFCINDEXEDPOLYGONALFACE((233,242,247));
#9377=IFCINDEXEDPOLYGONALFACE((232,239,244));
#9378=IFCINDEXEDPOLYGONALFACE((230,248,245));
#9379=IFCINDEXEDPOLYGONALFACE((230,229,241));
#9380=IFCINDEXEDPOLYGONALFACE((245,254,249));
#9381=IFCINDEXEDPOLYGONALFACE((247,242,250));
#9382=IFCINDEXEDPOLYGONALFACE((244,239,252));
#9383=IFCINDEXEDPOLYGONALFACE((248,255,254));
#9384=IFCINDEXEDPOLYGONALFACE((241,258,255));
#9385=IFCINDEXEDPOLYGONALFACE((239,243,256));
#9386=IFCINDEXEDPOLYGONALFACE((241,240,257));
#9387=IFCINDEXEDPOLYGONALFACE((246,249,250));
#9388=IFCINDEXEDPOLYGONALFACE((243,247,251));
#9389=IFCINDEXEDPOLYGONALFACE((240,244,253));
#9390=IFCINDEXEDPOLYGONALFACE((251,250,259));
#9391=IFCINDEXEDPOLYGONALFACE((253,252,261));
#9392=IFCINDEXEDPOLYGONALFACE((255,264,263));
#9393=IFCINDEXEDPOLYGONALFACE((258,267,264));
#9394=IFCINDEXEDPOLYGONALFACE((252,256,265));
#9395=IFCINDEXEDPOLYGONALFACE((258,257,266));
#9396=IFCINDEXEDPOLYGONALFACE((249,268,259));
#9397=IFCINDEXEDPOLYGONALFACE((256,251,260));
#9398=IFCINDEXEDPOLYGONALFACE((257,253,262));
#9399=IFCINDEXEDPOLYGONALFACE((254,263,268));
#9400=IFCINDEXEDPOLYGONALFACE((271,277,269));
#9401=IFCINDEXEDPOLYGONALFACE((274,275,272));
#9402=IFCINDEXEDPOLYGONALFACE((276,280,272));
#9403=IFCINDEXEDPOLYGONALFACE((278,285,277));
#9404=IFCINDEXEDPOLYGONALFACE((276,286,279));
#9405=IFCINDEXEDPOLYGONALFACE((283,287,281));
#9406=IFCINDEXEDPOLYGONALFACE((278,288,284));
#9407=IFCINDEXEDPOLYGONALFACE((286,270,269));
#9408=IFCINDEXEDPOLYGONALFACE((274,273,287));
#9409=IFCINDEXEDPOLYGONALFACE((288,282,281));
#9410=IFCINDEXEDPOLYGONALFACE((260,259,289));
#9411=IFCINDEXEDPOLYGONALFACE((290,289,291));
#9412=IFCINDEXEDPOLYGONALFACE((292,291,293));
#9413=IFCINDEXEDPOLYGONALFACE((263,297,295));
#9414=IFCINDEXEDPOLYGONALFACE((297,299,296));
#9415=IFCINDEXEDPOLYGONALFACE((299,317,298));
#9416=IFCINDEXEDPOLYGONALFACE((266,262,300));
#9417=IFCINDEXEDPOLYGONALFACE((300,304,302));
#9418=IFCINDEXEDPOLYGONALFACE((304,318,303));
#9419=IFCINDEXEDPOLYGONALFACE((265,260,290));
#9420=IFCINDEXEDPOLYGONALFACE((305,290,292));
#9421=IFCINDEXEDPOLYGONALFACE((306,292,294));
#9422=IFCINDEXEDPOLYGONALFACE((268,295,289));
#9423=IFCINDEXEDPOLYGONALFACE((295,296,291));
#9424=IFCINDEXEDPOLYGONALFACE((296,298,293));
#9425=IFCINDEXEDPOLYGONALFACE((267,266,301));
#9426=IFCINDEXEDPOLYGONALFACE((301,302,309));
#9427=IFCINDEXEDPOLYGONALFACE((302,303,310));
#9428=IFCINDEXEDPOLYGONALFACE((261,265,305));
#9429=IFCINDEXEDPOLYGONALFACE((311,305,306));
#9430=IFCINDEXEDPOLYGONALFACE((312,306,307));
#9431=IFCINDEXEDPOLYGONALFACE((267,308,314));
#9432=IFCINDEXEDPOLYGONALFACE((314,308,309));
#9433=IFCINDEXEDPOLYGONALFACE((309,310,316));
#9434=IFCINDEXEDPOLYGONALFACE((263,264,314));
#9435=IFCINDEXEDPOLYGONALFACE((297,314,315));
#9436=IFCINDEXEDPOLYGONALFACE((299,315,316));
#9437=IFCINDEXEDPOLYGONALFACE((262,261,311));
#9438=IFCINDEXEDPOLYGONALFACE((311,312,304));
#9439=IFCINDEXEDPOLYGONALFACE((312,313,318));
#9440=IFCINDEXEDPOLYGONALFACE((160,61,319));
#9441=IFCINDEXEDPOLYGONALFACE((26,30,21));
#9442=IFCINDEXEDPOLYGONALFACE((319,61,56));
#9443=IFCINDEXEDPOLYGONALFACE((59,56,48));
#9444=IFCINDEXEDPOLYGONALFACE((53,48,39));
#9445=IFCINDEXEDPOLYGONALFACE((45,39,31));
#9446=IFCINDEXEDPOLYGONALFACE((36,31,30));
#9447=IFCINDEXEDPOLYGONALFACE((21,20,16));
#9448=IFCINDEXEDPOLYGONALFACE((323,353,321));
#9449=IFCINDEXEDPOLYGONALFACE((325,125,124));
#9450=IFCINDEXEDPOLYGONALFACE((328,421,326));
#9451=IFCINDEXEDPOLYGONALFACE((329,117,125));
#9452=IFCINDEXEDPOLYGONALFACE((126,117,330));
#9453=IFCINDEXEDPOLYGONALFACE((335,436,333));
#9454=IFCINDEXEDPOLYGONALFACE((334,333,336));
#9455=IFCINDEXEDPOLYGONALFACE((336,328,327));
#9456=IFCINDEXEDPOLYGONALFACE((340,360,339));
#9457=IFCINDEXEDPOLYGONALFACE((337,340,341));
#9458=IFCINDEXEDPOLYGONALFACE((341,340,338));
#9459=IFCINDEXEDPOLYGONALFACE((335,334,341));
#9460=IFCINDEXEDPOLYGONALFACE((344,342,120));
#9461=IFCINDEXEDPOLYGONALFACE((344,343,341));
#9462=IFCINDEXEDPOLYGONALFACE((347,356,345));
#9463=IFCINDEXEDPOLYGONALFACE((345,356,348));
#9464=IFCINDEXEDPOLYGONALFACE((351,346,345));
#9465=IFCINDEXEDPOLYGONALFACE((346,332,329));
#9466=IFCINDEXEDPOLYGONALFACE((350,345,349));
#9467=IFCINDEXEDPOLYGONALFACE((351,350,353));
#9468=IFCINDEXEDPOLYGONALFACE((351,330,332));
#9469=IFCINDEXEDPOLYGONALFACE((353,350,352));
#9470=IFCINDEXEDPOLYGONALFACE((347,363,355));
#9471=IFCINDEXEDPOLYGONALFACE((358,370,357));
#9472=IFCINDEXEDPOLYGONALFACE((331,330,351));
#9473=IFCINDEXEDPOLYGONALFACE((356,355,359));
#9474=IFCINDEXEDPOLYGONALFACE((326,357,360));
#9475=IFCINDEXEDPOLYGONALFACE((362,358,326));
#9476=IFCINDEXEDPOLYGONALFACE((329,325,363));
#9477=IFCINDEXEDPOLYGONALFACE((120,339,364));
#9478=IFCINDEXEDPOLYGONALFACE((339,360,357));
#9479=IFCINDEXEDPOLYGONALFACE((365,323,335));
#9480=IFCINDEXEDPOLYGONALFACE((362,361,355));
#9481=IFCINDEXEDPOLYGONALFACE((359,355,361));
#9482=IFCINDEXEDPOLYGONALFACE((368,363,325));
#9483=IFCINDEXEDPOLYGONALFACE((126,331,369));
#9484=IFCINDEXEDPOLYGONALFACE((331,354,365));
#9485=IFCINDEXEDPOLYGONALFACE((371,368,357));
#9486=IFCINDEXEDPOLYGONALFACE((371,456,363));
#9487=IFCINDEXEDPOLYGONALFACE((374,520,372));
#9488=IFCINDEXEDPOLYGONALFACE((377,511,375));
#9489=IFCINDEXEDPOLYGONALFACE((380,381,378));
#9490=IFCINDEXEDPOLYGONALFACE((382,510,381));
#9491=IFCINDEXEDPOLYGONALFACE((375,511,383));
#9492=IFCINDEXEDPOLYGONALFACE((387,513,385));
#9493=IFCINDEXEDPOLYGONALFACE((390,451,388));
#9494=IFCINDEXEDPOLYGONALFACE((393,512,391));
#9495=IFCINDEXEDPOLYGONALFACE((394,514,393));
#9496=IFCINDEXEDPOLYGONALFACE((388,450,395));
#9497=IFCINDEXEDPOLYGONALFACE((398,521,396));
#9498=IFCINDEXEDPOLYGONALFACE((401,515,399));
#9499=IFCINDEXEDPOLYGONALFACE((404,447,402));
#9500=IFCINDEXEDPOLYGONALFACE((405,516,404));
#9501=IFCINDEXEDPOLYGONALFACE((399,515,406));
#9502=IFCINDEXEDPOLYGONALFACE((410,518,408));
#9503=IFCINDEXEDPOLYGONALFACE((413,519,411));
#9504=IFCINDEXEDPOLYGONALFACE((416,517,414));
#9505=IFCINDEXEDPOLYGONALFACE((418,517,416));
#9506=IFCINDEXEDPOLYGONALFACE((411,519,419));
#9507=IFCINDEXEDPOLYGONALFACE((422,461,421));
#9508=IFCINDEXEDPOLYGONALFACE((367,444,423));
#9509=IFCINDEXEDPOLYGONALFACE((359,423,424));
#9510=IFCINDEXEDPOLYGONALFACE((425,443,422));
#9511=IFCINDEXEDPOLYGONALFACE((426,475,328));
#9512=IFCINDEXEDPOLYGONALFACE((425,442,427));
#9513=IFCINDEXEDPOLYGONALFACE((427,441,349));
#9514=IFCINDEXEDPOLYGONALFACE((429,426,336));
#9515=IFCINDEXEDPOLYGONALFACE((430,489,336));
#9516=IFCINDEXEDPOLYGONALFACE((431,432,349));
#9517=IFCINDEXEDPOLYGONALFACE((432,484,352));
#9518=IFCINDEXEDPOLYGONALFACE((434,430,333));
#9519=IFCINDEXEDPOLYGONALFACE((436,505,435));
#9520=IFCINDEXEDPOLYGONALFACE((433,440,437));
#9521=IFCINDEXEDPOLYGONALFACE((437,439,321));
#9522=IFCINDEXEDPOLYGONALFACE((438,505,436));
#9523=IFCINDEXEDPOLYGONALFACE((439,438,322));
#9524=IFCINDEXEDPOLYGONALFACE((333,435,440));
#9525=IFCINDEXEDPOLYGONALFACE((352,484,434));
#9526=IFCINDEXEDPOLYGONALFACE((336,489,431));
#9527=IFCINDEXEDPOLYGONALFACE((441,429,428));
#9528=IFCINDEXEDPOLYGONALFACE((328,475,442));
#9529=IFCINDEXEDPOLYGONALFACE((348,424,443));
#9530=IFCINDEXEDPOLYGONALFACE((421,461,444));
#9531=IFCINDEXEDPOLYGONALFACE((420,419,418));
#9532=IFCINDEXEDPOLYGONALFACE((414,413,412));
#9533=IFCINDEXEDPOLYGONALFACE((409,408,445));
#9534=IFCINDEXEDPOLYGONALFACE((406,516,405));
#9535=IFCINDEXEDPOLYGONALFACE((447,401,400));
#9536=IFCINDEXEDPOLYGONALFACE((398,397,448));
#9537=IFCINDEXEDPOLYGONALFACE((450,514,394));
#9538=IFCINDEXEDPOLYGONALFACE((391,512,451));
#9539=IFCINDEXEDPOLYGONALFACE((453,386,385));
#9540=IFCINDEXEDPOLYGONALFACE((383,510,382));
#9541=IFCINDEXEDPOLYGONALFACE((379,378,377));
#9542=IFCINDEXEDPOLYGONALFACE((374,373,454));
#9543=IFCINDEXEDPOLYGONALFACE((353,323,365));
#9544=IFCINDEXEDPOLYGONALFACE((366,355,363));
#9545=IFCINDEXEDPOLYGONALFACE((344,369,365));
#9546=IFCINDEXEDPOLYGONALFACE((107,369,344));
#9547=IFCINDEXEDPOLYGONALFACE((357,368,324));
#9548=IFCINDEXEDPOLYGONALFACE((337,327,360));
#9549=IFCINDEXEDPOLYGONALFACE((421,367,361));
#9550=IFCINDEXEDPOLYGONALFACE((364,324,124));
#9551=IFCINDEXEDPOLYGONALFACE((323,322,436));
#9552=IFCINDEXEDPOLYGONALFACE((424,459,457));
#9553=IFCINDEXEDPOLYGONALFACE((459,460,458));
#9554=IFCINDEXEDPOLYGONALFACE((460,379,376));
#9555=IFCINDEXEDPOLYGONALFACE((462,463,444));
#9556=IFCINDEXEDPOLYGONALFACE((464,465,463));
#9557=IFCINDEXEDPOLYGONALFACE((384,382,465));
#9558=IFCINDEXEDPOLYGONALFACE((422,466,462));
#9559=IFCINDEXEDPOLYGONALFACE((466,467,464));
#9560=IFCINDEXEDPOLYGONALFACE((467,375,384));
#9561=IFCINDEXEDPOLYGONALFACE((463,468,423));
#9562=IFCINDEXEDPOLYGONALFACE((465,469,468));
#9563=IFCINDEXEDPOLYGONALFACE((465,382,380));
#9564=IFCINDEXEDPOLYGONALFACE((468,459,424));
#9565=IFCINDEXEDPOLYGONALFACE((468,469,460));
#9566=IFCINDEXEDPOLYGONALFACE((469,380,379));
#9567=IFCINDEXEDPOLYGONALFACE((443,457,466));
#9568=IFCINDEXEDPOLYGONALFACE((457,458,467));
#9569=IFCINDEXEDPOLYGONALFACE((376,375,467));
#9570=IFCINDEXEDPOLYGONALFACE((441,472,470));
#9571=IFCINDEXEDPOLYGONALFACE((472,473,471));
#9572=IFCINDEXEDPOLYGONALFACE((473,415,412));
#9573=IFCINDEXEDPOLYGONALFACE((475,477,474));
#9574=IFCINDEXEDPOLYGONALFACE((477,478,476));
#9575=IFCINDEXEDPOLYGONALFACE((420,417,476));
#9576=IFCINDEXEDPOLYGONALFACE((479,477,475));
#9577=IFCINDEXEDPOLYGONALFACE((479,480,478));
#9578=IFCINDEXEDPOLYGONALFACE((480,411,420));
#9579=IFCINDEXEDPOLYGONALFACE((474,481,427));
#9580=IFCINDEXEDPOLYGONALFACE((476,482,481));
#9581=IFCINDEXEDPOLYGONALFACE((417,416,482));
#9582=IFCINDEXEDPOLYGONALFACE((427,481,472));
#9583=IFCINDEXEDPOLYGONALFACE((481,482,473));
#9584=IFCINDEXEDPOLYGONALFACE((482,416,415));
#9585=IFCINDEXEDPOLYGONALFACE((470,479,426));
#9586=IFCINDEXEDPOLYGONALFACE((471,480,479));
#9587=IFCINDEXEDPOLYGONALFACE((412,411,480));
#9588=IFCINDEXEDPOLYGONALFACE((484,486,483));
#9589=IFCINDEXEDPOLYGONALFACE((486,487,485));
#9590=IFCINDEXEDPOLYGONALFACE((402,400,485));
#9591=IFCINDEXEDPOLYGONALFACE((489,491,488));
#9592=IFCINDEXEDPOLYGONALFACE((491,492,490));
#9593=IFCINDEXEDPOLYGONALFACE((407,405,490));
#9594=IFCINDEXEDPOLYGONALFACE((493,491,489));
#9595=IFCINDEXEDPOLYGONALFACE((494,492,491));
#9596=IFCINDEXEDPOLYGONALFACE((494,399,407));
#9597=IFCINDEXEDPOLYGONALFACE((431,488,495));
#9598=IFCINDEXEDPOLYGONALFACE((490,496,495));
#9599=IFCINDEXEDPOLYGONALFACE((490,405,403));
#9600=IFCINDEXEDPOLYGONALFACE((495,486,484));
#9601=IFCINDEXEDPOLYGONALFACE((496,487,486));
#9602=IFCINDEXEDPOLYGONALFACE((403,402,487));
#9603=IFCINDEXEDPOLYGONALFACE((434,483,493));
#9604=IFCINDEXEDPOLYGONALFACE((483,485,494));
#9605=IFCINDEXEDPOLYGONALFACE((485,400,399));
#9606=IFCINDEXEDPOLYGONALFACE((439,499,497));
#9607=IFCINDEXEDPOLYGONALFACE((499,500,498));
#9608=IFCINDEXEDPOLYGONALFACE((500,391,390));
#9609=IFCINDEXEDPOLYGONALFACE((435,503,501));
#9610=IFCINDEXEDPOLYGONALFACE((503,504,502));
#9611=IFCINDEXEDPOLYGONALFACE((395,394,502));
#9612=IFCINDEXEDPOLYGONALFACE((506,503,435));
#9613=IFCINDEXEDPOLYGONALFACE((507,504,503));
#9614=IFCINDEXEDPOLYGONALFACE((389,395,504));
#9615=IFCINDEXEDPOLYGONALFACE((501,508,437));
#9616=IFCINDEXEDPOLYGONALFACE((502,509,508));
#9617=IFCINDEXEDPOLYGONALFACE((394,392,509));
#9618=IFCINDEXEDPOLYGONALFACE((508,499,439));
#9619=IFCINDEXEDPOLYGONALFACE((509,500,499));
#9620=IFCINDEXEDPOLYGONALFACE((392,391,500));
#9621=IFCINDEXEDPOLYGONALFACE((438,497,506));
#9622=IFCINDEXEDPOLYGONALFACE((497,498,507));
#9623=IFCINDEXEDPOLYGONALFACE((498,390,389));
#9624=IFCINDEXEDPOLYGONALFACE((455,511,377));
#9625=IFCINDEXEDPOLYGONALFACE((372,520,378));
#9626=IFCINDEXEDPOLYGONALFACE((372,381,510));
#9627=IFCINDEXEDPOLYGONALFACE((454,383,511));
#9628=IFCINDEXEDPOLYGONALFACE((453,388,451));
#9629=IFCINDEXEDPOLYGONALFACE((513,387,512));
#9630=IFCINDEXEDPOLYGONALFACE((513,393,514));
#9631=IFCINDEXEDPOLYGONALFACE((453,452,450));
#9632=IFCINDEXEDPOLYGONALFACE((398,449,515));
#9633=IFCINDEXEDPOLYGONALFACE((396,521,447));
#9634=IFCINDEXEDPOLYGONALFACE((396,404,516));
#9635=IFCINDEXEDPOLYGONALFACE((449,448,406));
#9636=IFCINDEXEDPOLYGONALFACE((446,519,413));
#9637=IFCINDEXEDPOLYGONALFACE((518,410,414));
#9638=IFCINDEXEDPOLYGONALFACE((408,518,517));
#9639=IFCINDEXEDPOLYGONALFACE((446,445,419));
#9640=IFCINDEXEDPOLYGONALFACE((520,374,377));
#9641=IFCINDEXEDPOLYGONALFACE((454,373,510));
#9642=IFCINDEXEDPOLYGONALFACE((386,451,512));
#9643=IFCINDEXEDPOLYGONALFACE((452,385,514));
#9644=IFCINDEXEDPOLYGONALFACE((398,401,447));
#9645=IFCINDEXEDPOLYGONALFACE((397,516,406));
#9646=IFCINDEXEDPOLYGONALFACE((409,413,414));
#9647=IFCINDEXEDPOLYGONALFACE((408,418,419));
#9648=IFCINDEXEDPOLYGONALFACE((524,544,522));
#9649=IFCINDEXEDPOLYGONALFACE((527,534,525));
#9650=IFCINDEXEDPOLYGONALFACE((530,543,528));
#9651=IFCINDEXEDPOLYGONALFACE((532,543,530));
#9652=IFCINDEXEDPOLYGONALFACE((534,545,533));
#9653=IFCINDEXEDPOLYGONALFACE((533,545,532));
#9654=IFCINDEXEDPOLYGONALFACE((529,528,527));
#9655=IFCINDEXEDPOLYGONALFACE((524,523,535));
#9656=IFCINDEXEDPOLYGONALFACE((366,538,537));
#9657=IFCINDEXEDPOLYGONALFACE((538,529,526));
#9658=IFCINDEXEDPOLYGONALFACE((370,540,539));
#9659=IFCINDEXEDPOLYGONALFACE((533,531,539));
#9660=IFCINDEXEDPOLYGONALFACE((541,540,370));
#9661=IFCINDEXEDPOLYGONALFACE((541,525,533));
#9662=IFCINDEXEDPOLYGONALFACE((371,539,542));
#9663=IFCINDEXEDPOLYGONALFACE((531,530,542));
#9664=IFCINDEXEDPOLYGONALFACE((456,542,538));
#9665=IFCINDEXEDPOLYGONALFACE((542,530,529));
#9666=IFCINDEXEDPOLYGONALFACE((537,541,358));
#9667=IFCINDEXEDPOLYGONALFACE((526,525,541));
#9668=IFCINDEXEDPOLYGONALFACE((524,536,534));
#9669=IFCINDEXEDPOLYGONALFACE((522,544,528));
#9670=IFCINDEXEDPOLYGONALFACE((523,522,543));
#9671=IFCINDEXEDPOLYGONALFACE((535,545,534));
#9672=IFCINDEXEDPOLYGONALFACE((524,527,528));
#9673=IFCINDEXEDPOLYGONALFACE((523,532,545));
#9674=IFCINDEXEDPOLYGONALFACE((159,63,62));
#9675=IFCINDEXEDPOLYGONALFACE((29,32,23));
#9676=IFCINDEXEDPOLYGONALFACE((62,63,57));
#9677=IFCINDEXEDPOLYGONALFACE((57,49,55));
#9678=IFCINDEXEDPOLYGONALFACE((49,40,47));
#9679=IFCINDEXEDPOLYGONALFACE((40,33,38));
#9680=IFCINDEXEDPOLYGONALFACE((38,33,32));
#9681=IFCINDEXEDPOLYGONALFACE((155,23,22));
#9682=IFCINDEXEDPOLYGONALFACE((549,551,547));
#9683=IFCINDEXEDPOLYGONALFACE((551,553,550));
#9684=IFCINDEXEDPOLYGONALFACE((553,602,552));
#9685=IFCINDEXEDPOLYGONALFACE((552,602,554));
#9686=IFCINDEXEDPOLYGONALFACE((555,554,556));
#9687=IFCINDEXEDPOLYGONALFACE((560,593,558));
#9688=IFCINDEXEDPOLYGONALFACE((563,564,561));
#9689=IFCINDEXEDPOLYGONALFACE((565,566,564));
#9690=IFCINDEXEDPOLYGONALFACE((567,568,566));
#9691=IFCINDEXEDPOLYGONALFACE((567,560,559));
#9692=IFCINDEXEDPOLYGONALFACE((571,573,569));
#9693=IFCINDEXEDPOLYGONALFACE((573,575,572));
#9694=IFCINDEXEDPOLYGONALFACE((575,576,574));
#9695=IFCINDEXEDPOLYGONALFACE((576,555,557));
#9696=IFCINDEXEDPOLYGONALFACE((577,578,573));
#9697=IFCINDEXEDPOLYGONALFACE((578,579,575));
#9698=IFCINDEXEDPOLYGONALFACE((579,580,576));
#9699=IFCINDEXEDPOLYGONALFACE((552,555,576));
#9700=IFCINDEXEDPOLYGONALFACE((582,578,577));
#9701=IFCINDEXEDPOLYGONALFACE((582,583,579));
#9702=IFCINDEXEDPOLYGONALFACE((583,584,580));
#9703=IFCINDEXEDPOLYGONALFACE((584,550,552));
#9704=IFCINDEXEDPOLYGONALFACE((586,582,581));
#9705=IFCINDEXEDPOLYGONALFACE((586,587,583));
#9706=IFCINDEXEDPOLYGONALFACE((587,588,584));
#9707=IFCINDEXEDPOLYGONALFACE((547,550,584));
#9708=IFCINDEXEDPOLYGONALFACE((589,590,586));
#9709=IFCINDEXEDPOLYGONALFACE((590,591,587));
#9710=IFCINDEXEDPOLYGONALFACE((592,588,587));
#9711=IFCINDEXEDPOLYGONALFACE((548,547,588));
#9712=IFCINDEXEDPOLYGONALFACE((562,561,153));
#9713=IFCINDEXEDPOLYGONALFACE((571,570,76));
#9714=IFCINDEXEDPOLYGONALFACE((577,571,81));
#9715=IFCINDEXEDPOLYGONALFACE((589,585,77));
#9716=IFCINDEXEDPOLYGONALFACE((577,80,78));
#9717=IFCINDEXEDPOLYGONALFACE((581,78,77));
#9718=IFCINDEXEDPOLYGONALFACE((595,558,593));
#9719=IFCINDEXEDPOLYGONALFACE((598,1405,597));
#9720=IFCINDEXEDPOLYGONALFACE((597,1405,599));
#9721=IFCINDEXEDPOLYGONALFACE((599,595,594));
#9722=IFCINDEXEDPOLYGONALFACE((602,553,596));
#9723=IFCINDEXEDPOLYGONALFACE((602,601,603));
#9724=IFCINDEXEDPOLYGONALFACE((600,594,603));
#9725=IFCINDEXEDPOLYGONALFACE((597,600,601));
#9726=IFCINDEXEDPOLYGONALFACE((549,597,596));
#9727=IFCINDEXEDPOLYGONALFACE((603,594,593));
#9728=IFCINDEXEDPOLYGONALFACE((605,589,82));
#9729=IFCINDEXEDPOLYGONALFACE((562,79,76));
#9730=IFCINDEXEDPOLYGONALFACE((607,548,592));
#9731=IFCINDEXEDPOLYGONALFACE((608,606,592));
#9732=IFCINDEXEDPOLYGONALFACE((609,608,591));
#9733=IFCINDEXEDPOLYGONALFACE((605,609,590));
#9734=IFCINDEXEDPOLYGONALFACE((557,560,567));
#9735=IFCINDEXEDPOLYGONALFACE((572,574,567));
#9736=IFCINDEXEDPOLYGONALFACE((569,572,565));
#9737=IFCINDEXEDPOLYGONALFACE((570,569,563));
#9738=IFCINDEXEDPOLYGONALFACE((557,556,593));
#9739=IFCINDEXEDPOLYGONALFACE((598,549,548));
#9740=IFCINDEXEDPOLYGONALFACE((611,287,273));
#9741=IFCINDEXEDPOLYGONALFACE((613,280,279));
#9742=IFCINDEXEDPOLYGONALFACE((616,645,614));
#9743=IFCINDEXEDPOLYGONALFACE((619,819,617));
#9744=IFCINDEXEDPOLYGONALFACE((622,1652,620));
#9745=IFCINDEXEDPOLYGONALFACE((625,818,623));
#9746=IFCINDEXEDPOLYGONALFACE((627,269,277));
#9747=IFCINDEXEDPOLYGONALFACE((629,835,281));
#9748=IFCINDEXEDPOLYGONALFACE((612,279,269));
#9749=IFCINDEXEDPOLYGONALFACE((631,625,624));
#9750=IFCINDEXEDPOLYGONALFACE((628,281,287));
#9751=IFCINDEXEDPOLYGONALFACE((634,635,632));
#9752=IFCINDEXEDPOLYGONALFACE((636,637,632));
#9753=IFCINDEXEDPOLYGONALFACE((638,639,637));
#9754=IFCINDEXEDPOLYGONALFACE((638,630,624));
#9755=IFCINDEXEDPOLYGONALFACE((633,632,640));
#9756=IFCINDEXEDPOLYGONALFACE((637,642,640));
#9757=IFCINDEXEDPOLYGONALFACE((639,643,642));
#9758=IFCINDEXEDPOLYGONALFACE((624,623,643));
#9759=IFCINDEXEDPOLYGONALFACE((645,647,644));
#9760=IFCINDEXEDPOLYGONALFACE((647,649,646));
#9761=IFCINDEXEDPOLYGONALFACE((649,650,648));
#9762=IFCINDEXEDPOLYGONALFACE((650,622,621));
#9763=IFCINDEXEDPOLYGONALFACE((653,655,651));
#9764=IFCINDEXEDPOLYGONALFACE((655,656,654));
#9765=IFCINDEXEDPOLYGONALFACE((657,658,654));
#9766=IFCINDEXEDPOLYGONALFACE((619,618,658));
#9767=IFCINDEXEDPOLYGONALFACE((610,273,272));
#9768=IFCINDEXEDPOLYGONALFACE((661,272,280));
#9769=IFCINDEXEDPOLYGONALFACE((664,759,662));
#9770=IFCINDEXEDPOLYGONALFACE((667,731,665));
#9771=IFCINDEXEDPOLYGONALFACE((670,728,668));
#9772=IFCINDEXEDPOLYGONALFACE((672,670,669));
#9773=IFCINDEXEDPOLYGONALFACE((665,731,673));
#9774=IFCINDEXEDPOLYGONALFACE((677,762,675));
#9775=IFCINDEXEDPOLYGONALFACE((680,687,678));
#9776=IFCINDEXEDPOLYGONALFACE((683,734,681));
#9777=IFCINDEXEDPOLYGONALFACE((685,683,682));
#9778=IFCINDEXEDPOLYGONALFACE((687,816,686));
#9779=IFCINDEXEDPOLYGONALFACE((690,764,688));
#9780=IFCINDEXEDPOLYGONALFACE((693,738,691));
#9781=IFCINDEXEDPOLYGONALFACE((696,815,694));
#9782=IFCINDEXEDPOLYGONALFACE((697,742,696));
#9783=IFCINDEXEDPOLYGONALFACE((691,738,698));
#9784=IFCINDEXEDPOLYGONALFACE((702,765,700));
#9785=IFCINDEXEDPOLYGONALFACE((705,712,703));
#9786=IFCINDEXEDPOLYGONALFACE((708,748,706));
#9787=IFCINDEXEDPOLYGONALFACE((710,748,708));
#9788=IFCINDEXEDPOLYGONALFACE((712,751,711));
#9789=IFCINDEXEDPOLYGONALFACE((715,769,713));
#9790=IFCINDEXEDPOLYGONALFACE((718,752,716));
#9791=IFCINDEXEDPOLYGONALFACE((721,754,719));
#9792=IFCINDEXEDPOLYGONALFACE((723,721,720));
#9793=IFCINDEXEDPOLYGONALFACE((717,716,724));
#9794=IFCINDEXEDPOLYGONALFACE((727,731,667));
#9795=IFCINDEXEDPOLYGONALFACE((729,814,728));
#9796=IFCINDEXEDPOLYGONALFACE((729,670,672));
#9797=IFCINDEXEDPOLYGONALFACE((727,813,673));
#9798=IFCINDEXEDPOLYGONALFACE((733,687,680));
#9799=IFCINDEXEDPOLYGONALFACE((735,812,734));
#9800=IFCINDEXEDPOLYGONALFACE((735,683,685));
#9801=IFCINDEXEDPOLYGONALFACE((737,816,687));
#9802=IFCINDEXEDPOLYGONALFACE((739,744,738));
#9803=IFCINDEXEDPOLYGONALFACE((741,815,696));
#9804=IFCINDEXEDPOLYGONALFACE((743,740,696));
#9805=IFCINDEXEDPOLYGONALFACE((745,698,738));
#9806=IFCINDEXEDPOLYGONALFACE((747,712,705));
#9807=IFCINDEXEDPOLYGONALFACE((749,809,706));
#9808=IFCINDEXEDPOLYGONALFACE((749,748,710));
#9809=IFCINDEXEDPOLYGONALFACE((747,766,751));
#9810=IFCINDEXEDPOLYGONALFACE((753,757,716));
#9811=IFCINDEXEDPOLYGONALFACE((755,807,754));
#9812=IFCINDEXEDPOLYGONALFACE((756,755,721));
#9813=IFCINDEXEDPOLYGONALFACE((757,770,724));
#9814=IFCINDEXEDPOLYGONALFACE((758,727,726));
#9815=IFCINDEXEDPOLYGONALFACE((759,814,729));
#9816=IFCINDEXEDPOLYGONALFACE((662,729,730));
#9817=IFCINDEXEDPOLYGONALFACE((760,813,727));
#9818=IFCINDEXEDPOLYGONALFACE((761,733,732));
#9819=IFCINDEXEDPOLYGONALFACE((677,812,735));
#9820=IFCINDEXEDPOLYGONALFACE((675,762,735));
#9821=IFCINDEXEDPOLYGONALFACE((761,811,737));
#9822=IFCINDEXEDPOLYGONALFACE((763,744,739));
#9823=IFCINDEXEDPOLYGONALFACE((764,690,741));
#9824=IFCINDEXEDPOLYGONALFACE((688,764,740));
#9825=IFCINDEXEDPOLYGONALFACE((763,810,745));
#9826=IFCINDEXEDPOLYGONALFACE((702,767,747));
#9827=IFCINDEXEDPOLYGONALFACE((765,809,749));
#9828=IFCINDEXEDPOLYGONALFACE((701,700,749));
#9829=IFCINDEXEDPOLYGONALFACE((767,808,766));
#9830=IFCINDEXEDPOLYGONALFACE((768,757,753));
#9831=IFCINDEXEDPOLYGONALFACE((769,807,755));
#9832=IFCINDEXEDPOLYGONALFACE((713,755,756));
#9833=IFCINDEXEDPOLYGONALFACE((768,806,770));
#9834=IFCINDEXEDPOLYGONALFACE((654,772,771));
#9835=IFCINDEXEDPOLYGONALFACE((717,725,771));
#9836=IFCINDEXEDPOLYGONALFACE((774,775,773));
#9837=IFCINDEXEDPOLYGONALFACE((775,722,720));
#9838=IFCINDEXEDPOLYGONALFACE((773,776,648));
#9839=IFCINDEXEDPOLYGONALFACE((773,720,719));
#9840=IFCINDEXEDPOLYGONALFACE((777,778,772));
#9841=IFCINDEXEDPOLYGONALFACE((778,718,717));
#9842=IFCINDEXEDPOLYGONALFACE((779,780,652));
#9843=IFCINDEXEDPOLYGONALFACE((779,665,674));
#9844=IFCINDEXEDPOLYGONALFACE((782,783,781));
#9845=IFCINDEXEDPOLYGONALFACE((671,669,781));
#9846=IFCINDEXEDPOLYGONALFACE((781,784,621));
#9847=IFCINDEXEDPOLYGONALFACE((781,669,668));
#9848=IFCINDEXEDPOLYGONALFACE((785,779,651));
#9849=IFCINDEXEDPOLYGONALFACE((785,666,665));
#9850=IFCINDEXEDPOLYGONALFACE((658,787,786));
#9851=IFCINDEXEDPOLYGONALFACE((703,711,786));
#9852=IFCINDEXEDPOLYGONALFACE((788,789,648));
#9853=IFCINDEXEDPOLYGONALFACE((788,709,708));
#9854=IFCINDEXEDPOLYGONALFACE((789,790,646));
#9855=IFCINDEXEDPOLYGONALFACE((708,707,790));
#9856=IFCINDEXEDPOLYGONALFACE((791,792,787));
#9857=IFCINDEXEDPOLYGONALFACE((792,704,703));
#9858=IFCINDEXEDPOLYGONALFACE((618,794,793));
#9859=IFCINDEXEDPOLYGONALFACE((691,699,793));
#9860=IFCINDEXEDPOLYGONALFACE((795,796,646));
#9861=IFCINDEXEDPOLYGONALFACE((795,697,695));
#9862=IFCINDEXEDPOLYGONALFACE((796,797,644));
#9863=IFCINDEXEDPOLYGONALFACE((695,694,797));
#9864=IFCINDEXEDPOLYGONALFACE((798,799,794));
#9865=IFCINDEXEDPOLYGONALFACE((799,692,691));
#9866=IFCINDEXEDPOLYGONALFACE((617,801,800));
#9867=IFCINDEXEDPOLYGONALFACE((801,678,686));
#9868=IFCINDEXEDPOLYGONALFACE((798,803,802));
#9869=IFCINDEXEDPOLYGONALFACE((803,684,682));
#9870=IFCINDEXEDPOLYGONALFACE((802,804,614));
#9871=IFCINDEXEDPOLYGONALFACE((682,681,804));
#9872=IFCINDEXEDPOLYGONALFACE((615,805,801));
#9873=IFCINDEXEDPOLYGONALFACE((805,679,678));
#9874=IFCINDEXEDPOLYGONALFACE((681,679,805));
#9875=IFCINDEXEDPOLYGONALFACE((804,805,615));
#9876=IFCINDEXEDPOLYGONALFACE((686,684,803));
#9877=IFCINDEXEDPOLYGONALFACE((618,800,803));
#9878=IFCINDEXEDPOLYGONALFACE((694,692,799));
#9879=IFCINDEXEDPOLYGONALFACE((644,797,799));
#9880=IFCINDEXEDPOLYGONALFACE((699,697,795));
#9881=IFCINDEXEDPOLYGONALFACE((793,795,791));
#9882=IFCINDEXEDPOLYGONALFACE((707,704,792));
#9883=IFCINDEXEDPOLYGONALFACE((646,790,792));
#9884=IFCINDEXEDPOLYGONALFACE((711,709,788));
#9885=IFCINDEXEDPOLYGONALFACE((786,788,777));
#9886=IFCINDEXEDPOLYGONALFACE((668,666,785));
#9887=IFCINDEXEDPOLYGONALFACE((621,784,785));
#9888=IFCINDEXEDPOLYGONALFACE((674,671,783));
#9889=IFCINDEXEDPOLYGONALFACE((780,783,782));
#9890=IFCINDEXEDPOLYGONALFACE((719,718,778));
#9891=IFCINDEXEDPOLYGONALFACE((776,778,777));
#9892=IFCINDEXEDPOLYGONALFACE((725,722,775));
#9893=IFCINDEXEDPOLYGONALFACE((651,771,775));
#9894=IFCINDEXEDPOLYGONALFACE((714,756,770));
#9895=IFCINDEXEDPOLYGONALFACE((769,715,753));
#9896=IFCINDEXEDPOLYGONALFACE((701,750,766));
#9897=IFCINDEXEDPOLYGONALFACE((702,746,809));
#9898=IFCINDEXEDPOLYGONALFACE((688,743,745));
#9899=IFCINDEXEDPOLYGONALFACE((690,689,739));
#9900=IFCINDEXEDPOLYGONALFACE((811,675,736));
#9901=IFCINDEXEDPOLYGONALFACE((677,676,732));
#9902=IFCINDEXEDPOLYGONALFACE((760,663,730));
#9903=IFCINDEXEDPOLYGONALFACE((759,664,726));
#9904=IFCINDEXEDPOLYGONALFACE((756,723,724));
#9905=IFCINDEXEDPOLYGONALFACE((753,752,754));
#9906=IFCINDEXEDPOLYGONALFACE((766,750,710));
#9907=IFCINDEXEDPOLYGONALFACE((809,746,705));
#9908=IFCINDEXEDPOLYGONALFACE((745,743,742));
#9909=IFCINDEXEDPOLYGONALFACE((739,693,815));
#9910=IFCINDEXEDPOLYGONALFACE((737,736,685));
#9911=IFCINDEXEDPOLYGONALFACE((812,732,680));
#9912=IFCINDEXEDPOLYGONALFACE((813,730,672));
#9913=IFCINDEXEDPOLYGONALFACE((726,667,728));
#9914=IFCINDEXEDPOLYGONALFACE((724,723,722));
#9915=IFCINDEXEDPOLYGONALFACE((719,754,752));
#9916=IFCINDEXEDPOLYGONALFACE((768,715,714));
#9917=IFCINDEXEDPOLYGONALFACE((711,751,710));
#9918=IFCINDEXEDPOLYGONALFACE((707,706,705));
#9919=IFCINDEXEDPOLYGONALFACE((702,701,808));
#9920=IFCINDEXEDPOLYGONALFACE((698,742,697));
#9921=IFCINDEXEDPOLYGONALFACE((815,693,692));
#9922=IFCINDEXEDPOLYGONALFACE((763,689,688));
#9923=IFCINDEXEDPOLYGONALFACE((686,816,685));
#9924=IFCINDEXEDPOLYGONALFACE((681,734,680));
#9925=IFCINDEXEDPOLYGONALFACE((761,676,675));
#9926=IFCINDEXEDPOLYGONALFACE((674,673,672));
#9927=IFCINDEXEDPOLYGONALFACE((668,728,667));
#9928=IFCINDEXEDPOLYGONALFACE((664,663,760));
#9929=IFCINDEXEDPOLYGONALFACE((661,613,630));
#9930=IFCINDEXEDPOLYGONALFACE((660,661,638));
#9931=IFCINDEXEDPOLYGONALFACE((635,659,660));
#9932=IFCINDEXEDPOLYGONALFACE((610,659,635));
#9933=IFCINDEXEDPOLYGONALFACE((628,611,633));
#9934=IFCINDEXEDPOLYGONALFACE((631,612,627));
#9935=IFCINDEXEDPOLYGONALFACE((629,628,641));
#9936=IFCINDEXEDPOLYGONALFACE((625,627,626));
#9937=IFCINDEXEDPOLYGONALFACE((819,616,615));
#9938=IFCINDEXEDPOLYGONALFACE((630,613,612));
#9939=IFCINDEXEDPOLYGONALFACE((611,610,634));
#9940=IFCINDEXEDPOLYGONALFACE((626,822,820));
#9941=IFCINDEXEDPOLYGONALFACE((823,845,821));
#9942=IFCINDEXEDPOLYGONALFACE((623,833,824));
#9943=IFCINDEXEDPOLYGONALFACE((643,824,825));
#9944=IFCINDEXEDPOLYGONALFACE((642,825,826));
#9945=IFCINDEXEDPOLYGONALFACE((641,640,826));
#9946=IFCINDEXEDPOLYGONALFACE((285,284,829));
#9947=IFCINDEXEDPOLYGONALFACE((277,285,830));
#9948=IFCINDEXEDPOLYGONALFACE((832,629,817));
#9949=IFCINDEXEDPOLYGONALFACE((281,835,827));
#9950=IFCINDEXEDPOLYGONALFACE((623,818,820));
#9951=IFCINDEXEDPOLYGONALFACE((277,823,822));
#9952=IFCINDEXEDPOLYGONALFACE((293,282,288));
#9953=IFCINDEXEDPOLYGONALFACE((317,274,283));
#9954=IFCINDEXEDPOLYGONALFACE((318,270,286));
#9955=IFCINDEXEDPOLYGONALFACE((294,288,278));
#9956=IFCINDEXEDPOLYGONALFACE((293,298,283));
#9957=IFCINDEXEDPOLYGONALFACE((303,286,276));
#9958=IFCINDEXEDPOLYGONALFACE((313,307,278));
#9959=IFCINDEXEDPOLYGONALFACE((316,310,276));
#9960=IFCINDEXEDPOLYGONALFACE((317,316,275));
#9961=IFCINDEXEDPOLYGONALFACE((318,313,271));
#9962=IFCINDEXEDPOLYGONALFACE((620,1652,834));
#9963=IFCINDEXEDPOLYGONALFACE((652,782,834));
#9964=IFCINDEXEDPOLYGONALFACE((832,846,835));
#9965=IFCINDEXEDPOLYGONALFACE((821,616,819));
#9966=IFCINDEXEDPOLYGONALFACE((838,619,657));
#9967=IFCINDEXEDPOLYGONALFACE((837,657,656));
#9968=IFCINDEXEDPOLYGONALFACE((839,656,655));
#9969=IFCINDEXEDPOLYGONALFACE((840,655,653));
#9970=IFCINDEXEDPOLYGONALFACE((842,622,650));
#9971=IFCINDEXEDPOLYGONALFACE((843,841,650));
#9972=IFCINDEXEDPOLYGONALFACE((843,649,647));
#9973=IFCINDEXEDPOLYGONALFACE((845,844,647));
#9974=IFCINDEXEDPOLYGONALFACE((846,1652,622));
#9975=IFCINDEXEDPOLYGONALFACE((836,819,619));
#9976=IFCINDEXEDPOLYGONALFACE((834,832,831));
#9977=IFCINDEXEDPOLYGONALFACE((834,1652,846));
#9978=IFCINDEXEDPOLYGONALFACE((822,821,836));
#9979=IFCINDEXEDPOLYGONALFACE((833,838,837));
#9980=IFCINDEXEDPOLYGONALFACE((824,837,839));
#9981=IFCINDEXEDPOLYGONALFACE((826,825,839));
#9982=IFCINDEXEDPOLYGONALFACE((817,826,840));
#9983=IFCINDEXEDPOLYGONALFACE((827,842,841));
#9984=IFCINDEXEDPOLYGONALFACE((829,828,841));
#9985=IFCINDEXEDPOLYGONALFACE((829,843,844));
#9986=IFCINDEXEDPOLYGONALFACE((823,830,844));
#9987=IFCINDEXEDPOLYGONALFACE((835,846,842));
#9988=IFCINDEXEDPOLYGONALFACE((820,836,838));
#9989=IFCINDEXEDPOLYGONALFACE((845,645,616));
#9990=IFCINDEXEDPOLYGONALFACE((849,850,847));
#9991=IFCINDEXEDPOLYGONALFACE((851,930,847));
#9992=IFCINDEXEDPOLYGONALFACE((854,885,852));
#9993=IFCINDEXEDPOLYGONALFACE((855,923,854));
#9994=IFCINDEXEDPOLYGONALFACE((858,935,856));
#9995=IFCINDEXEDPOLYGONALFACE((860,14,13));
#9996=IFCINDEXEDPOLYGONALFACE((862,17,16));
#9997=IFCINDEXEDPOLYGONALFACE((864,20,19));
#9998=IFCINDEXEDPOLYGONALFACE((22,25,865));
#9999=IFCINDEXEDPOLYGONALFACE((865,25,14));
#10000=IFCINDEXEDPOLYGONALFACE((869,988,867));
#10001=IFCINDEXEDPOLYGONALFACE((872,987,870));
#10002=IFCINDEXEDPOLYGONALFACE((875,876,873));
#10003=IFCINDEXEDPOLYGONALFACE((876,858,857));
#10004=IFCINDEXEDPOLYGONALFACE((878,869,868));
#10005=IFCINDEXEDPOLYGONALFACE((880,872,871));
#10006=IFCINDEXEDPOLYGONALFACE((882,874,873));
#10007=IFCINDEXEDPOLYGONALFACE((885,926,883));
#10008=IFCINDEXEDPOLYGONALFACE((887,878,877));
#10009=IFCINDEXEDPOLYGONALFACE((889,880,879));
#10010=IFCINDEXEDPOLYGONALFACE((891,882,881));
#10011=IFCINDEXEDPOLYGONALFACE((890,937,892));
#10012=IFCINDEXEDPOLYGONALFACE((895,887,886));
#10013=IFCINDEXEDPOLYGONALFACE((897,889,888));
#10014=IFCINDEXEDPOLYGONALFACE((899,891,890));
#10015=IFCINDEXEDPOLYGONALFACE((898,890,851));
#10016=IFCINDEXEDPOLYGONALFACE((901,895,894));
#10017=IFCINDEXEDPOLYGONALFACE((897,896,902));
#10018=IFCINDEXEDPOLYGONALFACE((899,898,904));
#10019=IFCINDEXEDPOLYGONALFACE((904,898,850));
#10020=IFCINDEXEDPOLYGONALFACE((908,918,906));
#10021=IFCINDEXEDPOLYGONALFACE((906,914,852));
#10022=IFCINDEXEDPOLYGONALFACE((852,914,909));
#10023=IFCINDEXEDPOLYGONALFACE((911,83,72));
#10024=IFCINDEXEDPOLYGONALFACE((909,913,855));
#10025=IFCINDEXEDPOLYGONALFACE((913,917,912));
#10026=IFCINDEXEDPOLYGONALFACE((915,1401,914));
#10027=IFCINDEXEDPOLYGONALFACE((913,920,916));
#10028=IFCINDEXEDPOLYGONALFACE((919,915,906));
#10029=IFCINDEXEDPOLYGONALFACE((909,921,920));
#10030=IFCINDEXEDPOLYGONALFACE((914,1401,921));
#10031=IFCINDEXEDPOLYGONALFACE((922,604,83));
#10032=IFCINDEXEDPOLYGONALFACE((925,854,923));
#10033=IFCINDEXEDPOLYGONALFACE((926,885,854));
#10034=IFCINDEXEDPOLYGONALFACE((927,932,926));
#10035=IFCINDEXEDPOLYGONALFACE((928,927,925));
#10036=IFCINDEXEDPOLYGONALFACE((851,934,929));
#10037=IFCINDEXEDPOLYGONALFACE((857,883,931));
#10038=IFCINDEXEDPOLYGONALFACE((933,949,931));
#10039=IFCINDEXEDPOLYGONALFACE((890,893,934));
#10040=IFCINDEXEDPOLYGONALFACE((934,924,923));
#10041=IFCINDEXEDPOLYGONALFACE((883,926,932));
#10042=IFCINDEXEDPOLYGONALFACE((907,852,856));
#10043=IFCINDEXEDPOLYGONALFACE((857,856,884));
#10044=IFCINDEXEDPOLYGONALFACE((908,907,935));
#10045=IFCINDEXEDPOLYGONALFACE((848,910,72));
#10046=IFCINDEXEDPOLYGONALFACE((930,855,912));
#10047=IFCINDEXEDPOLYGONALFACE((893,928,924));
#10048=IFCINDEXEDPOLYGONALFACE((929,923,855));
#10049=IFCINDEXEDPOLYGONALFACE((852,885,884));
#10050=IFCINDEXEDPOLYGONALFACE((938,977,936));
#10051=IFCINDEXEDPOLYGONALFACE((940,950,933));
#10052=IFCINDEXEDPOLYGONALFACE((931,949,941));
#10053=IFCINDEXEDPOLYGONALFACE((942,939,927));
#10054=IFCINDEXEDPOLYGONALFACE((881,938,937));
#10055=IFCINDEXEDPOLYGONALFACE((939,933,932));
#10056=IFCINDEXEDPOLYGONALFACE((893,892,942));
#10057=IFCINDEXEDPOLYGONALFACE((873,941,938));
#10058=IFCINDEXEDPOLYGONALFACE((945,1141,943));
#10059=IFCINDEXEDPOLYGONALFACE((947,945,944));
#10060=IFCINDEXEDPOLYGONALFACE((948,977,938));
#10061=IFCINDEXEDPOLYGONALFACE((950,962,949));
#10062=IFCINDEXEDPOLYGONALFACE((951,940,939));
#10063=IFCINDEXEDPOLYGONALFACE((949,962,948));
#10064=IFCINDEXEDPOLYGONALFACE((937,936,952));
#10065=IFCINDEXEDPOLYGONALFACE((892,952,951));
#10066=IFCINDEXEDPOLYGONALFACE((955,1139,953));
#10067=IFCINDEXEDPOLYGONALFACE((957,947,946));
#10068=IFCINDEXEDPOLYGONALFACE((958,1176,957));
#10069=IFCINDEXEDPOLYGONALFACE((953,1139,959));
#10070=IFCINDEXEDPOLYGONALFACE((943,1141,955));
#10071=IFCINDEXEDPOLYGONALFACE((959,1176,958));
#10072=IFCINDEXEDPOLYGONALFACE((962,964,961));
#10073=IFCINDEXEDPOLYGONALFACE((964,966,963));
#10074=IFCINDEXEDPOLYGONALFACE((966,967,965));
#10075=IFCINDEXEDPOLYGONALFACE((960,958,965));
#10076=IFCINDEXEDPOLYGONALFACE((951,969,968));
#10077=IFCINDEXEDPOLYGONALFACE((970,971,968));
#10078=IFCINDEXEDPOLYGONALFACE((972,973,971));
#10079=IFCINDEXEDPOLYGONALFACE((972,943,954));
#10080=IFCINDEXEDPOLYGONALFACE((950,974,964));
#10081=IFCINDEXEDPOLYGONALFACE((975,966,964));
#10082=IFCINDEXEDPOLYGONALFACE((975,976,967));
#10083=IFCINDEXEDPOLYGONALFACE((976,953,960));
#10084=IFCINDEXEDPOLYGONALFACE((961,979,977));
#10085=IFCINDEXEDPOLYGONALFACE((961,963,978));
#10086=IFCINDEXEDPOLYGONALFACE((963,965,980));
#10087=IFCINDEXEDPOLYGONALFACE((958,956,980));
#10088=IFCINDEXEDPOLYGONALFACE((979,982,936));
#10089=IFCINDEXEDPOLYGONALFACE((979,978,981));
#10090=IFCINDEXEDPOLYGONALFACE((978,980,983));
#10091=IFCINDEXEDPOLYGONALFACE((956,946,983));
#10092=IFCINDEXEDPOLYGONALFACE((940,968,974));
#10093=IFCINDEXEDPOLYGONALFACE((971,975,974));
#10094=IFCINDEXEDPOLYGONALFACE((973,976,975));
#10095=IFCINDEXEDPOLYGONALFACE((973,954,953));
#10096=IFCINDEXEDPOLYGONALFACE((982,985,952));
#10097=IFCINDEXEDPOLYGONALFACE((982,981,984));
#10098=IFCINDEXEDPOLYGONALFACE((981,983,986));
#10099=IFCINDEXEDPOLYGONALFACE((946,944,986));
#10100=IFCINDEXEDPOLYGONALFACE((952,985,969));
#10101=IFCINDEXEDPOLYGONALFACE((984,970,969));
#10102=IFCINDEXEDPOLYGONALFACE((986,972,970));
#10103=IFCINDEXEDPOLYGONALFACE((986,944,943));
#10104=IFCINDEXEDPOLYGONALFACE((152,908,859));
#10105=IFCINDEXEDPOLYGONALFACE((154,153,919));
#10106=IFCINDEXEDPOLYGONALFACE((152,154,918));
#10107=IFCINDEXEDPOLYGONALFACE((876,865,860));
#10108=IFCINDEXEDPOLYGONALFACE((875,866,865));
#10109=IFCINDEXEDPOLYGONALFACE((987,864,863));
#10110=IFCINDEXEDPOLYGONALFACE((862,861,867));
#10111=IFCINDEXEDPOLYGONALFACE((860,859,935));
#10112=IFCINDEXEDPOLYGONALFACE((912,910,848));
#10113=IFCINDEXEDPOLYGONALFACE((916,922,911));
#10114=IFCINDEXEDPOLYGONALFACE((912,917,911));
#10115=IFCINDEXEDPOLYGONALFACE((904,849,158));
#10116=IFCINDEXEDPOLYGONALFACE((159,905,904));
#10117=IFCINDEXEDPOLYGONALFACE((903,902,161));
#10118=IFCINDEXEDPOLYGONALFACE((901,900,163));
#10119=IFCINDEXEDPOLYGONALFACE((849,848,164));
#10120=IFCINDEXEDPOLYGONALFACE((990,209,167));
#10121=IFCINDEXEDPOLYGONALFACE((991,992,168));
#10122=IFCINDEXEDPOLYGONALFACE((993,172,168));
#10123=IFCINDEXEDPOLYGONALFACE((989,167,172));
#10124=IFCINDEXEDPOLYGONALFACE((996,1036,994));
#10125=IFCINDEXEDPOLYGONALFACE((995,994,997));
#10126=IFCINDEXEDPOLYGONALFACE((1000,1036,996));
#10127=IFCINDEXEDPOLYGONALFACE((1003,1008,1001));
#10128=IFCINDEXEDPOLYGONALFACE((997,1003,1002));
#10129=IFCINDEXEDPOLYGONALFACE((1005,1000,999));
#10130=IFCINDEXEDPOLYGONALFACE((1006,1009,1005));
#10131=IFCINDEXEDPOLYGONALFACE((1008,1040,1007));
#10132=IFCINDEXEDPOLYGONALFACE((1010,1011,1009));
#10133=IFCINDEXEDPOLYGONALFACE((1007,1040,1011));
#10134=IFCINDEXEDPOLYGONALFACE((1007,1010,1012));
#10135=IFCINDEXEDPOLYGONALFACE((1010,1006,1014));
#10136=IFCINDEXEDPOLYGONALFACE((1001,1007,1013));
#10137=IFCINDEXEDPOLYGONALFACE((1006,1004,1016));
#10138=IFCINDEXEDPOLYGONALFACE((1004,999,1017));
#10139=IFCINDEXEDPOLYGONALFACE((998,1002,1018));
#10140=IFCINDEXEDPOLYGONALFACE((1018,1002,1001));
#10141=IFCINDEXEDPOLYGONALFACE((1017,999,996));
#10142=IFCINDEXEDPOLYGONALFACE((995,998,1019));
#10143=IFCINDEXEDPOLYGONALFACE((996,995,1021));
#10144=IFCINDEXEDPOLYGONALFACE((1020,1021,992));
#10145=IFCINDEXEDPOLYGONALFACE((992,1021,1019));
#10146=IFCINDEXEDPOLYGONALFACE((1022,1017,1020));
#10147=IFCINDEXEDPOLYGONALFACE((989,1018,1015));
#10148=IFCINDEXEDPOLYGONALFACE((993,1019,1018));
#10149=IFCINDEXEDPOLYGONALFACE((1016,1017,1022));
#10150=IFCINDEXEDPOLYGONALFACE((1014,1016,1023));
#10151=IFCINDEXEDPOLYGONALFACE((990,1015,1013));
#10152=IFCINDEXEDPOLYGONALFACE((1012,1014,1024));
#10153=IFCINDEXEDPOLYGONALFACE((1013,1012,1026));
#10154=IFCINDEXEDPOLYGONALFACE((209,990,1027));
#10155=IFCINDEXEDPOLYGONALFACE((991,1033,1028));
#10156=IFCINDEXEDPOLYGONALFACE((990,1025,1029));
#10157=IFCINDEXEDPOLYGONALFACE((1025,1026,1030));
#10158=IFCINDEXEDPOLYGONALFACE((1026,1024,1031));
#10159=IFCINDEXEDPOLYGONALFACE((1024,1023,1032));
#10160=IFCINDEXEDPOLYGONALFACE((1023,1022,1028));
#10161=IFCINDEXEDPOLYGONALFACE((215,218,1033));
#10162=IFCINDEXEDPOLYGONALFACE((1027,901,162));
#10163=IFCINDEXEDPOLYGONALFACE((1033,862,988));
#10164=IFCINDEXEDPOLYGONALFACE((1027,1029,895));
#10165=IFCINDEXEDPOLYGONALFACE((1029,1030,887));
#10166=IFCINDEXEDPOLYGONALFACE((1030,1031,878));
#10167=IFCINDEXEDPOLYGONALFACE((1031,1032,869));
#10168=IFCINDEXEDPOLYGONALFACE((1028,988,869));
#10169=IFCINDEXEDPOLYGONALFACE((1033,218,17));
#10170=IFCINDEXEDPOLYGONALFACE((994,1042,1034));
#10171=IFCINDEXEDPOLYGONALFACE((1000,1043,1035));
#10172=IFCINDEXEDPOLYGONALFACE((1037,1047,1009));
#10173=IFCINDEXEDPOLYGONALFACE((1034,1038,1003));
#10174=IFCINDEXEDPOLYGONALFACE((1038,1041,1008));
#10175=IFCINDEXEDPOLYGONALFACE((1009,1047,1039));
#10176=IFCINDEXEDPOLYGONALFACE((1041,1044,1040));
#10177=IFCINDEXEDPOLYGONALFACE((1036,1035,1042));
#10178=IFCINDEXEDPOLYGONALFACE((1005,1039,1043));
#10179=IFCINDEXEDPOLYGONALFACE((1044,1037,1011));
#10180=IFCINDEXEDPOLYGONALFACE((1038,1062,1045));
#10181=IFCINDEXEDPOLYGONALFACE((1047,1053,1046));
#10182=IFCINDEXEDPOLYGONALFACE((1045,1050,1044));
#10183=IFCINDEXEDPOLYGONALFACE((1048,1056,1042));
#10184=IFCINDEXEDPOLYGONALFACE((1039,1046,1049));
#10185=IFCINDEXEDPOLYGONALFACE((1050,1052,1037));
#10186=IFCINDEXEDPOLYGONALFACE((1042,1056,1051));
#10187=IFCINDEXEDPOLYGONALFACE((1043,1049,1048));
#10188=IFCINDEXEDPOLYGONALFACE((1052,1053,1047));
#10189=IFCINDEXEDPOLYGONALFACE((1051,1062,1038));
#10190=IFCINDEXEDPOLYGONALFACE((1054,1058,1046));
#10191=IFCINDEXEDPOLYGONALFACE((1045,1063,1055));
#10192=IFCINDEXEDPOLYGONALFACE((1057,1064,1056));
#10193=IFCINDEXEDPOLYGONALFACE((1058,1061,1049));
#10194=IFCINDEXEDPOLYGONALFACE((1050,1055,1059));
#10195=IFCINDEXEDPOLYGONALFACE((1056,1064,1060));
#10196=IFCINDEXEDPOLYGONALFACE((1061,1057,1048));
#10197=IFCINDEXEDPOLYGONALFACE((1059,1054,1053));
#10198=IFCINDEXEDPOLYGONALFACE((1060,1068,1062));
#10199=IFCINDEXEDPOLYGONALFACE((1062,1068,1063));
#10200=IFCINDEXEDPOLYGONALFACE((1065,1069,1060));
#10201=IFCINDEXEDPOLYGONALFACE((1061,1073,1066));
#10202=IFCINDEXEDPOLYGONALFACE((1059,1074,1067));
#10203=IFCINDEXEDPOLYGONALFACE((1069,1070,1068));
#10204=IFCINDEXEDPOLYGONALFACE((1070,1078,1063));
#10205=IFCINDEXEDPOLYGONALFACE((1054,1067,1071));
#10206=IFCINDEXEDPOLYGONALFACE((1063,1078,1072));
#10207=IFCINDEXEDPOLYGONALFACE((1066,1065,1064));
#10208=IFCINDEXEDPOLYGONALFACE((1058,1071,1073));
#10209=IFCINDEXEDPOLYGONALFACE((1055,1072,1074));
#10210=IFCINDEXEDPOLYGONALFACE((1073,1082,1075));
#10211=IFCINDEXEDPOLYGONALFACE((1074,1083,1076));
#10212=IFCINDEXEDPOLYGONALFACE((1077,1079,1070));
#10213=IFCINDEXEDPOLYGONALFACE((1079,1120,1078));
#10214=IFCINDEXEDPOLYGONALFACE((1067,1076,1080));
#10215=IFCINDEXEDPOLYGONALFACE((1078,1120,1081));
#10216=IFCINDEXEDPOLYGONALFACE((1075,1084,1065));
#10217=IFCINDEXEDPOLYGONALFACE((1071,1080,1082));
#10218=IFCINDEXEDPOLYGONALFACE((1072,1081,1083));
#10219=IFCINDEXEDPOLYGONALFACE((1084,1077,1069));
#10220=IFCINDEXEDPOLYGONALFACE((1087,1093,1085));
#10221=IFCINDEXEDPOLYGONALFACE((1090,1409,1088));
#10222=IFCINDEXEDPOLYGONALFACE((1088,1411,1091));
#10223=IFCINDEXEDPOLYGONALFACE((1093,1633,1092));
#10224=IFCINDEXEDPOLYGONALFACE((1091,1411,1094));
#10225=IFCINDEXEDPOLYGONALFACE((1098,1101,1096));
#10226=IFCINDEXEDPOLYGONALFACE((1092,1633,1099));
#10227=IFCINDEXEDPOLYGONALFACE((1095,1094,1087));
#10228=IFCINDEXEDPOLYGONALFACE((1101,1409,1090));
#10229=IFCINDEXEDPOLYGONALFACE((1100,1099,1098));
#10230=IFCINDEXEDPOLYGONALFACE((1082,1104,1102));
#10231=IFCINDEXEDPOLYGONALFACE((1104,1106,1103));
#10232=IFCINDEXEDPOLYGONALFACE((1106,1118,1105));
#10233=IFCINDEXEDPOLYGONALFACE((1107,1108,1077));
#10234=IFCINDEXEDPOLYGONALFACE((1109,1110,1108));
#10235=IFCINDEXEDPOLYGONALFACE((1111,1637,1110));
#10236=IFCINDEXEDPOLYGONALFACE((1081,1113,1112));
#10237=IFCINDEXEDPOLYGONALFACE((1114,1115,1112));
#10238=IFCINDEXEDPOLYGONALFACE((1116,1130,1115));
#10239=IFCINDEXEDPOLYGONALFACE((1080,1117,1104));
#10240=IFCINDEXEDPOLYGONALFACE((1117,1119,1106));
#10241=IFCINDEXEDPOLYGONALFACE((1119,1125,1118));
#10242=IFCINDEXEDPOLYGONALFACE((1102,1107,1084));
#10243=IFCINDEXEDPOLYGONALFACE((1103,1109,1107));
#10244=IFCINDEXEDPOLYGONALFACE((1105,1111,1109));
#10245=IFCINDEXEDPOLYGONALFACE((1120,1121,1113));
#10246=IFCINDEXEDPOLYGONALFACE((1122,1114,1113));
#10247=IFCINDEXEDPOLYGONALFACE((1123,1116,1114));
#10248=IFCINDEXEDPOLYGONALFACE((1076,1124,1117));
#10249=IFCINDEXEDPOLYGONALFACE((1124,1126,1119));
#10250=IFCINDEXEDPOLYGONALFACE((1126,1638,1125));
#10251=IFCINDEXEDPOLYGONALFACE((1127,1121,1120));
#10252=IFCINDEXEDPOLYGONALFACE((1127,1128,1122));
#10253=IFCINDEXEDPOLYGONALFACE((1129,1123,1122));
#10254=IFCINDEXEDPOLYGONALFACE((1077,1108,1127));
#10255=IFCINDEXEDPOLYGONALFACE((1108,1110,1128));
#10256=IFCINDEXEDPOLYGONALFACE((1110,1637,1129));
#10257=IFCINDEXEDPOLYGONALFACE((1083,1112,1124));
#10258=IFCINDEXEDPOLYGONALFACE((1115,1126,1124));
#10259=IFCINDEXEDPOLYGONALFACE((1130,1638,1126));
#10260=IFCINDEXEDPOLYGONALFACE((900,903,160));
#10261=IFCINDEXEDPOLYGONALFACE((867,861,864));
#10262=IFCINDEXEDPOLYGONALFACE((900,894,897));
#10263=IFCINDEXEDPOLYGONALFACE((894,886,889));
#10264=IFCINDEXEDPOLYGONALFACE((886,877,880));
#10265=IFCINDEXEDPOLYGONALFACE((877,868,872));
#10266=IFCINDEXEDPOLYGONALFACE((868,867,987));
#10267=IFCINDEXEDPOLYGONALFACE((16,20,864));
#10268=IFCINDEXEDPOLYGONALFACE((1133,1260,1131));
#10269=IFCINDEXEDPOLYGONALFACE((959,1139,1134));
#10270=IFCINDEXEDPOLYGONALFACE((1138,1238,1136));
#10271=IFCINDEXEDPOLYGONALFACE((1140,1134,1139));
#10272=IFCINDEXEDPOLYGONALFACE((1143,955,1141));
#10273=IFCINDEXEDPOLYGONALFACE((1147,1149,1145));
#10274=IFCINDEXEDPOLYGONALFACE((1149,1150,1148));
#10275=IFCINDEXEDPOLYGONALFACE((1137,1136,1148));
#10276=IFCINDEXEDPOLYGONALFACE((1151,1174,1153));
#10277=IFCINDEXEDPOLYGONALFACE((1154,1153,1150));
#10278=IFCINDEXEDPOLYGONALFACE((1152,1153,1154));
#10279=IFCINDEXEDPOLYGONALFACE((1147,1157,1154));
#10280=IFCINDEXEDPOLYGONALFACE((957,1155,1156));
#10281=IFCINDEXEDPOLYGONALFACE((1156,1155,1154));
#10282=IFCINDEXEDPOLYGONALFACE((1160,1161,1158));
#10283=IFCINDEXEDPOLYGONALFACE((1162,1172,1161));
#10284=IFCINDEXEDPOLYGONALFACE((1163,1164,1160));
#10285=IFCINDEXEDPOLYGONALFACE((1159,1158,1140));
#10286=IFCINDEXEDPOLYGONALFACE((1162,1160,1164));
#10287=IFCINDEXEDPOLYGONALFACE((1132,1164,1163));
#10288=IFCINDEXEDPOLYGONALFACE((1163,1159,1144));
#10289=IFCINDEXEDPOLYGONALFACE((1131,1165,1164));
#10290=IFCINDEXEDPOLYGONALFACE((1158,1161,1167));
#10291=IFCINDEXEDPOLYGONALFACE((1171,1138,1169));
#10292=IFCINDEXEDPOLYGONALFACE((1166,1163,1143));
#10293=IFCINDEXEDPOLYGONALFACE((1173,1167,1161));
#10294=IFCINDEXEDPOLYGONALFACE((1174,1169,1138));
#10295=IFCINDEXEDPOLYGONALFACE((1175,1180,1138));
#10296=IFCINDEXEDPOLYGONALFACE((1168,1134,1140));
#10297=IFCINDEXEDPOLYGONALFACE((1176,1282,1151));
#10298=IFCINDEXEDPOLYGONALFACE((1151,1282,1169));
#10299=IFCINDEXEDPOLYGONALFACE((1147,1133,1177));
#10300=IFCINDEXEDPOLYGONALFACE((1167,1180,1175));
#10301=IFCINDEXEDPOLYGONALFACE((1180,1167,1173));
#10302=IFCINDEXEDPOLYGONALFACE((1181,1135,1134));
#10303=IFCINDEXEDPOLYGONALFACE((945,1182,1142));
#10304=IFCINDEXEDPOLYGONALFACE((1182,1177,1166));
#10305=IFCINDEXEDPOLYGONALFACE((1169,1181,1183));
#10306=IFCINDEXEDPOLYGONALFACE((1183,1181,1168));
#10307=IFCINDEXEDPOLYGONALFACE((1187,1331,1185));
#10308=IFCINDEXEDPOLYGONALFACE((1190,1196,1188));
#10309=IFCINDEXEDPOLYGONALFACE((1193,1279,1191));
#10310=IFCINDEXEDPOLYGONALFACE((1195,1193,1192));
#10311=IFCINDEXEDPOLYGONALFACE((1197,1278,1188));
#10312=IFCINDEXEDPOLYGONALFACE((1200,1276,1198));
#10313=IFCINDEXEDPOLYGONALFACE((1203,1210,1201));
#10314=IFCINDEXEDPOLYGONALFACE((1206,1275,1204));
#10315=IFCINDEXEDPOLYGONALFACE((1208,1205,1204));
#10316=IFCINDEXEDPOLYGONALFACE((1203,1274,1209));
#10317=IFCINDEXEDPOLYGONALFACE((1213,1333,1211));
#10318=IFCINDEXEDPOLYGONALFACE((1216,1223,1214));
#10319=IFCINDEXEDPOLYGONALFACE((1219,1271,1217));
#10320=IFCINDEXEDPOLYGONALFACE((1221,1218,1217));
#10321=IFCINDEXEDPOLYGONALFACE((1216,1270,1222));
#10322=IFCINDEXEDPOLYGONALFACE((1226,1334,1224));
#10323=IFCINDEXEDPOLYGONALFACE((1229,1235,1227));
#10324=IFCINDEXEDPOLYGONALFACE((1232,1267,1230));
#10325=IFCINDEXEDPOLYGONALFACE((1234,1231,1230));
#10326=IFCINDEXEDPOLYGONALFACE((1236,1266,1227));
#10327=IFCINDEXEDPOLYGONALFACE((1238,1265,1237));
#10328=IFCINDEXEDPOLYGONALFACE((1179,1173,1239));
#10329=IFCINDEXEDPOLYGONALFACE((1173,1172,1241));
#10330=IFCINDEXEDPOLYGONALFACE((1243,1136,1237));
#10331=IFCINDEXEDPOLYGONALFACE((1136,1264,1244));
#10332=IFCINDEXEDPOLYGONALFACE((1243,1172,1245));
#10333=IFCINDEXEDPOLYGONALFACE((1172,1162,1247));
#10334=IFCINDEXEDPOLYGONALFACE((1148,1244,1248));
#10335=IFCINDEXEDPOLYGONALFACE((1145,1148,1250));
#10336=IFCINDEXEDPOLYGONALFACE((1162,1253,1252));
#10337=IFCINDEXEDPOLYGONALFACE((1165,1263,1253));
#10338=IFCINDEXEDPOLYGONALFACE((1145,1251,1254));
#10339=IFCINDEXEDPOLYGONALFACE((1145,1262,1256));
#10340=IFCINDEXEDPOLYGONALFACE((1165,1258,1257));
#10341=IFCINDEXEDPOLYGONALFACE((1131,1261,1258));
#10342=IFCINDEXEDPOLYGONALFACE((1146,1256,1259));
#10343=IFCINDEXEDPOLYGONALFACE((1260,1259,1261));
#10344=IFCINDEXEDPOLYGONALFACE((1145,1255,1257));
#10345=IFCINDEXEDPOLYGONALFACE((1255,1254,1263));
#10346=IFCINDEXEDPOLYGONALFACE((1148,1249,1252));
#10347=IFCINDEXEDPOLYGONALFACE((1249,1248,1247));
#10348=IFCINDEXEDPOLYGONALFACE((1136,1243,1246));
#10349=IFCINDEXEDPOLYGONALFACE((1172,1243,1242));
#10350=IFCINDEXEDPOLYGONALFACE((1238,1179,1240));
#10351=IFCINDEXEDPOLYGONALFACE((1234,1233,1266));
#10352=IFCINDEXEDPOLYGONALFACE((1229,1228,1267));
#10353=IFCINDEXEDPOLYGONALFACE((1269,1334,1226));
#10354=IFCINDEXEDPOLYGONALFACE((1221,1220,1222));
#10355=IFCINDEXEDPOLYGONALFACE((1215,1214,1271));
#10356=IFCINDEXEDPOLYGONALFACE((1273,1333,1213));
#10357=IFCINDEXEDPOLYGONALFACE((1208,1207,1209));
#10358=IFCINDEXEDPOLYGONALFACE((1202,1201,1275));
#10359=IFCINDEXEDPOLYGONALFACE((1277,1332,1276));
#10360=IFCINDEXEDPOLYGONALFACE((1195,1194,1278));
#10361=IFCINDEXEDPOLYGONALFACE((1279,1190,1189));
#10362=IFCINDEXEDPOLYGONALFACE((1281,1331,1187));
#10363=IFCINDEXEDPOLYGONALFACE((1177,1133,1132));
#10364=IFCINDEXEDPOLYGONALFACE((1168,1167,1178));
#10365=IFCINDEXEDPOLYGONALFACE((1157,1177,1182));
#10366=IFCINDEXEDPOLYGONALFACE((1156,1182,945));
#10367=IFCINDEXEDPOLYGONALFACE((1169,1282,1135));
#10368=IFCINDEXEDPOLYGONALFACE((1150,1153,1174));
#10369=IFCINDEXEDPOLYGONALFACE((1238,1138,1180));
#10370=IFCINDEXEDPOLYGONALFACE((1282,1176,959));
#10371=IFCINDEXEDPOLYGONALFACE((1146,1260,1133));
#10372=IFCINDEXEDPOLYGONALFACE((1241,1242,1283));
#10373=IFCINDEXEDPOLYGONALFACE((1284,1283,1285));
#10374=IFCINDEXEDPOLYGONALFACE((1286,1285,1190));
#10375=IFCINDEXEDPOLYGONALFACE((1240,1292,1287));
#10376=IFCINDEXEDPOLYGONALFACE((1287,1292,1288));
#10377=IFCINDEXEDPOLYGONALFACE((1288,1195,1197));
#10378=IFCINDEXEDPOLYGONALFACE((1237,1265,1287));
#10379=IFCINDEXEDPOLYGONALFACE((1290,1287,1289));
#10380=IFCINDEXEDPOLYGONALFACE((1291,1289,1197));
#10381=IFCINDEXEDPOLYGONALFACE((1239,1293,1292));
#10382=IFCINDEXEDPOLYGONALFACE((1293,1294,1288));
#10383=IFCINDEXEDPOLYGONALFACE((1294,1193,1195));
#10384=IFCINDEXEDPOLYGONALFACE((1239,1241,1284));
#10385=IFCINDEXEDPOLYGONALFACE((1293,1284,1286));
#10386=IFCINDEXEDPOLYGONALFACE((1294,1286,1279));
#10387=IFCINDEXEDPOLYGONALFACE((1237,1290,1283));
#10388=IFCINDEXEDPOLYGONALFACE((1290,1291,1285));
#10389=IFCINDEXEDPOLYGONALFACE((1291,1196,1190));
#10390=IFCINDEXEDPOLYGONALFACE((1247,1248,1295));
#10391=IFCINDEXEDPOLYGONALFACE((1296,1295,1297));
#10392=IFCINDEXEDPOLYGONALFACE((1298,1297,1229));
#10393=IFCINDEXEDPOLYGONALFACE((1264,1246,1299));
#10394=IFCINDEXEDPOLYGONALFACE((1299,1302,1301));
#10395=IFCINDEXEDPOLYGONALFACE((1302,1234,1236));
#10396=IFCINDEXEDPOLYGONALFACE((1264,1300,1303));
#10397=IFCINDEXEDPOLYGONALFACE((1303,1300,1301));
#10398=IFCINDEXEDPOLYGONALFACE((1304,1301,1236));
#10399=IFCINDEXEDPOLYGONALFACE((1245,1305,1299));
#10400=IFCINDEXEDPOLYGONALFACE((1305,1306,1302));
#10401=IFCINDEXEDPOLYGONALFACE((1306,1231,1234));
#10402=IFCINDEXEDPOLYGONALFACE((1245,1247,1296));
#10403=IFCINDEXEDPOLYGONALFACE((1296,1298,1306));
#10404=IFCINDEXEDPOLYGONALFACE((1298,1232,1231));
#10405=IFCINDEXEDPOLYGONALFACE((1244,1303,1295));
#10406=IFCINDEXEDPOLYGONALFACE((1303,1304,1297));
#10407=IFCINDEXEDPOLYGONALFACE((1297,1304,1235));
#10408=IFCINDEXEDPOLYGONALFACE((1263,1254,1307));
#10409=IFCINDEXEDPOLYGONALFACE((1307,1310,1309));
#10410=IFCINDEXEDPOLYGONALFACE((1310,1215,1219));
#10411=IFCINDEXEDPOLYGONALFACE((1250,1252,1311));
#10412=IFCINDEXEDPOLYGONALFACE((1312,1311,1313));
#10413=IFCINDEXEDPOLYGONALFACE((1313,1221,1270));
#10414=IFCINDEXEDPOLYGONALFACE((1250,1312,1315));
#10415=IFCINDEXEDPOLYGONALFACE((1315,1312,1314));
#10416=IFCINDEXEDPOLYGONALFACE((1316,1314,1270));
#10417=IFCINDEXEDPOLYGONALFACE((1252,1253,1317));
#10418=IFCINDEXEDPOLYGONALFACE((1317,1318,1313));
#10419=IFCINDEXEDPOLYGONALFACE((1313,1318,1218));
#10420=IFCINDEXEDPOLYGONALFACE((1263,1308,1317));
#10421=IFCINDEXEDPOLYGONALFACE((1317,1308,1309));
#10422=IFCINDEXEDPOLYGONALFACE((1309,1219,1218));
#10423=IFCINDEXEDPOLYGONALFACE((1254,1251,1315));
#10424=IFCINDEXEDPOLYGONALFACE((1315,1316,1310));
#10425=IFCINDEXEDPOLYGONALFACE((1316,1216,1215));
#10426=IFCINDEXEDPOLYGONALFACE((1259,1321,1319));
#10427=IFCINDEXEDPOLYGONALFACE((1321,1322,1320));
#10428=IFCINDEXEDPOLYGONALFACE((1322,1202,1206));
#10429=IFCINDEXEDPOLYGONALFACE((1257,1329,1323));
#10430=IFCINDEXEDPOLYGONALFACE((1323,1329,1324));
#10431=IFCINDEXEDPOLYGONALFACE((1325,1324,1208));
#10432=IFCINDEXEDPOLYGONALFACE((1262,1323,1326));
#10433=IFCINDEXEDPOLYGONALFACE((1326,1323,1325));
#10434=IFCINDEXEDPOLYGONALFACE((1327,1325,1274));
#10435=IFCINDEXEDPOLYGONALFACE((1257,1258,1328));
#10436=IFCINDEXEDPOLYGONALFACE((1328,1330,1324));
#10437=IFCINDEXEDPOLYGONALFACE((1324,1330,1205));
#10438=IFCINDEXEDPOLYGONALFACE((1258,1261,1319));
#10439=IFCINDEXEDPOLYGONALFACE((1319,1320,1330));
#10440=IFCINDEXEDPOLYGONALFACE((1320,1206,1205));
#10441=IFCINDEXEDPOLYGONALFACE((1259,1256,1326));
#10442=IFCINDEXEDPOLYGONALFACE((1321,1326,1327));
#10443=IFCINDEXEDPOLYGONALFACE((1327,1203,1202));
#10444=IFCINDEXEDPOLYGONALFACE((1187,1189,1188));
#10445=IFCINDEXEDPOLYGONALFACE((1192,1191,1186));
#10446=IFCINDEXEDPOLYGONALFACE((1331,1194,1192));
#10447=IFCINDEXEDPOLYGONALFACE((1280,1188,1278));
#10448=IFCINDEXEDPOLYGONALFACE((1200,1201,1210));
#10449=IFCINDEXEDPOLYGONALFACE((1198,1204,1275));
#10450=IFCINDEXEDPOLYGONALFACE((1207,1204,1198));
#10451=IFCINDEXEDPOLYGONALFACE((1210,1209,1332));
#10452=IFCINDEXEDPOLYGONALFACE((1214,1223,1272));
#10453=IFCINDEXEDPOLYGONALFACE((1217,1271,1212));
#10454=IFCINDEXEDPOLYGONALFACE((1333,1220,1217));
#10455=IFCINDEXEDPOLYGONALFACE((1272,1223,1222));
#10456=IFCINDEXEDPOLYGONALFACE((1228,1227,1268));
#10457=IFCINDEXEDPOLYGONALFACE((1224,1230,1267));
#10458=IFCINDEXEDPOLYGONALFACE((1233,1230,1224));
#10459=IFCINDEXEDPOLYGONALFACE((1268,1227,1266));
#10460=IFCINDEXEDPOLYGONALFACE((1186,1191,1189));
#10461=IFCINDEXEDPOLYGONALFACE((1278,1194,1331));
#10462=IFCINDEXEDPOLYGONALFACE((1275,1201,1200));
#10463=IFCINDEXEDPOLYGONALFACE((1332,1209,1207));
#10464=IFCINDEXEDPOLYGONALFACE((1212,1271,1214));
#10465=IFCINDEXEDPOLYGONALFACE((1273,1222,1220));
#10466=IFCINDEXEDPOLYGONALFACE((1225,1267,1228));
#10467=IFCINDEXEDPOLYGONALFACE((1269,1266,1233));
#10468=IFCINDEXEDPOLYGONALFACE((1337,1350,1335));
#10469=IFCINDEXEDPOLYGONALFACE((1340,1347,1338));
#10470=IFCINDEXEDPOLYGONALFACE((1343,1349,1341));
#10471=IFCINDEXEDPOLYGONALFACE((1343,1342,1344));
#10472=IFCINDEXEDPOLYGONALFACE((1340,1348,1346));
#10473=IFCINDEXEDPOLYGONALFACE((1348,1345,1344));
#10474=IFCINDEXEDPOLYGONALFACE((1339,1338,1341));
#10475=IFCINDEXEDPOLYGONALFACE((1351,1358,1350));
#10476=IFCINDEXEDPOLYGONALFACE((1178,1175,1352));
#10477=IFCINDEXEDPOLYGONALFACE((1352,1339,1349));
#10478=IFCINDEXEDPOLYGONALFACE((1170,1183,1354));
#10479=IFCINDEXEDPOLYGONALFACE((1354,1345,1348));
#10480=IFCINDEXEDPOLYGONALFACE((1170,1355,1356));
#10481=IFCINDEXEDPOLYGONALFACE((1356,1355,1348));
#10482=IFCINDEXEDPOLYGONALFACE((1183,1184,1357));
#10483=IFCINDEXEDPOLYGONALFACE((1357,1343,1345));
#10484=IFCINDEXEDPOLYGONALFACE((1184,1178,1353));
#10485=IFCINDEXEDPOLYGONALFACE((1357,1353,1349));
#10486=IFCINDEXEDPOLYGONALFACE((1171,1356,1352));
#10487=IFCINDEXEDPOLYGONALFACE((1356,1340,1339));
#10488=IFCINDEXEDPOLYGONALFACE((1337,1338,1347));
#10489=IFCINDEXEDPOLYGONALFACE((1335,1342,1341));
#10490=IFCINDEXEDPOLYGONALFACE((1350,1344,1342));
#10491=IFCINDEXEDPOLYGONALFACE((1347,1346,1358));
#10492=IFCINDEXEDPOLYGONALFACE((1341,1338,1337));
#10493=IFCINDEXEDPOLYGONALFACE((1346,1344,1350));
#10494=IFCINDEXEDPOLYGONALFACE((902,905,159));
#10495=IFCINDEXEDPOLYGONALFACE((870,863,866));
#10496=IFCINDEXEDPOLYGONALFACE((896,899,905));
#10497=IFCINDEXEDPOLYGONALFACE((888,891,899));
#10498=IFCINDEXEDPOLYGONALFACE((879,882,891));
#10499=IFCINDEXEDPOLYGONALFACE((871,874,882));
#10500=IFCINDEXEDPOLYGONALFACE((871,870,875));
#10501=IFCINDEXEDPOLYGONALFACE((863,19,22));
#10502=IFCINDEXEDPOLYGONALFACE((1361,1362,1359));
#10503=IFCINDEXEDPOLYGONALFACE((1363,1364,1362));
#10504=IFCINDEXEDPOLYGONALFACE((1365,1367,1364));
#10505=IFCINDEXEDPOLYGONALFACE((1365,1369,1366));
#10506=IFCINDEXEDPOLYGONALFACE((1369,1383,1368));
#10507=IFCINDEXEDPOLYGONALFACE((1371,559,558));
#10508=IFCINDEXEDPOLYGONALFACE((561,564,1372));
#10509=IFCINDEXEDPOLYGONALFACE((564,566,1374));
#10510=IFCINDEXEDPOLYGONALFACE((566,568,1375));
#10511=IFCINDEXEDPOLYGONALFACE((1375,568,559));
#10512=IFCINDEXEDPOLYGONALFACE((1378,1400,1376));
#10513=IFCINDEXEDPOLYGONALFACE((1377,1376,1379));
#10514=IFCINDEXEDPOLYGONALFACE((1380,1379,1381));
#10515=IFCINDEXEDPOLYGONALFACE((1382,1381,1383));
#10516=IFCINDEXEDPOLYGONALFACE((1385,1378,1377));
#10517=IFCINDEXEDPOLYGONALFACE((1384,1377,1380));
#10518=IFCINDEXEDPOLYGONALFACE((1386,1380,1382));
#10519=IFCINDEXEDPOLYGONALFACE((1382,1369,1365));
#10520=IFCINDEXEDPOLYGONALFACE((1385,1384,1388));
#10521=IFCINDEXEDPOLYGONALFACE((1388,1384,1386));
#10522=IFCINDEXEDPOLYGONALFACE((1390,1386,1387));
#10523=IFCINDEXEDPOLYGONALFACE((1391,1387,1365));
#10524=IFCINDEXEDPOLYGONALFACE((1389,1388,1392));
#10525=IFCINDEXEDPOLYGONALFACE((1392,1388,1390));
#10526=IFCINDEXEDPOLYGONALFACE((1394,1390,1391));
#10527=IFCINDEXEDPOLYGONALFACE((1391,1363,1361));
#10528=IFCINDEXEDPOLYGONALFACE((1397,1393,1392));
#10529=IFCINDEXEDPOLYGONALFACE((1396,1392,1394));
#10530=IFCINDEXEDPOLYGONALFACE((1394,1395,1399));
#10531=IFCINDEXEDPOLYGONALFACE((1395,1361,1360));
#10532=IFCINDEXEDPOLYGONALFACE((1373,919,153));
#10533=IFCINDEXEDPOLYGONALFACE((1378,1401,915));
#10534=IFCINDEXEDPOLYGONALFACE((1385,921,1401));
#10535=IFCINDEXEDPOLYGONALFACE((1397,922,916));
#10536=IFCINDEXEDPOLYGONALFACE((920,921,1385));
#10537=IFCINDEXEDPOLYGONALFACE((916,920,1389));
#10538=IFCINDEXEDPOLYGONALFACE((1370,558,595));
#10539=IFCINDEXEDPOLYGONALFACE((1404,1405,598));
#10540=IFCINDEXEDPOLYGONALFACE((1404,1406,599));
#10541=IFCINDEXEDPOLYGONALFACE((1402,595,599));
#10542=IFCINDEXEDPOLYGONALFACE((1367,1408,1403));
#10543=IFCINDEXEDPOLYGONALFACE((1407,1408,1367));
#10544=IFCINDEXEDPOLYGONALFACE((1407,1402,1406));
#10545=IFCINDEXEDPOLYGONALFACE((1408,1406,1404));
#10546=IFCINDEXEDPOLYGONALFACE((1403,1404,1359));
#10547=IFCINDEXEDPOLYGONALFACE((1407,1368,1370));
#10548=IFCINDEXEDPOLYGONALFACE((605,604,922));
#10549=IFCINDEXEDPOLYGONALFACE((915,919,1373));
#10550=IFCINDEXEDPOLYGONALFACE((1399,1360,607));
#10551=IFCINDEXEDPOLYGONALFACE((608,1398,1399));
#10552=IFCINDEXEDPOLYGONALFACE((609,1396,1398));
#10553=IFCINDEXEDPOLYGONALFACE((605,1397,1396));
#10554=IFCINDEXEDPOLYGONALFACE((1375,1371,1383));
#10555=IFCINDEXEDPOLYGONALFACE((1379,1374,1375));
#10556=IFCINDEXEDPOLYGONALFACE((1376,1372,1374));
#10557=IFCINDEXEDPOLYGONALFACE((1400,1373,1372));
#10558=IFCINDEXEDPOLYGONALFACE((1383,1371,1370));
#10559=IFCINDEXEDPOLYGONALFACE((1360,1359,598));
#10560=IFCINDEXEDPOLYGONALFACE((1410,1457,1409));
#10561=IFCINDEXEDPOLYGONALFACE((1412,1428,1094));
#10562=IFCINDEXEDPOLYGONALFACE((1415,1611,1413));
#10563=IFCINDEXEDPOLYGONALFACE((1418,1599,1416));
#10564=IFCINDEXEDPOLYGONALFACE((1421,1449,1419));
#10565=IFCINDEXEDPOLYGONALFACE((1424,1622,1422));
#10566=IFCINDEXEDPOLYGONALFACE((1425,1621,1093));
#10567=IFCINDEXEDPOLYGONALFACE((1427,1431,1098));
#10568=IFCINDEXEDPOLYGONALFACE((1428,1425,1087));
#10569=IFCINDEXEDPOLYGONALFACE((1423,1422,1429));
#10570=IFCINDEXEDPOLYGONALFACE((1431,1410,1101));
#10571=IFCINDEXEDPOLYGONALFACE((1434,1439,1432));
#10572=IFCINDEXEDPOLYGONALFACE((1432,1437,1435));
#10573=IFCINDEXEDPOLYGONALFACE((1437,1440,1436));
#10574=IFCINDEXEDPOLYGONALFACE((1436,1440,1423));
#10575=IFCINDEXEDPOLYGONALFACE((1439,1619,1438));
#10576=IFCINDEXEDPOLYGONALFACE((1438,1441,1437));
#10577=IFCINDEXEDPOLYGONALFACE((1441,1442,1440));
#10578=IFCINDEXEDPOLYGONALFACE((1442,1424,1423));
#10579=IFCINDEXEDPOLYGONALFACE((1414,1413,1443));
#10580=IFCINDEXEDPOLYGONALFACE((1444,1443,1445));
#10581=IFCINDEXEDPOLYGONALFACE((1446,1445,1447));
#10582=IFCINDEXEDPOLYGONALFACE((1448,1447,1449));
#10583=IFCINDEXEDPOLYGONALFACE((1452,1584,1450));
#10584=IFCINDEXEDPOLYGONALFACE((1451,1450,1453));
#10585=IFCINDEXEDPOLYGONALFACE((1453,1456,1455));
#10586=IFCINDEXEDPOLYGONALFACE((1456,1599,1418));
#10587=IFCINDEXEDPOLYGONALFACE((1457,1458,1088));
#10588=IFCINDEXEDPOLYGONALFACE((1460,1412,1411));
#10589=IFCINDEXEDPOLYGONALFACE((1463,1562,1461));
#10590=IFCINDEXEDPOLYGONALFACE((1466,1473,1464));
#10591=IFCINDEXEDPOLYGONALFACE((1469,1528,1467));
#10592=IFCINDEXEDPOLYGONALFACE((1468,1467,1470));
#10593=IFCINDEXEDPOLYGONALFACE((1466,1585,1472));
#10594=IFCINDEXEDPOLYGONALFACE((1476,1565,1474));
#10595=IFCINDEXEDPOLYGONALFACE((1479,1485,1477));
#10596=IFCINDEXEDPOLYGONALFACE((1482,1535,1480));
#10597=IFCINDEXEDPOLYGONALFACE((1481,1480,1483));
#10598=IFCINDEXEDPOLYGONALFACE((1486,1618,1485));
#10599=IFCINDEXEDPOLYGONALFACE((1489,1568,1487));
#10600=IFCINDEXEDPOLYGONALFACE((1492,1499,1490));
#10601=IFCINDEXEDPOLYGONALFACE((1495,1612,1493));
#10602=IFCINDEXEDPOLYGONALFACE((1497,1495,1494));
#10603=IFCINDEXEDPOLYGONALFACE((1492,1613,1498));
#10604=IFCINDEXEDPOLYGONALFACE((1502,1571,1500));
#10605=IFCINDEXEDPOLYGONALFACE((1505,1511,1503));
#10606=IFCINDEXEDPOLYGONALFACE((1508,1614,1506));
#10607=IFCINDEXEDPOLYGONALFACE((1510,1508,1507));
#10608=IFCINDEXEDPOLYGONALFACE((1512,1551,1503));
#10609=IFCINDEXEDPOLYGONALFACE((1515,1574,1513));
#10610=IFCINDEXEDPOLYGONALFACE((1518,1524,1516));
#10611=IFCINDEXEDPOLYGONALFACE((1521,1555,1519));
#10612=IFCINDEXEDPOLYGONALFACE((1523,1520,1519));
#10613=IFCINDEXEDPOLYGONALFACE((1525,1559,1516));
#10614=IFCINDEXEDPOLYGONALFACE((1464,1473,1526));
#10615=IFCINDEXEDPOLYGONALFACE((1530,1467,1528));
#10616=IFCINDEXEDPOLYGONALFACE((1470,1467,1530));
#10617=IFCINDEXEDPOLYGONALFACE((1526,1473,1472));
#10618=IFCINDEXEDPOLYGONALFACE((1477,1485,1533));
#10619=IFCINDEXEDPOLYGONALFACE((1537,1480,1535));
#10620=IFCINDEXEDPOLYGONALFACE((1483,1480,1537));
#10621=IFCINDEXEDPOLYGONALFACE((1485,1618,1539));
#10622=IFCINDEXEDPOLYGONALFACE((1490,1499,1540));
#10623=IFCINDEXEDPOLYGONALFACE((1494,1493,1542));
#10624=IFCINDEXEDPOLYGONALFACE((1544,1496,1494));
#10625=IFCINDEXEDPOLYGONALFACE((1540,1499,1498));
#10626=IFCINDEXEDPOLYGONALFACE((1504,1503,1546));
#10627=IFCINDEXEDPOLYGONALFACE((1549,1507,1506));
#10628=IFCINDEXEDPOLYGONALFACE((1509,1507,1549));
#10629=IFCINDEXEDPOLYGONALFACE((1546,1503,1551));
#10630=IFCINDEXEDPOLYGONALFACE((1554,1517,1516));
#10631=IFCINDEXEDPOLYGONALFACE((1557,1519,1555));
#10632=IFCINDEXEDPOLYGONALFACE((1558,1522,1519));
#10633=IFCINDEXEDPOLYGONALFACE((1553,1516,1559));
#10634=IFCINDEXEDPOLYGONALFACE((1527,1526,1561));
#10635=IFCINDEXEDPOLYGONALFACE((1530,1529,1462));
#10636=IFCINDEXEDPOLYGONALFACE((1562,1531,1530));
#10637=IFCINDEXEDPOLYGONALFACE((1526,1532,1563));
#10638=IFCINDEXEDPOLYGONALFACE((1534,1533,1564));
#10639=IFCINDEXEDPOLYGONALFACE((1537,1536,1474));
#10640=IFCINDEXEDPOLYGONALFACE((1476,1538,1537));
#10641=IFCINDEXEDPOLYGONALFACE((1564,1533,1539));
#10642=IFCINDEXEDPOLYGONALFACE((1488,1541,1540));
#10643=IFCINDEXEDPOLYGONALFACE((1568,1543,1542));
#10644=IFCINDEXEDPOLYGONALFACE((1544,1543,1568));
#10645=IFCINDEXEDPOLYGONALFACE((1567,1540,1545));
#10646=IFCINDEXEDPOLYGONALFACE((1502,1547,1546));
#10647=IFCINDEXEDPOLYGONALFACE((1549,1548,1501));
#10648=IFCINDEXEDPOLYGONALFACE((1550,1549,1500));
#10649=IFCINDEXEDPOLYGONALFACE((1570,1546,1552));
#10650=IFCINDEXEDPOLYGONALFACE((1554,1553,1573));
#10651=IFCINDEXEDPOLYGONALFACE((1557,1556,1514));
#10652=IFCINDEXEDPOLYGONALFACE((1574,1558,1557));
#10653=IFCINDEXEDPOLYGONALFACE((1573,1553,1560));
#10654=IFCINDEXEDPOLYGONALFACE((1453,1450,1576));
#10655=IFCINDEXEDPOLYGONALFACE((1576,1525,1524));
#10656=IFCINDEXEDPOLYGONALFACE((1580,1449,1578));
#10657=IFCINDEXEDPOLYGONALFACE((1579,1578,1520));
#10658=IFCINDEXEDPOLYGONALFACE((1447,1617,1578));
#10659=IFCINDEXEDPOLYGONALFACE((1578,1617,1521));
#10660=IFCINDEXEDPOLYGONALFACE((1582,1453,1577));
#10661=IFCINDEXEDPOLYGONALFACE((1581,1577,1524));
#10662=IFCINDEXEDPOLYGONALFACE((1584,1616,1583));
#10663=IFCINDEXEDPOLYGONALFACE((1583,1616,1585));
#10664=IFCINDEXEDPOLYGONALFACE((1588,1419,1586));
#10665=IFCINDEXEDPOLYGONALFACE((1586,1468,1471));
#10666=IFCINDEXEDPOLYGONALFACE((1449,1615,1586));
#10667=IFCINDEXEDPOLYGONALFACE((1586,1615,1469));
#10668=IFCINDEXEDPOLYGONALFACE((1450,1583,1589));
#10669=IFCINDEXEDPOLYGONALFACE((1589,1583,1466));
#10670=IFCINDEXEDPOLYGONALFACE((1456,1453,1590));
#10671=IFCINDEXEDPOLYGONALFACE((1590,1512,1511));
#10672=IFCINDEXEDPOLYGONALFACE((1447,1593,1592));
#10673=IFCINDEXEDPOLYGONALFACE((1592,1593,1508));
#10674=IFCINDEXEDPOLYGONALFACE((1445,1594,1593));
#10675=IFCINDEXEDPOLYGONALFACE((1594,1614,1508));
#10676=IFCINDEXEDPOLYGONALFACE((1596,1456,1591));
#10677=IFCINDEXEDPOLYGONALFACE((1595,1591,1511));
#10678=IFCINDEXEDPOLYGONALFACE((1599,1456,1597));
#10679=IFCINDEXEDPOLYGONALFACE((1597,1613,1492));
#10680=IFCINDEXEDPOLYGONALFACE((1445,1601,1600));
#10681=IFCINDEXEDPOLYGONALFACE((1600,1601,1495));
#10682=IFCINDEXEDPOLYGONALFACE((1443,1602,1601));
#10683=IFCINDEXEDPOLYGONALFACE((1602,1612,1495));
#10684=IFCINDEXEDPOLYGONALFACE((1604,1599,1598));
#10685=IFCINDEXEDPOLYGONALFACE((1603,1598,1492));
#10686=IFCINDEXEDPOLYGONALFACE((1416,1599,1605));
#10687=IFCINDEXEDPOLYGONALFACE((1606,1605,1486));
#10688=IFCINDEXEDPOLYGONALFACE((1604,1443,1607));
#10689=IFCINDEXEDPOLYGONALFACE((1608,1607,1481));
#10690=IFCINDEXEDPOLYGONALFACE((1413,1609,1607));
#10691=IFCINDEXEDPOLYGONALFACE((1609,1482,1481));
#10692=IFCINDEXEDPOLYGONALFACE((1611,1416,1606));
#10693=IFCINDEXEDPOLYGONALFACE((1610,1606,1479));
#10694=IFCINDEXEDPOLYGONALFACE((1610,1478,1482));
#10695=IFCINDEXEDPOLYGONALFACE((1611,1610,1609));
#10696=IFCINDEXEDPOLYGONALFACE((1608,1484,1486));
#10697=IFCINDEXEDPOLYGONALFACE((1599,1604,1608));
#10698=IFCINDEXEDPOLYGONALFACE((1603,1491,1612));
#10699=IFCINDEXEDPOLYGONALFACE((1443,1604,1603));
#10700=IFCINDEXEDPOLYGONALFACE((1600,1497,1613));
#10701=IFCINDEXEDPOLYGONALFACE((1596,1600,1597));
#10702=IFCINDEXEDPOLYGONALFACE((1595,1505,1614));
#10703=IFCINDEXEDPOLYGONALFACE((1445,1596,1595));
#10704=IFCINDEXEDPOLYGONALFACE((1592,1510,1512));
#10705=IFCINDEXEDPOLYGONALFACE((1582,1592,1590));
#10706=IFCINDEXEDPOLYGONALFACE((1589,1465,1469));
#10707=IFCINDEXEDPOLYGONALFACE((1449,1580,1589));
#10708=IFCINDEXEDPOLYGONALFACE((1587,1471,1585));
#10709=IFCINDEXEDPOLYGONALFACE((1588,1587,1616));
#10710=IFCINDEXEDPOLYGONALFACE((1581,1518,1521));
#10711=IFCINDEXEDPOLYGONALFACE((1582,1581,1617));
#10712=IFCINDEXEDPOLYGONALFACE((1579,1523,1525));
#10713=IFCINDEXEDPOLYGONALFACE((1450,1580,1579));
#10714=IFCINDEXEDPOLYGONALFACE((1575,1560,1558));
#10715=IFCINDEXEDPOLYGONALFACE((1514,1556,1554));
#10716=IFCINDEXEDPOLYGONALFACE((1552,1550,1571));
#10717=IFCINDEXEDPOLYGONALFACE((1548,1547,1502));
#10718=IFCINDEXEDPOLYGONALFACE((1569,1545,1544));
#10719=IFCINDEXEDPOLYGONALFACE((1542,1541,1488));
#10720=IFCINDEXEDPOLYGONALFACE((1566,1539,1538));
#10721=IFCINDEXEDPOLYGONALFACE((1474,1536,1534));
#10722=IFCINDEXEDPOLYGONALFACE((1532,1531,1562));
#10723=IFCINDEXEDPOLYGONALFACE((1462,1529,1527));
#10724=IFCINDEXEDPOLYGONALFACE((1559,1522,1558));
#10725=IFCINDEXEDPOLYGONALFACE((1555,1517,1554));
#10726=IFCINDEXEDPOLYGONALFACE((1552,1551,1509));
#10727=IFCINDEXEDPOLYGONALFACE((1548,1506,1504));
#10728=IFCINDEXEDPOLYGONALFACE((1498,1496,1544));
#10729=IFCINDEXEDPOLYGONALFACE((1493,1490,1541));
#10730=IFCINDEXEDPOLYGONALFACE((1539,1618,1483));
#10731=IFCINDEXEDPOLYGONALFACE((1536,1535,1477));
#10732=IFCINDEXEDPOLYGONALFACE((1532,1472,1470));
#10733=IFCINDEXEDPOLYGONALFACE((1528,1464,1527));
#10734=IFCINDEXEDPOLYGONALFACE((1523,1522,1559));
#10735=IFCINDEXEDPOLYGONALFACE((1518,1517,1555));
#10736=IFCINDEXEDPOLYGONALFACE((1573,1575,1574));
#10737=IFCINDEXEDPOLYGONALFACE((1512,1510,1509));
#10738=IFCINDEXEDPOLYGONALFACE((1505,1504,1506));
#10739=IFCINDEXEDPOLYGONALFACE((1572,1571,1502));
#10740=IFCINDEXEDPOLYGONALFACE((1497,1496,1498));
#10741=IFCINDEXEDPOLYGONALFACE((1491,1490,1493));
#10742=IFCINDEXEDPOLYGONALFACE((1567,1569,1489));
#10743=IFCINDEXEDPOLYGONALFACE((1486,1484,1483));
#10744=IFCINDEXEDPOLYGONALFACE((1482,1478,1477));
#10745=IFCINDEXEDPOLYGONALFACE((1564,1566,1476));
#10746=IFCINDEXEDPOLYGONALFACE((1585,1471,1470));
#10747=IFCINDEXEDPOLYGONALFACE((1469,1465,1464));
#10748=IFCINDEXEDPOLYGONALFACE((1563,1562,1463));
#10749=IFCINDEXEDPOLYGONALFACE((1430,1412,1460));
#10750=IFCINDEXEDPOLYGONALFACE((1436,1460,1459));
#10751=IFCINDEXEDPOLYGONALFACE((1433,1435,1459));
#10752=IFCINDEXEDPOLYGONALFACE((1433,1458,1457));
#10753=IFCINDEXEDPOLYGONALFACE((1439,1410,1431));
#10754=IFCINDEXEDPOLYGONALFACE((1429,1422,1425));
#10755=IFCINDEXEDPOLYGONALFACE((1619,1431,1427));
#10756=IFCINDEXEDPOLYGONALFACE((1422,1622,1621));
#10757=IFCINDEXEDPOLYGONALFACE((1417,1416,1611));
#10758=IFCINDEXEDPOLYGONALFACE((1430,1429,1428));
#10759=IFCINDEXEDPOLYGONALFACE((1434,1457,1410));
#10760=IFCINDEXEDPOLYGONALFACE((1623,1625,1621));
#10761=IFCINDEXEDPOLYGONALFACE((1626,1650,1624));
#10762=IFCINDEXEDPOLYGONALFACE((1627,1651,1424));
#10763=IFCINDEXEDPOLYGONALFACE((1628,1627,1442));
#10764=IFCINDEXEDPOLYGONALFACE((1629,1628,1441));
#10765=IFCINDEXEDPOLYGONALFACE((1619,1620,1629));
#10766=IFCINDEXEDPOLYGONALFACE((1633,1634,1632));
#10767=IFCINDEXEDPOLYGONALFACE((1093,1624,1634));
#10768=IFCINDEXEDPOLYGONALFACE((1620,1427,1635));
#10769=IFCINDEXEDPOLYGONALFACE((1631,1426,1098));
#10770=IFCINDEXEDPOLYGONALFACE((1424,1651,1623));
#10771=IFCINDEXEDPOLYGONALFACE((1625,1624,1093));
#10772=IFCINDEXEDPOLYGONALFACE((1100,1097,1105));
#10773=IFCINDEXEDPOLYGONALFACE((1096,1090,1637));
#10774=IFCINDEXEDPOLYGONALFACE((1095,1086,1130));
#10775=IFCINDEXEDPOLYGONALFACE((1092,1100,1118));
#10776=IFCINDEXEDPOLYGONALFACE((1105,1097,1096));
#10777=IFCINDEXEDPOLYGONALFACE((1091,1095,1116));
#10778=IFCINDEXEDPOLYGONALFACE((1638,1085,1092));
#10779=IFCINDEXEDPOLYGONALFACE((1129,1089,1091));
#10780=IFCINDEXEDPOLYGONALFACE((1637,1090,1089));
#10781=IFCINDEXEDPOLYGONALFACE((1130,1086,1085));
#10782=IFCINDEXEDPOLYGONALFACE((1639,1420,1419));
#10783=IFCINDEXEDPOLYGONALFACE((1584,1452,1639));
#10784=IFCINDEXEDPOLYGONALFACE((1635,1427,1426));
#10785=IFCINDEXEDPOLYGONALFACE((1417,1415,1626));
#10786=IFCINDEXEDPOLYGONALFACE((1455,1418,1642));
#10787=IFCINDEXEDPOLYGONALFACE((1454,1455,1643));
#10788=IFCINDEXEDPOLYGONALFACE((1451,1454,1644));
#10789=IFCINDEXEDPOLYGONALFACE((1452,1451,1645));
#10790=IFCINDEXEDPOLYGONALFACE((1448,1421,1646));
#10791=IFCINDEXEDPOLYGONALFACE((1648,1446,1448));
#10792=IFCINDEXEDPOLYGONALFACE((1444,1446,1648));
#10793=IFCINDEXEDPOLYGONALFACE((1650,1414,1444));
#10794=IFCINDEXEDPOLYGONALFACE((1421,1420,1640));
#10795=IFCINDEXEDPOLYGONALFACE((1418,1417,1641));
#10796=IFCINDEXEDPOLYGONALFACE((1636,1635,1639));
#10797=IFCINDEXEDPOLYGONALFACE((1639,1635,1640));
#10798=IFCINDEXEDPOLYGONALFACE((1641,1626,1625));
#10799=IFCINDEXEDPOLYGONALFACE((1643,1642,1651));
#10800=IFCINDEXEDPOLYGONALFACE((1644,1643,1627));
#10801=IFCINDEXEDPOLYGONALFACE((1629,1645,1644));
#10802=IFCINDEXEDPOLYGONALFACE((1620,1636,1645));
#10803=IFCINDEXEDPOLYGONALFACE((1647,1646,1631));
#10804=IFCINDEXEDPOLYGONALFACE((1632,1648,1647));
#10805=IFCINDEXEDPOLYGONALFACE((1649,1648,1632));
#10806=IFCINDEXEDPOLYGONALFACE((1624,1650,1649));
#10807=IFCINDEXEDPOLYGONALFACE((1646,1640,1426));
#10808=IFCINDEXEDPOLYGONALFACE((1642,1641,1623));
#10809=IFCINDEXEDPOLYGONALFACE((1415,1414,1650));
#10810=IFCPOLYGONALFACESET(#7509,.T.,(#7510,#7511,#7512,#7513,#7514,#7515,#7516,#7517,#7518,#7519,#7520,#7521,#7522,#7523,#7524,#7525,#7526,#7527,#7528,#7529,#7530,#7531,#7532,#7533,#7534,#7535,#7536,#7537,#7538,#7539,#7540,#7541,#7542,#7543,#7544,#7545,#7546,#7547,#7548,#7549,#7550,#7551,#7552,#7553,#7554,#7555,#7556,#7557,#7558,#7559,#7560,#7561,#7562,#7563,#7564,#7565,#7566,#7567,#7568,#7569,#7570,#7571,#7572,#7573,#7574,#7575,#7576,#7577,#7578,#7579,#7580,#7581,#7582,#7583,#7584,#7585,#7586,#7587,#7588,#7589,#7590,#7591,#7592,#7593,#7594,#7595,#7596,#7597,#7598,#7599,#7600,#7601,#7602,#7603,#7604,#7605,#7606,#7607,#7608,#7609,#7610,#7611,#7612,#7613,#7614,#7615,#7616,#7617,#7618,#7619,#7620,#7621,#7622,#7623,#7624,#7625,#7626,#7627,#7628,#7629,#7630,#7631,#7632,#7633,#7634,#7635,#7636,#7637,#7638,#7639,#7640,#7641,#7642,#7643,#7644,#7645,#7646,#7647,#7648,#7649,#7650,#7651,#7652,#7653,#7654,#7655,#7656,#7657,#7658,#7659,#7660,#7661,#7662,#7663,#7664,#7665,#7666,#7667,#7668,#7669,#7670,#7671,#7672,#7673,#7674,#7675,#7676,#7677,#7678,#7679,#7680,#7681,#7682,#7683,#7684,#7685,#7686,#7687,#7688,#7689,#7690,#7691,#7692,#7693,#7694,#7695,#7696,#7697,#7698,#7699,#7700,#7701,#7702,#7703,#7704,#7705,#7706,#7707,#7708,#7709,#7710,#7711,#7712,#7713,#7714,#7715,#7716,#7717,#7718,#7719,#7720,#7721,#7722,#7723,#7724,#7725,#7726,#7727,#7728,#7729,#7730,#7731,#7732,#7733,#7734,#7735,#7736,#7737,#7738,#7739,#7740,#7741,#7742,#7743,#7744,#7745,#7746,#7747,#7748,#7749,#7750,#7751,#7752,#7753,#7754,#7755,#7756,#7757,#7758,#7759,#7760,#7761,#7762,#7763,#7764,#7765,#7766,#7767,#7768,#7769,#7770,#7771,#7772,#7773,#7774,#7775,#7776,#7777,#7778,#7779,#7780,#7781,#7782,#7783,#7784,#7785,#7786,#7787,#7788,#7789,#7790,#7791,#7792,#7793,#7794,#7795,#7796,#7797,#7798,#7799,#7800,#7801,#7802,#7803,#7804,#7805,#7806,#7807,#7808,#7809,#7810,#7811,#7812,#7813,#7814,#7815,#7816,#7817,#7818,#7819,#7820,#7821,#7822,#7823,#7824,#7825,#7826,#7827,#7828,#7829,#7830,#7831,#7832,#7833,#7834,#7835,#7836,#7837,#7838,#7839,#7840,#7841,#7842,#7843,#7844,#7845,#7846,#7847,#7848,#7849,#7850,#7851,#7852,#7853,#7854,#7855,#7856,#7857,#7858,#7859,#7860,#7861,#7862,#7863,#7864,#7865,#7866,#7867,#7868,#7869,#7870,#7871,#7872,#7873,#7874,#7875,#7876,#7877,#7878,#7879,#7880,#7881,#7882,#7883,#7884,#7885,#7886,#7887,#7888,#7889,#7890,#7891,#7892,#7893,#7894,#7895,#7896,#7897,#7898,#7899,#7900,#7901,#7902,#7903,#7904,#7905,#7906,#7907,#7908,#7909,#7910,#7911,#7912,#7913,#7914,#7915,#7916,#7917,#7918,#7919,#7920,#7921,#7922,#7923,#7924,#7925,#7926,#7927,#7928,#7929,#7930,#7931,#7932,#7933,#7934,#7935,#7936,#7937,#7938,#7939,#7940,#7941,#7942,#7943,#7944,#7945,#7946,#7947,#7948,#7949,#7950,#7951,#7952,#7953,#7954,#7955,#7956,#7957,#7958,#7959,#7960,#7961,#7962,#7963,#7964,#7965,#7966,#7967,#7968,#7969,#7970,#7971,#7972,#7973,#7974,#7975,#7976,#7977,#7978,#7979,#7980,#7981,#7982,#7983,#7984,#7985,#7986,#7987,#7988,#7989,#7990,#7991,#7992,#7993,#7994,#7995,#7996,#7997,#7998,#7999,#8000,#8001,#8002,#8003,#8004,#8005,#8006,#8007,#8008,#8009,#8010,#8011,#8012,#8013,#8014,#8015,#8016,#8017,#8018,#8019,#8020,#8021,#8022,#8023,#8024,#8025,#8026,#8027,#8028,#8029,#8030,#8031,#8032,#8033,#8034,#8035,#8036,#8037,#8038,#8039,#8040,#8041,#8042,#8043,#8044,#8045,#8046,#8047,#8048,#8049,#8050,#8051,#8052,#8053,#8054,#8055,#8056,#8057,#8058,#8059,#8060,#8061,#8062,#8063,#8064,#8065,#8066,#8067,#8068,#8069,#8070,#8071,#8072,#8073,#8074,#8075,#8076,#8077,#8078,#8079,#8080,#8081,#8082,#8083,#8084,#8085,#8086,#8087,#8088,#8089,#8090,#8091,#8092,#8093,#8094,#8095,#8096,#8097,#8098,#8099,#8100,#8101,#8102,#8103,#8104,#8105,#8106,#8107,#8108,#8109,#8110,#8111,#8112,#8113,#8114,#8115,#8116,#8117,#8118,#8119,#8120,#8121,#8122,#8123,#8124,#8125,#8126,#8127,#8128,#8129,#8130,#8131,#8132,#8133,#8134,#8135,#8136,#8137,#8138,#8139,#8140,#8141,#8142,#8143,#8144,#8145,#8146,#8147,#8148,#8149,#8150,#8151,#8152,#8153,#8154,#8155,#8156,#8157,#8158,#8159,#8160,#8161,#8162,#8163,#8164,#8165,#8166,#8167,#8168,#8169,#8170,#8171,#8172,#8173,#8174,#8175,#8176,#8177,#8178,#8179,#8180,#8181,#8182,#8183,#8184,#8185,#8186,#8187,#8188,#8189,#8190,#8191,#8192,#8193,#8194,#8195,#8196,#8197,#8198,#8199,#8200,#8201,#8202,#8203,#8204,#8205,#8206,#8207,#8208,#8209,#8210,#8211,#8212,#8213,#8214,#8215,#8216,#8217,#8218,#8219,#8220,#8221,#8222,#8223,#8224,#8225,#8226,#8227,#8228,#8229,#8230,#8231,#8232,#8233,#8234,#8235,#8236,#8237,#8238,#8239,#8240,#8241,#8242,#8243,#8244,#8245,#8246,#8247,#8248,#8249,#8250,#8251,#8252,#8253,#8254,#8255,#8256,#8257,#8258,#8259,#8260,#8261,#8262,#8263,#8264,#8265,#8266,#8267,#8268,#8269,#8270,#8271,#8272,#8273,#8274,#8275,#8276,#8277,#8278,#8279,#8280,#8281,#8282,#8283,#8284,#8285,#8286,#8287,#8288,#8289,#8290,#8291,#8292,#8293,#8294,#8295,#8296,#8297,#8298,#8299,#8300,#8301,#8302,#8303,#8304,#8305,#8306,#8307,#8308,#8309,#8310,#8311,#8312,#8313,#8314,#8315,#8316,#8317,#8318,#8319,#8320,#8321,#8322,#8323,#8324,#8325,#8326,#8327,#8328,#8329,#8330,#8331,#8332,#8333,#8334,#8335,#8336,#8337,#8338,#8339,#8340,#8341,#8342,#8343,#8344,#8345,#8346,#8347,#8348,#8349,#8350,#8351,#8352,#8353,#8354,#8355,#8356,#8357,#8358,#8359,#8360,#8361,#8362,#8363,#8364,#8365,#8366,#8367,#8368,#8369,#8370,#8371,#8372,#8373,#8374,#8375,#8376,#8377,#8378,#8379,#8380,#8381,#8382,#8383,#8384,#8385,#8386,#8387,#8388,#8389,#8390,#8391,#8392,#8393,#8394,#8395,#8396,#8397,#8398,#8399,#8400,#8401,#8402,#8403,#8404,#8405,#8406,#8407,#8408,#8409,#8410,#8411,#8412,#8413,#8414,#8415,#8416,#8417,#8418,#8419,#8420,#8421,#8422,#8423,#8424,#8425,#8426,#8427,#8428,#8429,#8430,#8431,#8432,#8433,#8434,#8435,#8436,#8437,#8438,#8439,#8440,#8441,#8442,#8443,#8444,#8445,#8446,#8447,#8448,#8449,#8450,#8451,#8452,#8453,#8454,#8455,#8456,#8457,#8458,#8459,#8460,#8461,#8462,#8463,#8464,#8465,#8466,#8467,#8468,#8469,#8470,#8471,#8472,#8473,#8474,#8475,#8476,#8477,#8478,#8479,#8480,#8481,#8482,#8483,#8484,#8485,#8486,#8487,#8488,#8489,#8490,#8491,#8492,#8493,#8494,#8495,#8496,#8497,#8498,#8499,#8500,#8501,#8502,#8503,#8504,#8505,#8506,#8507,#8508,#8509,#8510,#8511,#8512,#8513,#8514,#8515,#8516,#8517,#8518,#8519,#8520,#8521,#8522,#8523,#8524,#8525,#8526,#8527,#8528,#8529,#8530,#8531,#8532,#8533,#8534,#8535,#8536,#8537,#8538,#8539,#8540,#8541,#8542,#8543,#8544,#8545,#8546,#8547,#8548,#8549,#8550,#8551,#8552,#8553,#8554,#8555,#8556,#8557,#8558,#8559,#8560,#8561,#8562,#8563,#8564,#8565,#8566,#8567,#8568,#8569,#8570,#8571,#8572,#8573,#8574,#8575,#8576,#8577,#8578,#8579,#8580,#8581,#8582,#8583,#8584,#8585,#8586,#8587,#8588,#8589,#8590,#8591,#8592,#8593,#8594,#8595,#8596,#8597,#8598,#8599,#8600,#8601,#8602,#8603,#8604,#8605,#8606,#8607,#8608,#8609,#8610,#8611,#8612,#8613,#8614,#8615,#8616,#8617,#8618,#8619,#8620,#8621,#8622,#8623,#8624,#8625,#8626,#8627,#8628,#8629,#8630,#8631,#8632,#8633,#8634,#8635,#8636,#8637,#8638,#8639,#8640,#8641,#8642,#8643,#8644,#8645,#8646,#8647,#8648,#8649,#8650,#8651,#8652,#8653,#8654,#8655,#8656,#8657,#8658,#8659,#8660,#8661,#8662,#8663,#8664,#8665,#8666,#8667,#8668,#8669,#8670,#8671,#8672,#8673,#8674,#8675,#8676,#8677,#8678,#8679,#8680,#8681,#8682,#8683,#8684,#8685,#8686,#8687,#8688,#8689,#8690,#8691,#8692,#8693,#8694,#8695,#8696,#8697,#8698,#8699,#8700,#8701,#8702,#8703,#8704,#8705,#8706,#8707,#8708,#8709,#8710,#8711,#8712,#8713,#8714,#8715,#8716,#8717,#8718,#8719,#8720,#8721,#8722,#8723,#8724,#8725,#8726,#8727,#8728,#8729,#8730,#8731,#8732,#8733,#8734,#8735,#8736,#8737,#8738,#8739,#8740,#8741,#8742,#8743,#8744,#8745,#8746,#8747,#8748,#8749,#8750,#8751,#8752,#8753,#8754,#8755,#8756,#8757,#8758,#8759,#8760,#8761,#8762,#8763,#8764,#8765,#8766,#8767,#8768,#8769,#8770,#8771,#8772,#8773,#8774,#8775,#8776,#8777,#8778,#8779,#8780,#8781,#8782,#8783,#8784,#8785,#8786,#8787,#8788,#8789,#8790,#8791,#8792,#8793,#8794,#8795,#8796,#8797,#8798,#8799,#8800,#8801,#8802,#8803,#8804,#8805,#8806,#8807,#8808,#8809,#8810,#8811,#8812,#8813,#8814,#8815,#8816,#8817,#8818,#8819,#8820,#8821,#8822,#8823,#8824,#8825,#8826,#8827,#8828,#8829,#8830,#8831,#8832,#8833,#8834,#8835,#8836,#8837,#8838,#8839,#8840,#8841,#8842,#8843,#8844,#8845,#8846,#8847,#8848,#8849,#8850,#8851,#8852,#8853,#8854,#8855,#8856,#8857,#8858,#8859,#8860,#8861,#8862,#8863,#8864,#8865,#8866,#8867,#8868,#8869,#8870,#8871,#8872,#8873,#8874,#8875,#8876,#8877,#8878,#8879,#8880,#8881,#8882,#8883,#8884,#8885,#8886,#8887,#8888,#8889,#8890,#8891,#8892,#8893,#8894,#8895,#8896,#8897,#8898,#8899,#8900,#8901,#8902,#8903,#8904,#8905,#8906,#8907,#8908,#8909,#8910,#8911,#8912,#8913,#8914,#8915,#8916,#8917,#8918,#8919,#8920,#8921,#8922,#8923,#8924,#8925,#8926,#8927,#8928,#8929,#8930,#8931,#8932,#8933,#8934,#8935,#8936,#8937,#8938,#8939,#8940,#8941,#8942,#8943,#8944,#8945,#8946,#8947,#8948,#8949,#8950,#8951,#8952,#8953,#8954,#8955,#8956,#8957,#8958,#8959,#8960,#8961,#8962,#8963,#8964,#8965,#8966,#8967,#8968,#8969,#8970,#8971,#8972,#8973,#8974,#8975,#8976,#8977,#8978,#8979,#8980,#8981,#8982,#8983,#8984,#8985,#8986,#8987,#8988,#8989,#8990,#8991,#8992,#8993,#8994,#8995,#8996,#8997,#8998,#8999,#9000,#9001,#9002,#9003,#9004,#9005,#9006,#9007,#9008,#9009,#9010,#9011,#9012,#9013,#9014,#9015,#9016,#9017,#9018,#9019,#9020,#9021,#9022,#9023,#9024,#9025,#9026,#9027,#9028,#9029,#9030,#9031,#9032,#9033,#9034,#9035,#9036,#9037,#9038,#9039,#9040,#9041,#9042,#9043,#9044,#9045,#9046,#9047,#9048,#9049,#9050,#9051,#9052,#9053,#9054,#9055,#9056,#9057,#9058,#9059,#9060,#9061,#9062,#9063,#9064,#9065,#9066,#9067,#9068,#9069,#9070,#9071,#9072,#9073,#9074,#9075,#9076,#9077,#9078,#9079,#9080,#9081,#9082,#9083,#9084,#9085,#9086,#9087,#9088,#9089,#9090,#9091,#9092,#9093,#9094,#9095,#9096,#9097,#9098,#9099,#9100,#9101,#9102,#9103,#9104,#9105,#9106,#9107,#9108,#9109,#9110,#9111,#9112,#9113,#9114,#9115,#9116,#9117,#9118,#9119,#9120,#9121,#9122,#9123,#9124,#9125,#9126,#9127,#9128,#9129,#9130,#9131,#9132,#9133,#9134,#9135,#9136,#9137,#9138,#9139,#9140,#9141,#9142,#9143,#9144,#9145,#9146,#9147,#9148,#9149,#9150,#9151,#9152,#9153,#9154,#9155,#9156,#9157,#9158,#9159,#9160,#9161,#9162,#9163,#9164,#9165,#9166,#9167,#9168,#9169,#9170,#9171,#9172,#9173,#9174,#9175,#9176,#9177,#9178,#9179,#9180,#9181,#9182,#9183,#9184,#9185,#9186,#9187,#9188,#9189,#9190,#9191,#9192,#9193,#9194,#9195,#9196,#9197,#9198,#9199,#9200,#9201,#9202,#9203,#9204,#9205,#9206,#9207,#9208,#9209,#9210,#9211,#9212,#9213,#9214,#9215,#9216,#9217,#9218,#9219,#9220,#9221,#9222,#9223,#9224,#9225,#9226,#9227,#9228,#9229,#9230,#9231,#9232,#9233,#9234,#9235,#9236,#9237,#9238,#9239,#9240,#9241,#9242,#9243,#9244,#9245,#9246,#9247,#9248,#9249,#9250,#9251,#9252,#9253,#9254,#9255,#9256,#9257,#9258,#9259,#9260,#9261,#9262,#9263,#9264,#9265,#9266,#9267,#9268,#9269,#9270,#9271,#9272,#9273,#9274,#9275,#9276,#9277,#9278,#9279,#9280,#9281,#9282,#9283,#9284,#9285,#9286,#9287,#9288,#9289,#9290,#9291,#9292,#9293,#9294,#9295,#9296,#9297,#9298,#9299,#9300,#9301,#9302,#9303,#9304,#9305,#9306,#9307,#9308,#9309,#9310,#9311,#9312,#9313,#9314,#9315,#9316,#9317,#9318,#9319,#9320,#9321,#9322,#9323,#9324,#9325,#9326,#9327,#9328,#9329,#9330,#9331,#9332,#9333,#9334,#9335,#9336,#9337,#9338,#9339,#9340,#9341,#9342,#9343,#9344,#9345,#9346,#9347,#9348,#9349,#9350,#9351,#9352,#9353,#9354,#9355,#9356,#9357,#9358,#9359,#9360,#9361,#9362,#9363,#9364,#9365,#9366,#9367,#9368,#9369,#9370,#9371,#9372,#9373,#9374,#9375,#9376,#9377,#9378,#9379,#9380,#9381,#9382,#9383,#9384,#9385,#9386,#9387,#9388,#9389,#9390,#9391,#9392,#9393,#9394,#9395,#9396,#9397,#9398,#9399,#9400,#9401,#9402,#9403,#9404,#9405,#9406,#9407,#9408,#9409,#9410,#9411,#9412,#9413,#9414,#9415,#9416,#9417,#9418,#9419,#9420,#9421,#9422,#9423,#9424,#9425,#9426,#9427,#9428,#9429,#9430,#9431,#9432,#9433,#9434,#9435,#9436,#9437,#9438,#9439,#9440,#9441,#9442,#9443,#9444,#9445,#9446,#9447,#9448,#9449,#9450,#9451,#9452,#9453,#9454,#9455,#9456,#9457,#9458,#9459,#9460,#9461,#9462,#9463,#9464,#9465,#9466,#9467,#9468,#9469,#9470,#9471,#9472,#9473,#9474,#9475,#9476,#9477,#9478,#9479,#9480,#9481,#9482,#9483,#9484,#9485,#9486,#9487,#9488,#9489,#9490,#9491,#9492,#9493,#9494,#9495,#9496,#9497,#9498,#9499,#9500,#9501,#9502,#9503,#9504,#9505,#9506,#9507,#9508,#9509,#9510,#9511,#9512,#9513,#9514,#9515,#9516,#9517,#9518,#9519,#9520,#9521,#9522,#9523,#9524,#9525,#9526,#9527,#9528,#9529,#9530,#9531,#9532,#9533,#9534,#9535,#9536,#9537,#9538,#9539,#9540,#9541,#9542,#9543,#9544,#9545,#9546,#9547,#9548,#9549,#9550,#9551,#9552,#9553,#9554,#9555,#9556,#9557,#9558,#9559,#9560,#9561,#9562,#9563,#9564,#9565,#9566,#9567,#9568,#9569,#9570,#9571,#9572,#9573,#9574,#9575,#9576,#9577,#9578,#9579,#9580,#9581,#9582,#9583,#9584,#9585,#9586,#9587,#9588,#9589,#9590,#9591,#9592,#9593,#9594,#9595,#9596,#9597,#9598,#9599,#9600,#9601,#9602,#9603,#9604,#9605,#9606,#9607,#9608,#9609,#9610,#9611,#9612,#9613,#9614,#9615,#9616,#9617,#9618,#9619,#9620,#9621,#9622,#9623,#9624,#9625,#9626,#9627,#9628,#9629,#9630,#9631,#9632,#9633,#9634,#9635,#9636,#9637,#9638,#9639,#9640,#9641,#9642,#9643,#9644,#9645,#9646,#9647,#9648,#9649,#9650,#9651,#9652,#9653,#9654,#9655,#9656,#9657,#9658,#9659,#9660,#9661,#9662,#9663,#9664,#9665,#9666,#9667,#9668,#9669,#9670,#9671,#9672,#9673,#9674,#9675,#9676,#9677,#9678,#9679,#9680,#9681,#9682,#9683,#9684,#9685,#9686,#9687,#9688,#9689,#9690,#9691,#9692,#9693,#9694,#9695,#9696,#9697,#9698,#9699,#9700,#9701,#9702,#9703,#9704,#9705,#9706,#9707,#9708,#9709,#9710,#9711,#9712,#9713,#9714,#9715,#9716,#9717,#9718,#9719,#9720,#9721,#9722,#9723,#9724,#9725,#9726,#9727,#9728,#9729,#9730,#9731,#9732,#9733,#9734,#9735,#9736,#9737,#9738,#9739,#9740,#9741,#9742,#9743,#9744,#9745,#9746,#9747,#9748,#9749,#9750,#9751,#9752,#9753,#9754,#9755,#9756,#9757,#9758,#9759,#9760,#9761,#9762,#9763,#9764,#9765,#9766,#9767,#9768,#9769,#9770,#9771,#9772,#9773,#9774,#9775,#9776,#9777,#9778,#9779,#9780,#9781,#9782,#9783,#9784,#9785,#9786,#9787,#9788,#9789,#9790,#9791,#9792,#9793,#9794,#9795,#9796,#9797,#9798,#9799,#9800,#9801,#9802,#9803,#9804,#9805,#9806,#9807,#9808,#9809,#9810,#9811,#9812,#9813,#9814,#9815,#9816,#9817,#9818,#9819,#9820,#9821,#9822,#9823,#9824,#9825,#9826,#9827,#9828,#9829,#9830,#9831,#9832,#9833,#9834,#9835,#9836,#9837,#9838,#9839,#9840,#9841,#9842,#9843,#9844,#9845,#9846,#9847,#9848,#9849,#9850,#9851,#9852,#9853,#9854,#9855,#9856,#9857,#9858,#9859,#9860,#9861,#9862,#9863,#9864,#9865,#9866,#9867,#9868,#9869,#9870,#9871,#9872,#9873,#9874,#9875,#9876,#9877,#9878,#9879,#9880,#9881,#9882,#9883,#9884,#9885,#9886,#9887,#9888,#9889,#9890,#9891,#9892,#9893,#9894,#9895,#9896,#9897,#9898,#9899,#9900,#9901,#9902,#9903,#9904,#9905,#9906,#9907,#9908,#9909,#9910,#9911,#9912,#9913,#9914,#9915,#9916,#9917,#9918,#9919,#9920,#9921,#9922,#9923,#9924,#9925,#9926,#9927,#9928,#9929,#9930,#9931,#9932,#9933,#9934,#9935,#9936,#9937,#9938,#9939,#9940,#9941,#9942,#9943,#9944,#9945,#9946,#9947,#9948,#9949,#9950,#9951,#9952,#9953,#9954,#9955,#9956,#9957,#9958,#9959,#9960,#9961,#9962,#9963,#9964,#9965,#9966,#9967,#9968,#9969,#9970,#9971,#9972,#9973,#9974,#9975,#9976,#9977,#9978,#9979,#9980,#9981,#9982,#9983,#9984,#9985,#9986,#9987,#9988,#9989,#9990,#9991,#9992,#9993,#9994,#9995,#9996,#9997,#9998,#9999,#10000,#10001,#10002,#10003,#10004,#10005,#10006,#10007,#10008,#10009,#10010,#10011,#10012,#10013,#10014,#10015,#10016,#10017,#10018,#10019,#10020,#10021,#10022,#10023,#10024,#10025,#10026,#10027,#10028,#10029,#10030,#10031,#10032,#10033,#10034,#10035,#10036,#10037,#10038,#10039,#10040,#10041,#10042,#10043,#10044,#10045,#10046,#10047,#10048,#10049,#10050,#10051,#10052,#10053,#10054,#10055,#10056,#10057,#10058,#10059,#10060,#10061,#10062,#10063,#10064,#10065,#10066,#10067,#10068,#10069,#10070,#10071,#10072,#10073,#10074,#10075,#10076,#10077,#10078,#10079,#10080,#10081,#10082,#10083,#10084,#10085,#10086,#10087,#10088,#10089,#10090,#10091,#10092,#10093,#10094,#10095,#10096,#10097,#10098,#10099,#10100,#10101,#10102,#10103,#10104,#10105,#10106,#10107,#10108,#10109,#10110,#10111,#10112,#10113,#10114,#10115,#10116,#10117,#10118,#10119,#10120,#10121,#10122,#10123,#10124,#10125,#10126,#10127,#10128,#10129,#10130,#10131,#10132,#10133,#10134,#10135,#10136,#10137,#10138,#10139,#10140,#10141,#10142,#10143,#10144,#10145,#10146,#10147,#10148,#10149,#10150,#10151,#10152,#10153,#10154,#10155,#10156,#10157,#10158,#10159,#10160,#10161,#10162,#10163,#10164,#10165,#10166,#10167,#10168,#10169,#10170,#10171,#10172,#10173,#10174,#10175,#10176,#10177,#10178,#10179,#10180,#10181,#10182,#10183,#10184,#10185,#10186,#10187,#10188,#10189,#10190,#10191,#10192,#10193,#10194,#10195,#10196,#10197,#10198,#10199,#10200,#10201,#10202,#10203,#10204,#10205,#10206,#10207,#10208,#10209,#10210,#10211,#10212,#10213,#10214,#10215,#10216,#10217,#10218,#10219,#10220,#10221,#10222,#10223,#10224,#10225,#10226,#10227,#10228,#10229,#10230,#10231,#10232,#10233,#10234,#10235,#10236,#10237,#10238,#10239,#10240,#10241,#10242,#10243,#10244,#10245,#10246,#10247,#10248,#10249,#10250,#10251,#10252,#10253,#10254,#10255,#10256,#10257,#10258,#10259,#10260,#10261,#10262,#10263,#10264,#10265,#10266,#10267,#10268,#10269,#10270,#10271,#10272,#10273,#10274,#10275,#10276,#10277,#10278,#10279,#10280,#10281,#10282,#10283,#10284,#10285,#10286,#10287,#10288,#10289,#10290,#10291,#10292,#10293,#10294,#10295,#10296,#10297,#10298,#10299,#10300,#10301,#10302,#10303,#10304,#10305,#10306,#10307,#10308,#10309,#10310,#10311,#10312,#10313,#10314,#10315,#10316,#10317,#10318,#10319,#10320,#10321,#10322,#10323,#10324,#10325,#10326,#10327,#10328,#10329,#10330,#10331,#10332,#10333,#10334,#10335,#10336,#10337,#10338,#10339,#10340,#10341,#10342,#10343,#10344,#10345,#10346,#10347,#10348,#10349,#10350,#10351,#10352,#10353,#10354,#10355,#10356,#10357,#10358,#10359,#10360,#10361,#10362,#10363,#10364,#10365,#10366,#10367,#10368,#10369,#10370,#10371,#10372,#10373,#10374,#10375,#10376,#10377,#10378,#10379,#10380,#10381,#10382,#10383,#10384,#10385,#10386,#10387,#10388,#10389,#10390,#10391,#10392,#10393,#10394,#10395,#10396,#10397,#10398,#10399,#10400,#10401,#10402,#10403,#10404,#10405,#10406,#10407,#10408,#10409,#10410,#10411,#10412,#10413,#10414,#10415,#10416,#10417,#10418,#10419,#10420,#10421,#10422,#10423,#10424,#10425,#10426,#10427,#10428,#10429,#10430,#10431,#10432,#10433,#10434,#10435,#10436,#10437,#10438,#10439,#10440,#10441,#10442,#10443,#10444,#10445,#10446,#10447,#10448,#10449,#10450,#10451,#10452,#10453,#10454,#10455,#10456,#10457,#10458,#10459,#10460,#10461,#10462,#10463,#10464,#10465,#10466,#10467,#10468,#10469,#10470,#10471,#10472,#10473,#10474,#10475,#10476,#10477,#10478,#10479,#10480,#10481,#10482,#10483,#10484,#10485,#10486,#10487,#10488,#10489,#10490,#10491,#10492,#10493,#10494,#10495,#10496,#10497,#10498,#10499,#10500,#10501,#10502,#10503,#10504,#10505,#10506,#10507,#10508,#10509,#10510,#10511,#10512,#10513,#10514,#10515,#10516,#10517,#10518,#10519,#10520,#10521,#10522,#10523,#10524,#10525,#10526,#10527,#10528,#10529,#10530,#10531,#10532,#10533,#10534,#10535,#10536,#10537,#10538,#10539,#10540,#10541,#10542,#10543,#10544,#10545,#10546,#10547,#10548,#10549,#10550,#10551,#10552,#10553,#10554,#10555,#10556,#10557,#10558,#10559,#10560,#10561,#10562,#10563,#10564,#10565,#10566,#10567,#10568,#10569,#10570,#10571,#10572,#10573,#10574,#10575,#10576,#10577,#10578,#10579,#10580,#10581,#10582,#10583,#10584,#10585,#10586,#10587,#10588,#10589,#10590,#10591,#10592,#10593,#10594,#10595,#10596,#10597,#10598,#10599,#10600,#10601,#10602,#10603,#10604,#10605,#10606,#10607,#10608,#10609,#10610,#10611,#10612,#10613,#10614,#10615,#10616,#10617,#10618,#10619,#10620,#10621,#10622,#10623,#10624,#10625,#10626,#10627,#10628,#10629,#10630,#10631,#10632,#10633,#10634,#10635,#10636,#10637,#10638,#10639,#10640,#10641,#10642,#10643,#10644,#10645,#10646,#10647,#10648,#10649,#10650,#10651,#10652,#10653,#10654,#10655,#10656,#10657,#10658,#10659,#10660,#10661,#10662,#10663,#10664,#10665,#10666,#10667,#10668,#10669,#10670,#10671,#10672,#10673,#10674,#10675,#10676,#10677,#10678,#10679,#10680,#10681,#10682,#10683,#10684,#10685,#10686,#10687,#10688,#10689,#10690,#10691,#10692,#10693,#10694,#10695,#10696,#10697,#10698,#10699,#10700,#10701,#10702,#10703,#10704,#10705,#10706,#10707,#10708,#10709,#10710,#10711,#10712,#10713,#10714,#10715,#10716,#10717,#10718,#10719,#10720,#10721,#10722,#10723,#10724,#10725,#10726,#10727,#10728,#10729,#10730,#10731,#10732,#10733,#10734,#10735,#10736,#10737,#10738,#10739,#10740,#10741,#10742,#10743,#10744,#10745,#10746,#10747,#10748,#10749,#10750,#10751,#10752,#10753,#10754,#10755,#10756,#10757,#10758,#10759,#10760,#10761,#10762,#10763,#10764,#10765,#10766,#10767,#10768,#10769,#10770,#10771,#10772,#10773,#10774,#10775,#10776,#10777,#10778,#10779,#10780,#10781,#10782,#10783,#10784,#10785,#10786,#10787,#10788,#10789,#10790,#10791,#10792,#10793,#10794,#10795,#10796,#10797,#10798,#10799,#10800,#10801,#10802,#10803,#10804,#10805,#10806,#10807,#10808,#10809),$);
#10811=IFCSHAPEREPRESENTATION(#15,'Body','Tessellation',(#10810));
#10812=IFCREPRESENTATIONMAP(#7507,#10811);
#10813=IFCBUILDINGELEMENTPROXYTYPE('2tMj73bJrFpAZ_Cinlqm1y',$,'Reaching',$,$,$,(#7489,#7503,#10812),$,'HUMAN',.USERDEFINED.);
#10814=IFCBUILDINGELEMENTPROXY('0khInzE$j1ogt7tX4jr8$o',$,'BuildingElementProxy',$,$,#10847,#10823,$,$);
#10815=IFCRELDEFINESBYTYPE('167wuOtIH71w$MDYx8TM0B',$,$,$,(#10814,#11135,#12274),#10813);
#10816=IFCCARTESIANPOINT((0.,0.,0.));
#10817=IFCDIRECTION((1.,0.,0.));
#10818=IFCDIRECTION((0.,1.,0.));
#10819=IFCDIRECTION((0.,0.,1.));
#10820=IFCCARTESIANTRANSFORMATIONOPERATOR3D(#10817,#10818,#10816,1.,#10819);
#10821=IFCMAPPEDITEM(#7489,#10820);
#10822=IFCSHAPEREPRESENTATION(#28,'Body','MappedRepresentation',(#10821));
#10823=IFCPRODUCTDEFINITIONSHAPE($,$,(#10822,#10830,#10837));
#10824=IFCCARTESIANPOINT((0.,0.,0.));
#10825=IFCDIRECTION((1.,0.,0.));
#10826=IFCDIRECTION((0.,1.,0.));
#10827=IFCDIRECTION((0.,0.,1.));
#10828=IFCCARTESIANTRANSFORMATIONOPERATOR3D(#10825,#10826,#10824,1.,#10827);
#10829=IFCMAPPEDITEM(#7503,#10828);
#10830=IFCSHAPEREPRESENTATION(#17,'Box','MappedRepresentation',(#10829));
#10831=IFCCARTESIANPOINT((0.,0.,0.));
#10832=IFCDIRECTION((1.,0.,0.));
#10833=IFCDIRECTION((0.,1.,0.));
#10834=IFCDIRECTION((0.,0.,1.));
#10835=IFCCARTESIANTRANSFORMATIONOPERATOR3D(#10832,#10833,#10831,1.,#10834);
#10836=IFCMAPPEDITEM(#10812,#10835);
#10837=IFCSHAPEREPRESENTATION(#15,'Body','MappedRepresentation',(#10836));
#10843=IFCCARTESIANPOINT((9.0053138732910156,5.4978194236755371,0.45427346229553223));
#10844=IFCDIRECTION((0.,0.,1.));
#10845=IFCDIRECTION((-0.99087393283843994,-0.13479197025299072,0.));
#10846=IFCAXIS2PLACEMENT3D(#10843,#10844,#10845);
#10847=IFCLOCALPLACEMENT(#1777,#10846);
#10848=IFCBUILDINGELEMENTPROXY('0vmtFliWb8AvhfUKgI4hUG',$,'BuildingElementProxy',$,$,#10904,#10884,$,$);
#10876=IFCRELDEFINESBYTYPE('0fMxa4vPv50xsBpuI$HwhT',$,$,$,(#10848),#7465);
#10877=IFCCARTESIANPOINT((0.,0.,0.));
#10878=IFCDIRECTION((1.,0.,0.));
#10879=IFCDIRECTION((0.,1.,0.));
#10880=IFCDIRECTION((0.,0.,1.));
#10881=IFCCARTESIANTRANSFORMATIONOPERATOR3D(#10878,#10879,#10877,1.,#10880);
#10882=IFCMAPPEDITEM(#4141,#10881);
#10883=IFCSHAPEREPRESENTATION(#28,'Body','MappedRepresentation',(#10882));
#10884=IFCPRODUCTDEFINITIONSHAPE($,$,(#10883,#10891,#10898));
#10885=IFCCARTESIANPOINT((0.,0.,0.));
#10886=IFCDIRECTION((1.,0.,0.));
#10887=IFCDIRECTION((0.,1.,0.));
#10888=IFCDIRECTION((0.,0.,1.));
#10889=IFCCARTESIANTRANSFORMATIONOPERATOR3D(#10886,#10887,#10885,1.,#10888);
#10890=IFCMAPPEDITEM(#4155,#10889);
#10891=IFCSHAPEREPRESENTATION(#17,'Box','MappedRepresentation',(#10890));
#10892=IFCCARTESIANPOINT((0.,0.,0.));
#10893=IFCDIRECTION((1.,0.,0.));
#10894=IFCDIRECTION((0.,1.,0.));
#10895=IFCDIRECTION((0.,0.,1.));
#10896=IFCCARTESIANTRANSFORMATIONOPERATOR3D(#10893,#10894,#10892,1.,#10895);
#10897=IFCMAPPEDITEM(#7464,#10896);
#10898=IFCSHAPEREPRESENTATION(#15,'Body','MappedRepresentation',(#10897));
#10900=IFCCARTESIANPOINT((7.9986162185668945,5.1729307174682617,0.45427346229553223));
#10901=IFCDIRECTION((0.,0.,1.));
#10902=IFCDIRECTION((-0.99087393283843994,-0.13479197025299072,0.));
#10903=IFCAXIS2PLACEMENT3D(#10900,#10901,#10902);
#10904=IFCLOCALPLACEMENT(#1777,#10903);
#10906=IFCRELDEFINESBYTYPE('3VfhMxcKz1IvXu2stW7Uey',$,$,$,(#12506,#12186,#12208,#12533,#12308,#12252),#3687);
#11135=IFCBUILDINGELEMENTPROXY('06mirac4X24edMCpeQjZLB',$,'BuildingElementProxy',$,$,#11277,#11148,$,$);
#11141=IFCCARTESIANPOINT((0.,0.,0.));
#11142=IFCDIRECTION((1.,0.,0.));
#11143=IFCDIRECTION((0.,1.,0.));
#11144=IFCDIRECTION((0.,0.,1.));
#11145=IFCCARTESIANTRANSFORMATIONOPERATOR3D(#11142,#11143,#11141,1.,#11144);
#11146=IFCMAPPEDITEM(#7489,#11145);
#11147=IFCSHAPEREPRESENTATION(#28,'Body','MappedRepresentation',(#11146));
#11148=IFCPRODUCTDEFINITIONSHAPE($,$,(#11147,#11155,#11162));
#11149=IFCCARTESIANPOINT((0.,0.,0.));
#11150=IFCDIRECTION((1.,0.,0.));
#11151=IFCDIRECTION((0.,1.,0.));
#11152=IFCDIRECTION((0.,0.,1.));
#11153=IFCCARTESIANTRANSFORMATIONOPERATOR3D(#11150,#11151,#11149,1.,#11152);
#11154=IFCMAPPEDITEM(#7503,#11153);
#11155=IFCSHAPEREPRESENTATION(#17,'Box','MappedRepresentation',(#11154));
#11156=IFCCARTESIANPOINT((0.,0.,0.));
#11157=IFCDIRECTION((1.,0.,0.));
#11158=IFCDIRECTION((0.,1.,0.));
#11159=IFCDIRECTION((0.,0.,1.));
#11160=IFCCARTESIANTRANSFORMATIONOPERATOR3D(#11157,#11158,#11156,1.,#11159);
#11161=IFCMAPPEDITEM(#10812,#11160);
#11162=IFCSHAPEREPRESENTATION(#15,'Body','MappedRepresentation',(#11161));
#11273=IFCCARTESIANPOINT((11.499470710754395,1.5107693672180176,0.45427346229553223));
#11274=IFCDIRECTION((0.,0.,1.));
#11275=IFCDIRECTION((-0.99087393283843994,-0.13479197025299072,0.));
#11276=IFCAXIS2PLACEMENT3D(#11273,#11274,#11275);
#11277=IFCLOCALPLACEMENT(#1777,#11276);
#11343=IFCCARTESIANPOINTLIST2D(((0.,0.),(0.,0.230000004172325),(15.610874250839373,0.230000004172325),(15.610874250839373,0.)),$);
#11344=IFCINDEXEDPOLYCURVE(#11343,(IFCLINEINDEX((1,2,3,4,1))),$);
#11345=IFCARBITRARYCLOSEDPROFILEDEF(.AREA.,$,#11344);
#11346=IFCCARTESIANPOINT((0.,0.,0.));
#11347=IFCDIRECTION((0.,0.,1.));
#11348=IFCDIRECTION((1.,0.,0.));
#11349=IFCAXIS2PLACEMENT3D(#11346,#11347,#11348);
#11350=IFCDIRECTION((0.,0.,1.));
#11351=IFCEXTRUDEDAREASOLID(#11345,#11349,#11350,3.2000000476837198);
#11352=IFCSHAPEREPRESENTATION(#15,'Body','SweptSolid',(#11351));
#11353=IFCCARTESIANPOINTLIST2D(((0.,0.),(15.610874250839373,0.)),$);
#11354=IFCINDEXEDPOLYCURVE(#11353,$,$);
#11355=IFCSHAPEREPRESENTATION(#27,'Axis','Curve2D',(#11354));
#11356=IFCCARTESIANPOINT((13.378869056701593,-3.3559312639201395,5.5511151231257827E-17));
#11357=IFCDIRECTION((0.,0.,1.));
#11358=IFCDIRECTION((-0.99999999999998868,1.5099580252808529E-07,0.));
#11359=IFCAXIS2PLACEMENT3D(#11356,#11357,#11358);
#11360=IFCLOCALPLACEMENT(#171,#11359);
#11465=IFCWALL('00kut4LAH4MPq1oEs4Unjh',$,'Wall',$,$,#11564,#11477,$,$);
#11472=IFCRELASSOCIATESMATERIAL('2ja3KpzqD5w8uKOu5CSuHM',$,$,$,(#11465),#11473);
#11473=IFCMATERIALLAYERSETUSAGE(#158,.AXIS2.,.POSITIVE.,0.,$);
#11474=IFCRELDEFINESBYPROPERTIES('0sDXDIVnn4neixqGXVKqk1',$,$,$,(#11465),#11475);
#11475=IFCPROPERTYSET('1ueQY7COH0DhdpnZBARhST',$,'EPset_Parametric',$,(#11476));
#11476=IFCPROPERTYSINGLEVALUE('Engine',$,IFCLABEL('Bonsai.DumbLayer2'),$);
#11477=IFCPRODUCTDEFINITIONSHAPE($,$,(#11559,#11556));
#11547=IFCCARTESIANPOINTLIST2D(((0.,0.),(0.,0.230000004172325),(2.4797078669071198,0.230000004172325),(2.4797078669071198,0.)),$);
#11548=IFCINDEXEDPOLYCURVE(#11547,(IFCLINEINDEX((1,2,3,4,1))),$);
#11549=IFCARBITRARYCLOSEDPROFILEDEF(.AREA.,$,#11548);
#11550=IFCCARTESIANPOINT((0.,0.,0.));
#11551=IFCDIRECTION((0.,0.,1.));
#11552=IFCDIRECTION((1.,0.,0.));
#11553=IFCAXIS2PLACEMENT3D(#11550,#11551,#11552);
#11554=IFCDIRECTION((0.,0.,1.));
#11555=IFCEXTRUDEDAREASOLID(#11549,#11553,#11554,2.8499999046325684);
#11556=IFCSHAPEREPRESENTATION(#15,'Body','SweptSolid',(#11555));
#11557=IFCCARTESIANPOINTLIST2D(((0.,0.),(2.4797078669071198,4.777973270364555E-07)),$);
#11558=IFCINDEXEDPOLYCURVE(#11557,$,$);
#11559=IFCSHAPEREPRESENTATION(#27,'Axis','Curve2D',(#11558));
#11560=IFCCARTESIANPOINT((11.082994739579512,-0.89030060172079806,5.9604644830901776E-08));
#11561=IFCDIRECTION((0.,0.,1.));
#11562=IFCDIRECTION((3.1391647326016301E-07,-0.99999999999995071,0.));
#11563=IFCAXIS2PLACEMENT3D(#11560,#11561,#11562);
#11564=IFCLOCALPLACEMENT(#171,#11563);
#11565=IFCWALL('0rwd46_vf1bO9CPbFwx3lz',$,'Wall',$,$,#11664,#11577,$,$);
#11571=IFCRELASSOCIATESMATERIAL('3Np7M8ESrEHxJ8JEyJjwNH',$,$,$,(#11565),#11572);
#11572=IFCMATERIALLAYERSETUSAGE(#158,.AXIS2.,.POSITIVE.,0.,$);
#11573=IFCRELDEFINESBYPROPERTIES('2jMkRwmFD3geYP$qVHOTXb',$,$,$,(#11565),#11574);
#11574=IFCPROPERTYSET('1MxzKqFK5FGAZUnT7CxmA1',$,'EPset_Parametric',$,(#11575));
#11575=IFCPROPERTYSINGLEVALUE('Engine',$,IFCLABEL('Bonsai.DumbLayer2'),$);
#11577=IFCPRODUCTDEFINITIONSHAPE($,$,(#11659,#11656));
#11647=IFCCARTESIANPOINTLIST2D(((0.,0.),(0.,0.230000004172325),(3.0140800476074219,0.230000004172325),(3.0140800476074219,0.)),$);
#11648=IFCINDEXEDPOLYCURVE(#11647,(IFCLINEINDEX((1,2,3,4,1))),$);
#11649=IFCARBITRARYCLOSEDPROFILEDEF(.AREA.,$,#11648);
#11650=IFCCARTESIANPOINT((0.,0.,0.));
#11651=IFCDIRECTION((0.,0.,1.));
#11652=IFCDIRECTION((1.,0.,0.));
#11653=IFCAXIS2PLACEMENT3D(#11650,#11651,#11652);
#11654=IFCDIRECTION((0.,0.,1.));
#11655=IFCEXTRUDEDAREASOLID(#11649,#11653,#11654,2.8499999046325684);
#11656=IFCSHAPEREPRESENTATION(#15,'Body','SweptSolid',(#11655));
#11657=IFCCARTESIANPOINTLIST2D(((0.,0.),(3.0140800476074219,-4.8209993108727645E-08)),$);
#11658=IFCINDEXEDPOLYCURVE(#11657,$,$);
#11659=IFCSHAPEREPRESENTATION(#27,'Axis','Curve2D',(#11658));
#11660=IFCCARTESIANPOINT((7.1829940487968527,-0.35592842102035732,5.9604644830901776E-08));
#11661=IFCDIRECTION((0.,0.,1.));
#11662=IFCDIRECTION((3.1391647326016301E-07,-0.99999999999995071,0.));
#11663=IFCAXIS2PLACEMENT3D(#11660,#11661,#11662);
#11664=IFCLOCALPLACEMENT(#171,#11663);
#11695=IFCSLAB('3uJhIcBEf9lhIBqmu$kK_X',$,'Slab',$,$,#12766,#11708,$,$);
#11703=IFCRELASSOCIATESMATERIAL('2xlIECmwr1J8dhfmVxolEa',$,$,$,(#11695),#11704);
#11704=IFCMATERIALLAYERSETUSAGE(#1783,.AXIS3.,.POSITIVE.,-0.15000000596046401,$);
#11705=IFCRELDEFINESBYPROPERTIES('2_hOsDiZL62f0w9B66DcHo',$,$,$,(#11695),#11706);
#11706=IFCPROPERTYSET('3rUPlm4Sj8S8RBuoudLeKX',$,'EPset_Parametric',$,(#11707));
#11707=IFCPROPERTYSINGLEVALUE('Engine',$,IFCLABEL('Bonsai.DumbLayer3'),$);
#11708=IFCPRODUCTDEFINITIONSHAPE($,$,(#11709));
#11709=IFCSHAPEREPRESENTATION(#15,'Body','SweptSolid',(#11710));
#11710=IFCEXTRUDEDAREASOLID(#11725,#11716,#11720,0.15000000596046401);
#11716=IFCAXIS2PLACEMENT3D(#11717,#11718,#11719);
#11717=IFCCARTESIANPOINT((-0.,-0.,-0.15000000596046401));
#11718=IFCDIRECTION((0.,0.,1.));
#11719=IFCDIRECTION((1.,0.,0.));
#11720=IFCDIRECTION((0.,0.,1.));
#11721=IFCCARTESIANPOINTLIST2D(((-0.74287569522857666,-0.37105333805084229),(-0.74287474155426025,5.91546630859375),(-6.6689004898071289,5.91546630859375),(-6.6689014434814453,-0.37107986211776733),(-0.74287569522857666,-0.37105333805084229)),$);
#11722=IFCINDEXEDPOLYCURVE(#11721,$,$);
#11723=IFCCARTESIANPOINTLIST2D(((-2.4611654281616211,1.9754648208618164),(-2.4611654281616211,4.3554649353027344),(-5.1811661720275879,4.3554649353027344),(-5.1811661720275879,1.9754500389099121),(-2.4611654281616211,1.9754648208618164)),$);
#11724=IFCINDEXEDPOLYCURVE(#11723,$,$);
#11725=IFCARBITRARYPROFILEDEFWITHVOIDS(.AREA.,$,#11722,(#11724));
#11726=IFCWALL('3mCs8Xs25EeuIr6lAzoPUL',$,'Wall',$,$,#12756,#11737,$,$);
#11732=IFCRELDEFINESBYPROPERTIES('2AaPUcqurFfufQmzXsxOr5',$,$,$,(#11726),#11733);
#11733=IFCPROPERTYSET('3X$Dw6Gbb9AQ0lO_lzADhl',$,'EPset_Parametric',$,(#11734));
#11734=IFCPROPERTYSINGLEVALUE('Engine',$,IFCLABEL('Bonsai.DumbLayer2'),$);
#11735=IFCRELASSOCIATESMATERIAL('2DRuyv9hT04QveXYSoKxd8',$,$,$,(#11726),#11736);
#11736=IFCMATERIALLAYERSETUSAGE(#162,.AXIS2.,.POSITIVE.,0.,$);
#11737=IFCPRODUCTDEFINITIONSHAPE($,$,(#11931,#11928));
#11751=IFCWALL('0fY6cPOJP8jAAt5Uuz$cLK',$,'Wall',$,$,#12751,#11762,$,$);
#11757=IFCRELASSOCIATESMATERIAL('2GY8EXTD95e8vNz3lrQFws',$,$,$,(#11751),#11758);
#11758=IFCMATERIALLAYERSETUSAGE(#162,.AXIS2.,.POSITIVE.,0.,$);
#11759=IFCRELDEFINESBYPROPERTIES('2wfZpyqOH49AugK9fB4z24',$,$,$,(#11751),#11760);
#11760=IFCPROPERTYSET('2VssUtOHTCHQeVOmA3A4ax',$,'EPset_Parametric',$,(#11761));
#11761=IFCPROPERTYSINGLEVALUE('Engine',$,IFCLABEL('Bonsai.DumbLayer2'),$);
#11762=IFCPRODUCTDEFINITIONSHAPE($,$,(#11894,#11891));
#11776=IFCWALL('21PdAj4aHCsv7bqQKuEbIm',$,'Wall',$,$,#12771,#11787,$,$);
#11782=IFCRELDEFINESBYPROPERTIES('2dij9Orz9FxQWZvpuv0GjT',$,$,$,(#11776),#11783);
#11783=IFCPROPERTYSET('3KYuWcciH4wOJqY$TTeHWi',$,'EPset_Parametric',$,(#11784));
#11784=IFCPROPERTYSINGLEVALUE('Engine',$,IFCLABEL('Bonsai.DumbLayer2'),$);
#11785=IFCRELASSOCIATESMATERIAL('1Sj51T4iPAMAbqEy5rO4xX',$,$,$,(#11776),#11786);
#11786=IFCMATERIALLAYERSETUSAGE(#162,.AXIS2.,.POSITIVE.,0.,$);
#11787=IFCPRODUCTDEFINITIONSHAPE($,$,(#11976,#11973));
#11801=IFCWALL('0QbcYEqWH3CeISmyytPEM_',$,'Wall',$,$,#12761,#11812,$,$);
#11807=IFCRELDEFINESBYPROPERTIES('3MouN2tZT39ulyH_jJiIJO',$,$,$,(#11801),#11808);
#11808=IFCPROPERTYSET('1OVxOjuuvAoxyNsYZCyDJh',$,'EPset_Parametric',$,(#11809));
#11809=IFCPROPERTYSINGLEVALUE('Engine',$,IFCLABEL('Bonsai.DumbLayer2'),$);
#11810=IFCRELASSOCIATESMATERIAL('3rICQJZuTAD8$OuH$Z3snB',$,$,$,(#11801),#11811);
#11811=IFCMATERIALLAYERSETUSAGE(#162,.AXIS2.,.POSITIVE.,0.,$);
#11812=IFCPRODUCTDEFINITIONSHAPE($,$,(#11963,#11960));
#11839=IFCRELCONNECTSPATHELEMENTS('2Z3xlxaozBUe08WgFflgZY',$,$,$,$,#11776,#11751,(),(),.ATSTART.,.ATSTART.);
#11881=IFCRELCONNECTSPATHELEMENTS('23pBq7Dbj75giwUHL$7Ud6',$,$,$,$,#11751,#11726,(),(),.ATSTART.,.ATEND.);
#11882=IFCCARTESIANPOINTLIST2D(((-0.15000000596046267,0.),(-1.1899665611967285E-08,0.15000000596046401),(2.3799983841281578,0.15000000596046401),(2.5299984009560923,0.)),$);
#11883=IFCINDEXEDPOLYCURVE(#11882,(IFCLINEINDEX((1,2,3,4,1))),$);
#11884=IFCARBITRARYCLOSEDPROFILEDEF(.AREA.,$,#11883);
#11885=IFCCARTESIANPOINT((0.,0.,0.));
#11886=IFCDIRECTION((0.,0.,1.));
#11887=IFCDIRECTION((1.,0.,0.));
#11888=IFCAXIS2PLACEMENT3D(#11885,#11886,#11887);
#11889=IFCDIRECTION((0.,0.,1.));
#11890=IFCEXTRUDEDAREASOLID(#11884,#11888,#11889,0.15000000596046448);
#11891=IFCSHAPEREPRESENTATION(#15,'Body','SweptSolid',(#11890));
#11892=IFCCARTESIANPOINTLIST2D(((0.,0.),(2.5299984009560923,-4.6603508963016793E-07)),$);
#11893=IFCINDEXEDPOLYCURVE(#11892,$,$);
#11894=IFCSHAPEREPRESENTATION(#27,'Axis','Curve2D',(#11893));
#11918=IFCRELCONNECTSPATHELEMENTS('2jSrzRhKHC_RH7ftFmlP77',$,$,$,$,#11726,#11801,(),(),.ATEND.,.ATEND.);
#11919=IFCCARTESIANPOINTLIST2D(((0.,0.),(0.15000002226633524,0.15000000596046401),(2.8699999182961196,0.15000000596046401),(3.0199999101611654,0.)),$);
#11920=IFCINDEXEDPOLYCURVE(#11919,(IFCLINEINDEX((1,2,3,4,1))),$);
#11921=IFCARBITRARYCLOSEDPROFILEDEF(.AREA.,$,#11920);
#11922=IFCCARTESIANPOINT((0.,0.,0.));
#11923=IFCDIRECTION((0.,0.,1.));
#11924=IFCDIRECTION((1.,0.,0.));
#11925=IFCAXIS2PLACEMENT3D(#11922,#11923,#11924);
#11926=IFCDIRECTION((0.,0.,1.));
#11927=IFCEXTRUDEDAREASOLID(#11921,#11925,#11926,0.15000000596046448);
#11928=IFCSHAPEREPRESENTATION(#15,'Body','SweptSolid',(#11927));
#11929=IFCCARTESIANPOINTLIST2D(((0.,0.),(2.8699999042007032,4.6603508963016793E-07)),$);
#11930=IFCINDEXEDPOLYCURVE(#11929,$,$);
#11931=IFCSHAPEREPRESENTATION(#27,'Axis','Curve2D',(#11930));
#11950=IFCRELCONNECTSPATHELEMENTS('0vWeJyHM5B7wDOSyda5tHm',$,$,$,$,#11801,#11776,(),(),.ATEND.,.ATSTART.);
#11951=IFCCARTESIANPOINTLIST2D(((0.,0.),(-0.15000001786012826,0.15000000596046401),(2.5299983869604286,0.15000000596046401),(2.3799983940325178,0.)),$);
#11952=IFCINDEXEDPOLYCURVE(#11951,(IFCLINEINDEX((1,2,3,4,1))),$);
#11953=IFCARBITRARYCLOSEDPROFILEDEF(.AREA.,$,#11952);
#11954=IFCCARTESIANPOINT((0.,0.,0.));
#11955=IFCDIRECTION((0.,0.,1.));
#11956=IFCDIRECTION((1.,0.,0.));
#11957=IFCAXIS2PLACEMENT3D(#11954,#11955,#11956);
#11958=IFCDIRECTION((0.,0.,1.));
#11959=IFCEXTRUDEDAREASOLID(#11953,#11957,#11958,0.15000000596046448);
#11960=IFCSHAPEREPRESENTATION(#15,'Body','SweptSolid',(#11959));
#11961=IFCCARTESIANPOINTLIST2D(((0.,0.),(2.52999839999298,-4.6603508963016793E-07)),$);
#11962=IFCINDEXEDPOLYCURVE(#11961,$,$);
#11963=IFCSHAPEREPRESENTATION(#27,'Axis','Curve2D',(#11962));
#11964=IFCCARTESIANPOINTLIST2D(((0.15000000596046234,0.),(1.6305872898452849E-08,0.15000000596046401),(3.0199999078255022,0.15000000596046401),(2.8699998855591669,0.)),$);
#11965=IFCINDEXEDPOLYCURVE(#11964,(IFCLINEINDEX((1,2,3,4,1))),$);
#11966=IFCARBITRARYCLOSEDPROFILEDEF(.AREA.,$,#11965);
#11967=IFCCARTESIANPOINT((0.,0.,0.));
#11968=IFCDIRECTION((0.,0.,1.));
#11969=IFCDIRECTION((1.,0.,0.));
#11970=IFCAXIS2PLACEMENT3D(#11967,#11968,#11969);
#11971=IFCDIRECTION((0.,0.,1.));
#11972=IFCEXTRUDEDAREASOLID(#11966,#11970,#11971,0.15000000596046448);
#11973=IFCSHAPEREPRESENTATION(#15,'Body','SweptSolid',(#11972));
#11974=IFCCARTESIANPOINTLIST2D(((0.,0.),(2.8699998855591669,4.6603508963016793E-07)),$);
#11975=IFCINDEXEDPOLYCURVE(#11974,$,$);
#11976=IFCSHAPEREPRESENTATION(#27,'Axis','Curve2D',(#11975));
#11982=IFCSLAB('3WUu24WvnF_BxzgjaVKJhV',$,'Slab',$,$,#12776,#11993,$,$);
#11988=IFCRELASSOCIATESMATERIAL('3fjgzThdb0pgawAmlEI6CO',$,$,$,(#11982),#11989);
#11989=IFCMATERIALLAYERSETUSAGE(#3811,.AXIS3.,.POSITIVE.,-0.0099999997764825821,$);
#11990=IFCRELDEFINESBYPROPERTIES('15iMhL_zr6wP72$5BEFZ5W',$,$,$,(#11982),#11991);
#11991=IFCPROPERTYSET('3Z51OHAkX5PfGlig5$oyEA',$,'EPset_Parametric',$,(#11992));
#11992=IFCPROPERTYSINGLEVALUE('Engine',$,IFCLABEL('Bonsai.DumbLayer3'),$);
#11993=IFCPRODUCTDEFINITIONSHAPE($,$,(#11994));
#11994=IFCSHAPEREPRESENTATION(#15,'Body','SweptSolid',(#11995));
#11995=IFCEXTRUDEDAREASOLID(#13837,#12001,#12005,0.0099999997764825821);
#12001=IFCAXIS2PLACEMENT3D(#12002,#12003,#12004);
#12002=IFCCARTESIANPOINT((-0.,-0.,-0.0099999997764825821));
#12003=IFCDIRECTION((0.,0.,1.));
#12004=IFCDIRECTION((1.,0.,0.));
#12005=IFCDIRECTION((0.,0.,1.));
#12088=IFCSLAB('1Sd2YZPwLDy9Tedrdfzdzn',$,'Slab',$,$,#12796,#12100,$,$);
#12095=IFCRELDEFINESBYPROPERTIES('1JSCX4iHHCLxVIpvQ8Bt$H',$,$,$,(#12088),#12096);
#12096=IFCPROPERTYSET('10zDol8eLAswpSYTyZeenj',$,'EPset_Parametric',$,(#12097));
#12097=IFCPROPERTYSINGLEVALUE('Engine',$,IFCLABEL('Bonsai.DumbLayer3'),$);
#12098=IFCRELASSOCIATESMATERIAL('1zV$FwHuz9hPgd0Q3h8YIy',$,$,$,(#12088),#12099);
#12099=IFCMATERIALLAYERSETUSAGE(#1783,.AXIS3.,.POSITIVE.,-0.15000000596046401,$);
#12100=IFCPRODUCTDEFINITIONSHAPE($,$,(#12101));
#12101=IFCSHAPEREPRESENTATION(#15,'Body','SweptSolid',(#12102));
#12102=IFCEXTRUDEDAREASOLID(#12103,#12108,#12112,0.15000000596046401);
#12103=IFCARBITRARYPROFILEDEFWITHVOIDS(.AREA.,$,#12104,(#12106));
#12104=IFCINDEXEDPOLYCURVE(#12105,$,$);
#12105=IFCCARTESIANPOINTLIST2D(((-1.2155376672744751,0.81698989868164062),(-1.2155367136001587,5.91546630859375),(-6.6689004898071289,5.91546630859375),(-6.6689014434814453,0.81696337461471558),(-1.2155376672744751,0.81698989868164062)),$);
#12106=IFCINDEXEDPOLYCURVE(#12107,$,$);
#12107=IFCCARTESIANPOINTLIST2D(((-2.3211665153503418,1.8654651641845703),(-2.3211662769317627,4.4654645919799805),(-5.3211660385131836,4.4654645919799805),(-5.3211660385131836,1.865450382232666),(-2.3211665153503418,1.8654651641845703)),$);
#12108=IFCAXIS2PLACEMENT3D(#12109,#12110,#12111);
#12109=IFCCARTESIANPOINT((-0.,-0.,-0.15000000596046401));
#12110=IFCDIRECTION((0.,0.,1.));
#12111=IFCDIRECTION((1.,0.,0.));
#12112=IFCDIRECTION((0.,0.,1.));
#12113=IFCWALL('2JQbbNuSX6uxqYW4SwjKiu',$,'Wall',$,$,#12781,#12125,$,$);
#12120=IFCRELASSOCIATESMATERIAL('2sWphNBBLDTeIjtD$JA9je',$,$,$,(#12113),#12121);
#12121=IFCMATERIALLAYERSETUSAGE(#158,.AXIS2.,.POSITIVE.,0.,$);
#12122=IFCRELDEFINESBYPROPERTIES('0cqdnZzoT8YRMbiufwdeu8',$,$,$,(#12113),#12123);
#12123=IFCPROPERTYSET('1kxYxRzJvFre$TelwvDoEx',$,'EPset_Parametric',$,(#12124));
#12124=IFCPROPERTYSINGLEVALUE('Engine',$,IFCLABEL('Bonsai.DumbLayer2'),$);
#12125=IFCPRODUCTDEFINITIONSHAPE($,$,(#12126,#12129));
#12126=IFCSHAPEREPRESENTATION(#27,'Axis','Curve2D',(#12127));
#12127=IFCINDEXEDPOLYCURVE(#12128,$,$);
#12128=IFCCARTESIANPOINTLIST2D(((0.,0.),(7.6700017104949998,0.)),$);
#12129=IFCSHAPEREPRESENTATION(#15,'Body','SweptSolid',(#12130));
#12130=IFCEXTRUDEDAREASOLID(#12131,#12134,#12138,0.79999947547912598);
#12131=IFCARBITRARYCLOSEDPROFILEDEF(.AREA.,$,#12132);
#12132=IFCINDEXEDPOLYCURVE(#12133,(IFCLINEINDEX((1,2,3,4,1))),$);
#12133=IFCCARTESIANPOINTLIST2D(((0.,0.),(-0.229999986807808,0.230000004172325),(7.9000017667608802,0.230000004172325),(7.6700017104949998,0.)),$);
#12134=IFCAXIS2PLACEMENT3D(#12135,#12136,#12137);
#12135=IFCCARTESIANPOINT((0.,0.,0.));
#12136=IFCDIRECTION((0.,0.,1.));
#12137=IFCDIRECTION((1.,0.,0.));
#12138=IFCDIRECTION((0.,0.,1.));
#12164=IFCCOLUMN('1BZNpRv3rBvxZpyk0Kn1H5',$,'Column',$,$,#12786,#12175,$,$);
#12170=IFCRELDEFINESBYPROPERTIES('30skJnkw16fgeaXAgPdhfp',$,$,$,(#12164),#12171);
#12171=IFCPROPERTYSET('3akac7ye53PR6U9xvHSnt_',$,'EPset_Parametric',$,(#12172));
#12172=IFCPROPERTYSINGLEVALUE('Engine',$,IFCLABEL('Bonsai.DumbProfile'),$);
#12173=IFCRELASSOCIATESMATERIAL('3TPrJiZGzAz82TK1l4d_sp',$,$,$,(#12164),#12174);
#12174=IFCMATERIALPROFILESETUSAGE(#3584,5,$);
#12175=IFCPRODUCTDEFINITIONSHAPE($,$,(#12176,#12179));
#12176=IFCSHAPEREPRESENTATION(#16,'Axis','Curve3D',(#12177));
#12177=IFCINDEXEDPOLYCURVE(#12178,$,.F.);
#12178=IFCCARTESIANPOINTLIST3D(((0.,0.,0.),(0.,0.,1.546581506729126)),$);
#12179=IFCSHAPEREPRESENTATION(#15,'Body','SweptSolid',(#12180));
#12180=IFCEXTRUDEDAREASOLID(#3582,#12181,#12185,1.5215814483584662);
#12181=IFCAXIS2PLACEMENT3D(#12182,#12183,#12184);
#12182=IFCCARTESIANPOINT((0.,0.,0.));
#12183=IFCDIRECTION((0.,0.,1.));
#12184=IFCDIRECTION((1.,0.,0.));
#12185=IFCDIRECTION((0.,0.,1.));
#12186=IFCBEAM('1PbwYgp3T8HemHrlZHTYNt',$,'Beam',$,$,#12806,#12197,$,$);
#12192=IFCRELASSOCIATESMATERIAL('33uS3dm0993xlLPrHc5wAn',$,$,$,(#12186),#12193);
#12193=IFCMATERIALPROFILESETUSAGE(#3690,5,$);
#12194=IFCRELDEFINESBYPROPERTIES('2RpPWw2LHBhR7PTneGMLsr',$,$,$,(#12186),#12195);
#12195=IFCPROPERTYSET('3BjHEzd0fBcfDqIyfM4Q6I',$,'EPset_Parametric',$,(#12196));
#12196=IFCPROPERTYSINGLEVALUE('Engine',$,IFCLABEL('Bonsai.DumbProfile'),$);
#12197=IFCPRODUCTDEFINITIONSHAPE($,$,(#12424,#12431));
#12208=IFCBEAM('0JAxUiMHjC8An$sBB16Kaa',$,'Beam',$,$,#12811,#12219,$,$);
#12214=IFCRELASSOCIATESMATERIAL('0OERBQeln9h9cM753aNzZh',$,$,$,(#12208),#12215);
#12215=IFCMATERIALPROFILESETUSAGE(#3690,5,$);
#12216=IFCRELDEFINESBYPROPERTIES('0tBv7wCzPCsQ9EMVkFGV7W',$,$,$,(#12208),#12217);
#12217=IFCPROPERTYSET('3X9UazsrfFf83oQr8valTF',$,'EPset_Parametric',$,(#12218));
#12218=IFCPROPERTYSINGLEVALUE('Engine',$,IFCLABEL('Bonsai.DumbProfile'),$);
#12219=IFCPRODUCTDEFINITIONSHAPE($,$,(#12439,#12446));
#12230=IFCCOLUMN('25ZeuynzH90OEabfbSTPAj',$,'Column',$,$,#12801,#12241,$,$);
#12236=IFCRELDEFINESBYPROPERTIES('0cO6YK_nXDvu_C4VsT_tAc',$,$,$,(#12230),#12237);
#12237=IFCPROPERTYSET('3$mvykQgX9gPzKYZjGalAI',$,'EPset_Parametric',$,(#12238));
#12238=IFCPROPERTYSINGLEVALUE('Engine',$,IFCLABEL('Bonsai.DumbProfile'),$);
#12239=IFCRELASSOCIATESMATERIAL('13nS6oOEf8yw4YZlZn1sNo',$,$,$,(#12230),#12240);
#12240=IFCMATERIALPROFILESETUSAGE(#3584,5,$);
#12241=IFCPRODUCTDEFINITIONSHAPE($,$,(#12408,#12415));
#12252=IFCBEAM('2TwwGrXSL0HOstsYv2poJJ',$,'Beam',$,$,#12841,#12263,$,$);
#12258=IFCRELASSOCIATESMATERIAL('2oa_51vJD52xcWrGxwb7MK',$,$,$,(#12252),#12259);
#12259=IFCMATERIALPROFILESETUSAGE(#3690,5,$);
#12260=IFCRELDEFINESBYPROPERTIES('3h_uTlKv9C8QCEHIEAdtUn',$,$,$,(#12252),#12261);
#12261=IFCPROPERTYSET('2wlwpfw4HAyuOWIfoSTZim',$,'EPset_Parametric',$,(#12262));
#12262=IFCPROPERTYSINGLEVALUE('Engine',$,IFCLABEL('Bonsai.DumbProfile'),$);
#12263=IFCPRODUCTDEFINITIONSHAPE($,$,(#12392,#12399));
#12274=IFCBUILDINGELEMENTPROXY('32fyl35BD10B60VMSDBbMX',$,'BuildingElementProxy',$,$,#12826,#12287,$,$);
#12280=IFCCARTESIANPOINT((0.,0.,0.));
#12281=IFCDIRECTION((1.,0.,0.));
#12282=IFCDIRECTION((0.,1.,0.));
#12283=IFCDIRECTION((0.,0.,1.));
#12284=IFCCARTESIANTRANSFORMATIONOPERATOR3D(#12281,#12282,#12280,1.,#12283);
#12285=IFCMAPPEDITEM(#7489,#12284);
#12286=IFCSHAPEREPRESENTATION(#28,'Body','MappedRepresentation',(#12285));
#12287=IFCPRODUCTDEFINITIONSHAPE($,$,(#12286,#12294,#12301));
#12288=IFCCARTESIANPOINT((0.,0.,0.));
#12289=IFCDIRECTION((1.,0.,0.));
#12290=IFCDIRECTION((0.,1.,0.));
#12291=IFCDIRECTION((0.,0.,1.));
#12292=IFCCARTESIANTRANSFORMATIONOPERATOR3D(#12289,#12290,#12288,1.,#12291);
#12293=IFCMAPPEDITEM(#7503,#12292);
#12294=IFCSHAPEREPRESENTATION(#17,'Box','MappedRepresentation',(#12293));
#12295=IFCCARTESIANPOINT((0.,0.,0.));
#12296=IFCDIRECTION((1.,0.,0.));
#12297=IFCDIRECTION((0.,1.,0.));
#12298=IFCDIRECTION((0.,0.,1.));
#12299=IFCCARTESIANTRANSFORMATIONOPERATOR3D(#12296,#12297,#12295,1.,#12298);
#12300=IFCMAPPEDITEM(#10812,#12299);
#12301=IFCSHAPEREPRESENTATION(#15,'Body','MappedRepresentation',(#12300));
#12302=IFCRELCONNECTSPATHELEMENTS('0TwKtmrdX4dh6SZL5JrZVk',$,$,$,$,#12186,#12164,(),(),.ATEND.,.ATPATH.);
#12308=IFCBEAM('2yAiwsuoT95w7zmioQNUNP',$,'Beam',$,$,#12791,#12319,$,$);
#12314=IFCRELASSOCIATESMATERIAL('3pdunvnBv7iAojImoaHXod',$,$,$,(#12308),#12315);
#12315=IFCMATERIALPROFILESETUSAGE(#3690,5,$);
#12316=IFCRELDEFINESBYPROPERTIES('3lz1S3QSX8GAZ6GMQWeAzA',$,$,$,(#12308),#12317);
#12317=IFCPROPERTYSET('1G$EyqnJj7jPJZlIyTTtM_',$,'EPset_Parametric',$,(#12318));
#12318=IFCPROPERTYSINGLEVALUE('Engine',$,IFCLABEL('Bonsai.DumbProfile'),$);
#12319=IFCPRODUCTDEFINITIONSHAPE($,$,(#13943,#13950));
#12390=IFCCARTESIANPOINTLIST3D(((7.2359085834250436E-08,3.9531852280560997E-07,1.0748249223979656E-07),(9.0490573256829521E-08,6.9478107889153762E-07,3.3599767684936523)),$);
#12391=IFCINDEXEDPOLYCURVE(#12390,$,.F.);
#12392=IFCSHAPEREPRESENTATION(#16,'Axis','Curve3D',(#12391));
#12393=IFCCARTESIANPOINT((0.,0.,0.));
#12394=IFCDIRECTION((0.,0.,1.));
#12395=IFCDIRECTION((1.,0.,0.));
#12396=IFCAXIS2PLACEMENT3D(#12393,#12394,#12395);
#12397=IFCDIRECTION((0.,0.,1.));
#12398=IFCEXTRUDEDAREASOLID(#3582,#12396,#12397,3.359976781129391);
#12399=IFCSHAPEREPRESENTATION(#15,'Body','SweptSolid',(#12398));
#12405=IFCRELCONNECTSPATHELEMENTS('20UsfljQX1ufNCNFg90Sru',$,$,'BUTT',$,#12208,#12230,(),(),.ATEND.,.ATPATH.);
#12406=IFCCARTESIANPOINTLIST3D(((0.,0.,0.),(0.,0.,1.5465812683105469)),$);
#12407=IFCINDEXEDPOLYCURVE(#12406,$,.F.);
#12408=IFCSHAPEREPRESENTATION(#16,'Axis','Curve3D',(#12407));
#12409=IFCCARTESIANPOINT((0.,0.,0.));
#12410=IFCDIRECTION((0.,0.,1.));
#12411=IFCDIRECTION((1.,0.,0.));
#12412=IFCAXIS2PLACEMENT3D(#12409,#12410,#12411);
#12413=IFCDIRECTION((0.,0.,1.));
#12414=IFCEXTRUDEDAREASOLID(#3582,#12412,#12413,1.5215816833954019);
#12415=IFCSHAPEREPRESENTATION(#15,'Body','SweptSolid',(#12414));
#12421=IFCRELCONNECTSPATHELEMENTS('3$3pw$8u125g_KOFcKTlmQ',$,$,'BUTT',$,#12186,#12208,(),(),.ATEND.,.ATSTART.);
#12422=IFCCARTESIANPOINTLIST3D(((-3.5122809549648082E-08,-1.8483919461687037E-07,0.024999504908919334),(2.1053381260571769E-08,-4.403978550726606E-07,3.4099769592285156)),$);
#12423=IFCINDEXEDPOLYCURVE(#12422,$,.F.);
#12424=IFCSHAPEREPRESENTATION(#16,'Axis','Curve3D',(#12423));
#12425=IFCCARTESIANPOINT((0.,0.,0.));
#12426=IFCDIRECTION((0.,0.,1.));
#12427=IFCDIRECTION((1.,0.,0.));
#12428=IFCAXIS2PLACEMENT3D(#12425,#12426,#12427);
#12429=IFCDIRECTION((0.,0.,1.));
#12430=IFCEXTRUDEDAREASOLID(#3582,#12428,#12429,3.4099769851042896);
#12431=IFCSHAPEREPRESENTATION(#15,'Body','SweptSolid',(#12430));
#12437=IFCCARTESIANPOINTLIST3D(((2.4788391783658881E-07,7.3582395998528227E-07,1.2373004665278131E-07),(3.845979676952993E-07,4.7712444484204752E-07,3.4265799522399902)),$);
#12438=IFCINDEXEDPOLYCURVE(#12437,$,.F.);
#12439=IFCSHAPEREPRESENTATION(#16,'Axis','Curve3D',(#12438));
#12440=IFCCARTESIANPOINT((0.,0.,0.));
#12441=IFCDIRECTION((0.,0.,1.));
#12442=IFCDIRECTION((1.,0.,0.));
#12443=IFCAXIS2PLACEMENT3D(#12440,#12441,#12442);
#12444=IFCDIRECTION((0.,0.,1.));
#12445=IFCEXTRUDEDAREASOLID(#3582,#12443,#12444,3.4015798488556106);
#12446=IFCSHAPEREPRESENTATION(#15,'Body','SweptSolid',(#12445));
#12457=IFCCOLUMN('1epNeH6E9FmvMbkefTcuzo',$,'Column',$,$,#12816,#12468,$,$);
#12463=IFCRELDEFINESBYPROPERTIES('1AXYrTabL7MP8Zu8U3yXJT',$,$,$,(#12457),#12464);
#12464=IFCPROPERTYSET('3NaaOBGOf8dwhNjGRFymOa',$,'EPset_Parametric',$,(#12465));
#12465=IFCPROPERTYSINGLEVALUE('Engine',$,IFCLABEL('Bonsai.DumbProfile'),$);
#12466=IFCRELASSOCIATESMATERIAL('3m_nqt_O19YxBZnDmzwCAZ',$,$,$,(#12457),#12467);
#12467=IFCMATERIALPROFILESETUSAGE(#3584,5,$);
#12468=IFCPRODUCTDEFINITIONSHAPE($,$,(#12469,#12472));
#12469=IFCSHAPEREPRESENTATION(#16,'Axis','Curve3D',(#12470));
#12470=IFCINDEXEDPOLYCURVE(#12471,$,.F.);
#12471=IFCCARTESIANPOINTLIST3D(((0.,0.,0.),(0.,0.,1.546581506729126)),$);
#12472=IFCSHAPEREPRESENTATION(#15,'Body','SweptSolid',(#12473));
#12473=IFCEXTRUDEDAREASOLID(#3582,#12474,#12478,1.5215814483584662);
#12474=IFCAXIS2PLACEMENT3D(#12475,#12476,#12477);
#12475=IFCCARTESIANPOINT((0.,0.,0.));
#12476=IFCDIRECTION((0.,0.,1.));
#12477=IFCDIRECTION((1.,0.,0.));
#12478=IFCDIRECTION((0.,0.,1.));
#12484=IFCCOLUMN('002mQEQpfC2AeBUQESWEuc',$,'Column',$,$,#12836,#12495,$,$);
#12490=IFCRELDEFINESBYPROPERTIES('3iD19wIRTDzua2h9ATIWHG',$,$,$,(#12484),#12491);
#12491=IFCPROPERTYSET('1kqCPAtgf3efYnjnvP1ZiX',$,'EPset_Parametric',$,(#12492));
#12492=IFCPROPERTYSINGLEVALUE('Engine',$,IFCLABEL('Bonsai.DumbProfile'),$);
#12493=IFCRELASSOCIATESMATERIAL('1sRVN_T9bD7xw9vD_bgHgU',$,$,$,(#12484),#12494);
#12494=IFCMATERIALPROFILESETUSAGE(#3584,5,$);
#12495=IFCPRODUCTDEFINITIONSHAPE($,$,(#12496,#12499));
#12496=IFCSHAPEREPRESENTATION(#16,'Axis','Curve3D',(#12497));
#12497=IFCINDEXEDPOLYCURVE(#12498,$,.F.);
#12498=IFCCARTESIANPOINTLIST3D(((0.,0.,0.),(0.,0.,1.546581506729126)),$);
#12499=IFCSHAPEREPRESENTATION(#15,'Body','SweptSolid',(#12500));
#12500=IFCEXTRUDEDAREASOLID(#3582,#12501,#12505,1.5215814483584662);
#12501=IFCAXIS2PLACEMENT3D(#12502,#12503,#12504);
#12502=IFCCARTESIANPOINT((0.,0.,0.));
#12503=IFCDIRECTION((0.,0.,1.));
#12504=IFCDIRECTION((1.,0.,0.));
#12505=IFCDIRECTION((0.,0.,1.));
#12506=IFCBEAM('3wOTJIDcXDTeSP0WuohFR3',$,'Beam',$,$,#12831,#12517,$,$);
#12512=IFCRELASSOCIATESMATERIAL('2brTbcttzBo8$6JJgjT0sb',$,$,$,(#12506),#12513);
#12513=IFCMATERIALPROFILESETUSAGE(#3690,5,$);
#12514=IFCRELDEFINESBYPROPERTIES('2BT1BBNhL5lP0mFE9Hcxu9',$,$,$,(#12506),#12515);
#12515=IFCPROPERTYSET('2n8_6fFQn37gyS_NEVha0T',$,'EPset_Parametric',$,(#12516));
#12516=IFCPROPERTYSINGLEVALUE('Engine',$,IFCLABEL('Bonsai.DumbProfile'),$);
#12517=IFCPRODUCTDEFINITIONSHAPE($,$,(#12573,#12580));
#12533=IFCBEAM('0qhF7ws1z5QeW0nuwu_Nib',$,'Beam',$,$,#12821,#12544,$,$);
#12539=IFCRELDEFINESBYPROPERTIES('27EONJwB93oAtou895JBAW',$,$,$,(#12533),#12540);
#12540=IFCPROPERTYSET('1aMiS8rtb5oxkIJfYCglvu',$,'EPset_Parametric',$,(#12541));
#12541=IFCPROPERTYSINGLEVALUE('Engine',$,IFCLABEL('Bonsai.DumbProfile'),$);
#12542=IFCRELASSOCIATESMATERIAL('0gRyDsnozFPPIm5KOQ$nFD',$,$,$,(#12533),#12543);
#12543=IFCMATERIALPROFILESETUSAGE(#3690,5,$);
#12544=IFCPRODUCTDEFINITIONSHAPE($,$,(#12558,#12565));
#12555=IFCRELCONNECTSPATHELEMENTS('3d2lMeJXb1EwsAz_NbRA$z',$,$,'BUTT',$,#12533,#12506,(),(),.ATEND.,.ATSTART.);
#12556=IFCCARTESIANPOINTLIST3D(((-2.5772806111490354E-10,-1.0676952655330751E-07,0.024999801069498062),(1.4521788216370624E-08,-3.7837986610611551E-07,3.6225874423980713)),$);
#12557=IFCINDEXEDPOLYCURVE(#12556,$,.F.);
#12558=IFCSHAPEREPRESENTATION(#16,'Axis','Curve3D',(#12557));
#12559=IFCCARTESIANPOINT((0.,0.,0.));
#12560=IFCDIRECTION((0.,0.,1.));
#12561=IFCDIRECTION((1.,0.,0.));
#12562=IFCAXIS2PLACEMENT3D(#12559,#12560,#12561);
#12563=IFCDIRECTION((0.,0.,1.));
#12564=IFCEXTRUDEDAREASOLID(#3582,#12562,#12563,3.6225872560553856);
#12565=IFCSHAPEREPRESENTATION(#15,'Body','SweptSolid',(#12564));
#12571=IFCCARTESIANPOINTLIST3D(((-1.6894750842766371E-07,-6.5205824739678064E-08,-4.5669708015338983E-09),(-7.4471643074502936E-08,-3.3728053949744208E-07,3.6037395000457764)),$);
#12572=IFCINDEXEDPOLYCURVE(#12571,$,.F.);
#12573=IFCSHAPEREPRESENTATION(#16,'Axis','Curve3D',(#12572));
#12574=IFCCARTESIANPOINT((0.,0.,0.));
#12575=IFCDIRECTION((0.,0.,1.));
#12576=IFCDIRECTION((1.,0.,0.));
#12577=IFCAXIS2PLACEMENT3D(#12574,#12575,#12576);
#12578=IFCDIRECTION((0.,0.,1.));
#12579=IFCEXTRUDEDAREASOLID(#3582,#12577,#12578,3.5787396964919775);
#12580=IFCSHAPEREPRESENTATION(#15,'Body','SweptSolid',(#12579));
#12581=IFCSLAB('3GdT$KTMb0oQC9_D3jd3IE',$,'Slab',$,$,#12947,#12592,$,$);
#12587=IFCRELDEFINESBYPROPERTIES('17xzVToOLBkgx$mRB1eYcc',$,$,$,(#12581),#12588);
#12588=IFCPROPERTYSET('1hxg865cvB9hYGm1Gh1sgX',$,'EPset_Parametric',$,(#12589));
#12589=IFCPROPERTYSINGLEVALUE('Engine',$,IFCLABEL('Bonsai.DumbLayer3'),$);
#12592=IFCPRODUCTDEFINITIONSHAPE($,$,(#12593));
#12593=IFCSHAPEREPRESENTATION(#15,'Body','SweptSolid',(#12594));
#12594=IFCEXTRUDEDAREASOLID(#12864,#12600,#12604,0.0099999997764825821);
#12600=IFCAXIS2PLACEMENT3D(#12601,#12602,#12603);
#12601=IFCCARTESIANPOINT((-0.,-0.,-0.0099999997764825821));
#12602=IFCDIRECTION((0.,0.,1.));
#12603=IFCDIRECTION((1.,0.,0.));
#12604=IFCDIRECTION((0.,0.,1.));
#12611=IFCELEMENTQUANTITY('1vRNo2XyT5vv$Io3EllDaQ',$,'Qto_SlabBaseQuantities',$,'BaseQuantities',(#12613,#12614,#12615,#12616,#12617,#12618,#12619,#12620));
#12612=IFCRELDEFINESBYPROPERTIES('01bEOk0L1CPwM_1B1J$nx9',$,$,$,(#12581),#12611);
#12613=IFCQUANTITYAREA('GrossArea',$,$,60.290847011557844,$);
#12614=IFCQUANTITYVOLUME('GrossVolume',$,$,0.60290845663952386,$);
#12615=IFCQUANTITYLENGTH('Depth',$,$,0.0099999997764825804,$);
#12616=IFCQUANTITYLENGTH('Length',$,$,8.2028303146362305,$);
#12617=IFCQUANTITYAREA('NetArea',$,$,60.290847011557844,$);
#12618=IFCQUANTITYVOLUME('NetVolume',$,$,0.60290845663952386,$);
#12619=IFCQUANTITYLENGTH('Perimeter',$,$,31.105671405792236,$);
#12620=IFCQUANTITYLENGTH('Width',$,$,7.3500053882598877,$);
#12690=IFCSLAB('3rXNNWj4r1PedbBSn7X2Fy',$,'Plane',$,$,#12851,#12696,$,.ROOF.);
#12696=IFCPRODUCTDEFINITIONSHAPE($,$,(#12697));
#12697=IFCSHAPEREPRESENTATION(#15,'Body','Tessellation',(#12698));
#12698=IFCPOLYGONALFACESET(#12699,$,(#12700,#12701,#12702,#12703),$);
#12699=IFCCARTESIANPOINTLIST3D(((1.7013936042785645,11.068787574768066,1.3122279644012451),(1.7013916969299316,-1.0000002384185791,1.3122279644012451),(3.7941205501556396,-1.,0.),(-0.38120955228805542,11.068787574768066,0.037374377250671387),(-0.38121151924133301,-1.0000001192092896,0.037374377250671387),(3.7941224575042725,11.068787574768066,0.)),$);
#12700=IFCINDEXEDPOLYGONALFACE((1,2,3));
#12701=IFCINDEXEDPOLYGONALFACE((4,5,2));
#12702=IFCINDEXEDPOLYGONALFACE((3,6,1));
#12703=IFCINDEXEDPOLYGONALFACE((2,1,4));
#12704=IFCSLAB('19P522yKz3YxJrzniRmYRW',$,'Plane',$,$,#12856,#12710,$,.ROOF.);
#12710=IFCPRODUCTDEFINITIONSHAPE($,$,(#12711));
#12711=IFCSHAPEREPRESENTATION(#15,'Body','Tessellation',(#12712));
#12712=IFCPOLYGONALFACESET(#12713,$,(#12714,#12715,#12716,#12717),$);
#12713=IFCCARTESIANPOINTLIST3D(((-0.72487056255340576,4.4122166633605957,2.7221255302429199),(-0.72487038373947144,-1.3805150985717773,2.7221255302429199),(3.7941205501556396,-5.0025768280029297,0.),(-4.651237964630127,8.6003923416137695,0.1710946261882782),(-4.651237964630127,-5.0025768280029297,0.1710946261882782),(3.7941205501556396,8.6003923416137695,0.)),$);
#12714=IFCINDEXEDPOLYGONALFACE((1,2,3));
#12715=IFCINDEXEDPOLYGONALFACE((4,5,2));
#12716=IFCINDEXEDPOLYGONALFACE((3,6,1));
#12717=IFCINDEXEDPOLYGONALFACE((2,1,4));
#12728=IFCSLAB('31B3U3DFr6kQynao8S4BML',$,'Plane',$,$,#12861,#12734,$,.ROOF.);
#12734=IFCPRODUCTDEFINITIONSHAPE($,$,(#12735));
#12735=IFCSHAPEREPRESENTATION(#15,'Body','Tessellation',(#12736));
#12736=IFCPOLYGONALFACESET(#12737,$,(#12738,#12739,#12740,#12741),$);
#12737=IFCCARTESIANPOINTLIST3D(((1.7013936042785645,11.068787574768066,1.3122279644012451),(1.7013916969299316,-1.0000002384185791,1.3122279644012451),(3.7941205501556396,-1.,0.),(-0.38120955228805542,11.068787574768066,0.037374377250671387),(-0.38121151924133301,-1.0000001192092896,0.037374377250671387),(3.7941224575042725,11.068787574768066,0.)),$);
#12738=IFCINDEXEDPOLYGONALFACE((1,2,3));
#12739=IFCINDEXEDPOLYGONALFACE((4,5,2));
#12740=IFCINDEXEDPOLYGONALFACE((3,6,1));
#12741=IFCINDEXEDPOLYGONALFACE((2,1,4));
#12747=IFCCARTESIANPOINT((8.4219827651977539,4.4125704765319824,3.0000000596046448));
#12748=IFCDIRECTION((0.,0.,1.));
#12749=IFCDIRECTION((3.1391647326017846E-07,-1.,0.));
#12750=IFCAXIS2PLACEMENT3D(#12747,#12748,#12749);
#12751=IFCLOCALPLACEMENT(#171,#12750);
#12752=IFCCARTESIANPOINT((8.4219827651977539,1.8825720548629761,3.0000000596046448));
#12753=IFCDIRECTION((0.,0.,1.));
#12754=IFCDIRECTION((1.,2.384185791015625E-07,0.));
#12755=IFCAXIS2PLACEMENT3D(#12752,#12753,#12754);
#12756=IFCLOCALPLACEMENT(#171,#12755);
#12757=IFCCARTESIANPOINT((11.291982650756836,4.4125714302062988,3.0000000596046448));
#12758=IFCDIRECTION((0.,0.,1.));
#12759=IFCDIRECTION((3.1391647326017846E-07,-1.,0.));
#12760=IFCAXIS2PLACEMENT3D(#12757,#12758,#12759);
#12761=IFCLOCALPLACEMENT(#171,#12760);
#12762=IFCCARTESIANPOINT((13.753149032592773,0.057106494903564453,0.45000004768371582));
#12763=IFCDIRECTION((0.,0.,1.));
#12764=IFCDIRECTION((1.,0.,0.));
#12765=IFCAXIS2PLACEMENT3D(#12762,#12763,#12764);
#12766=IFCLOCALPLACEMENT(#1777,#12765);
#12767=IFCCARTESIANPOINT((8.4219827651977539,4.4125704765319824,3.0000000596046448));
#12768=IFCDIRECTION((0.,0.,1.));
#12769=IFCDIRECTION((1.,2.384185791015625E-07,0.));
#12770=IFCAXIS2PLACEMENT3D(#12767,#12768,#12769);
#12771=IFCLOCALPLACEMENT(#171,#12770);
#12772=IFCCARTESIANPOINT((10.839204788208008,4.8392038345336914,3.1599999070167542));
#12773=IFCDIRECTION((0.,0.,1.));
#12774=IFCDIRECTION((1.,0.,0.));
#12775=IFCAXIS2PLACEMENT3D(#12772,#12773,#12774);
#12776=IFCLOCALPLACEMENT(#171,#12775);
#12777=IFCCARTESIANPOINT((12.537610054016113,8.5440711975097656,2.8500004410743713));
#12778=IFCDIRECTION((0.,0.,1.));
#12779=IFCDIRECTION((3.1391647326017846E-07,-1.,0.));
#12780=IFCAXIS2PLACEMENT3D(#12777,#12778,#12779);
#12781=IFCLOCALPLACEMENT(#171,#12780);
#12782=IFCCARTESIANPOINT((11.466982841491699,1.752346396446228,3.0000000596046448));
#12783=IFCDIRECTION((0.,0.,1.));
#12784=IFCDIRECTION((1.,0.,0.));
#12785=IFCAXIS2PLACEMENT3D(#12782,#12783,#12784);
#12786=IFCLOCALPLACEMENT(#171,#12785);
#12787=IFCCARTESIANPOINT((11.466982841491699,1.7773463726043701,3.0249996781349182));
#12788=IFCDIRECTION((-8.7422826311467361E-08,1.,-3.1391647326017846E-07));
#12789=IFCDIRECTION((-1.,-8.7422705519202282E-08,3.8941436741879443E-07));
#12790=IFCAXIS2PLACEMENT3D(#12787,#12788,#12789);
#12791=IFCLOCALPLACEMENT(#171,#12790);
#12792=IFCCARTESIANPOINT((19.110891342163086,0.057106494903564453,1.25));
#12793=IFCDIRECTION((0.,0.,1.));
#12794=IFCDIRECTION((1.,0.,0.));
#12795=IFCAXIS2PLACEMENT3D(#12792,#12793,#12794);
#12796=IFCLOCALPLACEMENT(#1777,#12795);
#12797=IFCCARTESIANPOINT((11.566983222961426,1.8575729131698608,3.0000000596046448));
#12798=IFCDIRECTION((0.,0.,1.));
#12799=IFCDIRECTION((1.,0.,0.));
#12800=IFCAXIS2PLACEMENT3D(#12797,#12798,#12799);
#12801=IFCLOCALPLACEMENT(#171,#12800);
#12802=IFCCARTESIANPOINT((11.591983795166016,1.7523469924926758,4.5465810894966125));
#12803=IFCDIRECTION((-1.,-1.9470719792025193E-07,7.5497901264043321E-08));
#12804=IFCDIRECTION((1.9470718370939721E-07,-1.,-8.9406981373940653E-08));
#12805=IFCAXIS2PLACEMENT3D(#12802,#12803,#12804);
#12806=IFCLOCALPLACEMENT(#171,#12805);
#12807=IFCCARTESIANPOINT((11.566983222961426,5.178926944732666,4.5465810894966125));
#12808=IFCDIRECTION((2.3841860752327193E-07,-1.,7.5497901264043321E-08));
#12809=IFCDIRECTION((1.,2.384185791015625E-07,-1.9470714107683307E-07));
#12810=IFCAXIS2PLACEMENT3D(#12807,#12808,#12809);
#12811=IFCLOCALPLACEMENT(#171,#12810);
#12812=IFCCARTESIANPOINT((11.466982841491699,1.752346396446228,4.540732204914093));
#12813=IFCDIRECTION((0.,-0.7660444974899292,0.64278757572174072));
#12814=IFCDIRECTION((1.,0.,0.));
#12815=IFCAXIS2PLACEMENT3D(#12812,#12813,#12814);
#12816=IFCLOCALPLACEMENT(#171,#12815);
#12817=IFCCARTESIANPOINT((12.758774757385254,0.58790332078933716,5.4784649014472961));
#12818=IFCDIRECTION((-1.,-7.5497887053188606E-08,-4.3711388286737929E-08));
#12819=IFCDIRECTION((7.5497901264043321E-08,-1.,-2.6822087306754838E-07));
#12820=IFCAXIS2PLACEMENT3D(#12817,#12818,#12819);
#12821=IFCLOCALPLACEMENT(#171,#12820);
#12822=IFCCARTESIANPOINT((11.499470710754395,1.5107693672180176,0.45427346229553223));
#12823=IFCDIRECTION((0.,0.,1.));
#12824=IFCDIRECTION((-0.99087393283843994,-0.13479197025299072,0.));
#12825=IFCAXIS2PLACEMENT3D(#12822,#12823,#12824);
#12826=IFCLOCALPLACEMENT(#1777,#12825);
#12827=IFCCARTESIANPOINT((12.733774185180664,4.1916427612304688,5.4784649014472961));
#12828=IFCDIRECTION((2.3841860752327193E-07,-1.,7.5497901264043321E-08));
#12829=IFCDIRECTION((1.,2.384185791015625E-07,-1.9470714107683307E-07));
#12830=IFCAXIS2PLACEMENT3D(#12827,#12828,#12829);
#12831=IFCLOCALPLACEMENT(#171,#12830);
#12832=IFCCARTESIANPOINT((11.566171646118164,1.8575729131698608,4.540732204914093));
#12833=IFCDIRECTION((0.7660444974899292,8.2591292027700547E-08,0.64278757572174072));
#12834=IFCDIRECTION((-4.3711388286737929E-08,1.,-7.6396034387471445E-08));
#12835=IFCAXIS2PLACEMENT3D(#12832,#12833,#12834);
#12836=IFCLOCALPLACEMENT(#171,#12835);
#12837=IFCCARTESIANPOINT((11.541983604431152,1.8575729131698608,3.0249996781349182));
#12838=IFCDIRECTION((-1.,-1.9470719792025193E-07,7.5497901264043321E-08));
#12839=IFCDIRECTION((1.9470718370939721E-07,-1.,-5.9604673197100055E-08));
#12840=IFCAXIS2PLACEMENT3D(#12837,#12838,#12839);
#12841=IFCLOCALPLACEMENT(#171,#12840);
#12847=IFCCARTESIANPOINT((11.647392272949219,6.2437829971313477,0.45000004768371582));
#12848=IFCDIRECTION((0.,0.,1.));
#12849=IFCDIRECTION((-2.8212997449372779E-07,1.,0.));
#12850=IFCAXIS2PLACEMENT3D(#12847,#12848,#12849);
#12851=IFCLOCALPLACEMENT(#1777,#12850);
#12852=IFCCARTESIANPOINT((4.0778589248657227,1.6440706253051758,0.45000004768371582));
#12853=IFCDIRECTION((0.,0.,1.));
#12854=IFCDIRECTION((1.,0.,0.));
#12855=IFCAXIS2PLACEMENT3D(#12852,#12853,#12854);
#12856=IFCLOCALPLACEMENT(#1777,#12855);
#12857=IFCCARTESIANPOINT((11.647395133972168,-3.0115516185760498,0.45000004768371582));
#12858=IFCDIRECTION((0.,0.,1.));
#12859=IFCDIRECTION((-2.8212997449372779E-07,1.,0.));
#12860=IFCAXIS2PLACEMENT3D(#12857,#12858,#12859);
#12861=IFCLOCALPLACEMENT(#1777,#12860);
#12862=IFCCARTESIANPOINTLIST2D(((-4.1751518249511719,1.3089277744293213),(2.3607082366943359,1.3089277744293213),(2.3607082366943359,-4.5474176406860352),(-4.1751518249511719,-4.5474176406860352),(-4.1751518249511719,1.3089277744293213)),$);
#12863=IFCINDEXEDPOLYCURVE(#12862,$,$);
#12864=IFCARBITRARYCLOSEDPROFILEDEF(.AREA.,$,#12863);
#12870=IFCANNOTATION('0O8pOi9ID3_BUPSpavhqAV',$,'PERSPECTIVE',$,'DRAWING',#14008,#12886,.USERDEFINED.);
#12886=IFCPRODUCTDEFINITIONSHAPE($,$,(#14023));
#12887=IFCGROUP('0DVILF1bTCYvFgNUw3oFQz',$,'PERSPECTIVE',$,'DRAWING');
#12888=IFCRELASSIGNSTOGROUP('2hmd2Skj5Eef9dKrKA_thM',$,$,$,(#12870),$,#12887);
#12889=IFCPROPERTYSET('1ojW9uj45F0xgH$dxI108n',$,'EPset_Drawing',$,(#12891,#12892,#12893,#12894,#12895,#12896,#12897,#12898,#12899,#12900,#12901,#12902,#12903));
#12890=IFCRELDEFINESBYPROPERTIES('0vajHcY$rBafQ_8Me_xsjb',$,$,$,(#12870),#12889);
#12891=IFCPROPERTYSINGLEVALUE('TargetView',$,IFCLABEL('MODEL_VIEW'),$);
#12892=IFCPROPERTYSINGLEVALUE('Scale',$,IFCLABEL('1/100'),$);
#12893=IFCPROPERTYSINGLEVALUE('HumanScale',$,IFCLABEL('1:100'),$);
#12894=IFCPROPERTYSINGLEVALUE('HasUnderlay',$,IFCBOOLEAN(.F.),$);
#12895=IFCPROPERTYSINGLEVALUE('HasLinework',$,IFCBOOLEAN(.T.),$);
#12896=IFCPROPERTYSINGLEVALUE('HasAnnotation',$,IFCBOOLEAN(.T.),$);
#12897=IFCPROPERTYSINGLEVALUE('GlobalReferencing',$,IFCBOOLEAN(.T.),$);
#12898=IFCPROPERTYSINGLEVALUE('Stylesheet',$,IFCTEXT('drawings/assets/default.css'),$);
#12899=IFCPROPERTYSINGLEVALUE('Markers',$,IFCTEXT('drawings/assets/markers.svg'),$);
#12900=IFCPROPERTYSINGLEVALUE('Symbols',$,IFCTEXT('drawings/assets/symbols.svg'),$);
#12901=IFCPROPERTYSINGLEVALUE('Patterns',$,IFCTEXT('drawings/assets/patterns.svg'),$);
#12902=IFCPROPERTYSINGLEVALUE('ShadingStyles',$,IFCTEXT('drawings/assets/shading_styles.json'),$);
#12903=IFCPROPERTYSINGLEVALUE('CurrentShadingStyle',$,IFCLABEL('Plan'),$);
#12904=IFCDOCUMENTINFORMATION('X','PERSPECTIVE',$,$,$,$,'DRAWING',$,$,$,$,$,$,$,$,$,$);
#12905=IFCRELASSOCIATESDOCUMENT('3RR487SKr8r8VNAZq_CSuQ',$,$,$,(#1),#12904);
#12906=IFCDOCUMENTREFERENCE('drawings/PERSPECTIVE.svg','X',$,$,#12904);
#12907=IFCRELASSOCIATESDOCUMENT('2kFeRDEGD5buNbqr89gRdV',$,$,$,(#12870),#12906);
#12943=IFCCARTESIANPOINT((10.839204788208008,4.8392038345336914,4.8100002408027649));
#12944=IFCDIRECTION((0.,0.,1.));
#12945=IFCDIRECTION((1.,0.,0.));
#12946=IFCAXIS2PLACEMENT3D(#12943,#12944,#12945);
#12947=IFCLOCALPLACEMENT(#171,#12946);
#12948=IFCWALL('0hrpCiKxfEUx6hWFewEu4I',$,'Wall',$,$,#13446,#12959,$,$);
#12954=IFCRELDEFINESBYPROPERTIES('2W$dGjvbfAaekWIV$pm8C$',$,$,$,(#12948),#12955);
#12955=IFCPROPERTYSET('1eZfF16izC_BaFF5zvwMk$',$,'EPset_Parametric',$,(#12956));
#12956=IFCPROPERTYSINGLEVALUE('Engine',$,IFCLABEL('Bonsai.DumbLayer2'),$);
#12959=IFCPRODUCTDEFINITIONSHAPE($,$,(#13462,#13459));
#12973=IFCWALLTYPE('34FP4MEDfDxAVvyK8vuCb$',$,'WAL7cm',$,$,$,$,$,$,.SOLIDWALL.);
#12974=IFCRELASSOCIATESMATERIAL('3WeRniVpP5aBzsESIyldRo',$,$,$,(#12973),#12975);
#12975=IFCMATERIALLAYERSET((#12976),$,$);
#12976=IFCMATERIALLAYER(#156,0.070000000298023224,$,$,$,$,$);
#12977=IFCRELDEFINESBYTYPE('2i49YguxT8NAb3inL34RBQ',$,$,$,(#12948,#13463,#13492,#13521,#13550,#13579,#13608,#13637,#13666,#13695,#13724,#13753),#12973);
#12978=IFCMATERIALLAYERSETUSAGE(#12975,.AXIS2.,.NEGATIVE.,0.,$);
#12979=IFCRELASSOCIATESMATERIAL('1IHgDVHFrETv$acp5vg9Oa',$,$,$,(#12948),#12978);
#13442=IFCCARTESIANPOINT((8.7919816970825195,4.4159131050109863,2.9000001549720764));
#13443=IFCDIRECTION((0.,0.,1.));
#13444=IFCDIRECTION((3.1391647326017846E-07,-1.,0.));
#13445=IFCAXIS2PLACEMENT3D(#13442,#13443,#13444);
#13446=IFCLOCALPLACEMENT(#171,#13445);
#13450=IFCCARTESIANPOINTLIST2D(((0.,-0.070000000298023224),(0.,0.),(2.3833408355712891,0.),(2.3833408355712891,-0.070000000298023224)),$);
#13451=IFCINDEXEDPOLYCURVE(#13450,(IFCLINEINDEX((1,2,3,4,1))),$);
#13452=IFCARBITRARYCLOSEDPROFILEDEF(.AREA.,$,#13451);
#13453=IFCCARTESIANPOINT((0.,0.,0.));
#13454=IFCDIRECTION((0.,0.,1.));
#13455=IFCDIRECTION((1.,0.,0.));
#13456=IFCAXIS2PLACEMENT3D(#13453,#13454,#13455);
#13457=IFCDIRECTION((0.,0.,1.));
#13458=IFCEXTRUDEDAREASOLID(#13452,#13456,#13457,0.25);
#13459=IFCSHAPEREPRESENTATION(#15,'Body','SweptSolid',(#13458));
#13460=IFCCARTESIANPOINTLIST2D(((0.,0.),(2.3833408355712891,3.8701060134371801E-07)),$);
#13461=IFCINDEXEDPOLYCURVE(#13460,$,$);
#13462=IFCSHAPEREPRESENTATION(#27,'Axis','Curve2D',(#13461));
#13463=IFCWALL('2ePr12FQn81fNi50MwT6ym',$,'Wall',$,$,#13867,#13474,$,$);
#13469=IFCRELDEFINESBYPROPERTIES('09VmJQ32f6twBmpjdJjiua',$,$,$,(#13463),#13470);
#13470=IFCPROPERTYSET('1AbTybqln7neZnh2jZxFiS',$,'EPset_Parametric',$,(#13471));
#13471=IFCPROPERTYSINGLEVALUE('Engine',$,IFCLABEL('Bonsai.DumbLayer2'),$);
#13472=IFCRELASSOCIATESMATERIAL('1ucVXN$hH1OhnxiExeDSKc',$,$,$,(#13463),#13473);
#13473=IFCMATERIALLAYERSETUSAGE(#12975,.AXIS2.,.NEGATIVE.,0.,$);
#13474=IFCPRODUCTDEFINITIONSHAPE($,$,(#13475,#13478));
#13475=IFCSHAPEREPRESENTATION(#27,'Axis','Curve2D',(#13476));
#13476=IFCINDEXEDPOLYCURVE(#13477,$,$);
#13477=IFCCARTESIANPOINTLIST2D(((0.,0.),(2.3833408355712891,3.8701060134371801E-07)),$);
#13478=IFCSHAPEREPRESENTATION(#15,'Body','SweptSolid',(#13479));
#13479=IFCEXTRUDEDAREASOLID(#13480,#13483,#13487,0.25);
#13480=IFCARBITRARYCLOSEDPROFILEDEF(.AREA.,$,#13481);
#13481=IFCINDEXEDPOLYCURVE(#13482,(IFCLINEINDEX((1,2,3,4,1))),$);
#13482=IFCCARTESIANPOINTLIST2D(((0.,-0.070000000298023224),(0.,0.),(2.3833408355712891,0.),(2.3833408355712891,-0.070000000298023224)),$);
#13483=IFCAXIS2PLACEMENT3D(#13484,#13485,#13486);
#13484=IFCCARTESIANPOINT((0.,0.,0.));
#13485=IFCDIRECTION((0.,0.,1.));
#13486=IFCDIRECTION((1.,0.,0.));
#13487=IFCDIRECTION((0.,0.,1.));
#13488=IFCPROPERTYSET('0_rFaIUCrAUevxhjSahl5F',$,'BBIM_Array',$,(#13490,#13491));
#13489=IFCRELDEFINESBYPROPERTIES('0IM8DGT$93IxS_2m01HLyR',$,$,$,(#13463),#13488);
#13490=IFCPROPERTYSINGLEVALUE('Data',$,$,$);
#13491=IFCPROPERTYSINGLEVALUE('Parent',$,IFCLABEL('0hrpCiKxfEUx6hWFewEu4I'),$);
#13492=IFCWALL('27buu05DP4zgD3JeG_ayH8',$,'Wall',$,$,#13872,#13503,$,$);
#13498=IFCRELDEFINESBYPROPERTIES('2LDy6fjeX8uP3SJDcX0IZl',$,$,$,(#13492),#13499);
#13499=IFCPROPERTYSET('33tq20tzT7KxWfDejEjA3n',$,'EPset_Parametric',$,(#13500));
#13500=IFCPROPERTYSINGLEVALUE('Engine',$,IFCLABEL('Bonsai.DumbLayer2'),$);
#13501=IFCRELASSOCIATESMATERIAL('2PeHyLbEfFzvco6C4SbyNU',$,$,$,(#13492),#13502);
#13502=IFCMATERIALLAYERSETUSAGE(#12975,.AXIS2.,.NEGATIVE.,0.,$);
#13503=IFCPRODUCTDEFINITIONSHAPE($,$,(#13504,#13507));
#13504=IFCSHAPEREPRESENTATION(#27,'Axis','Curve2D',(#13505));
#13505=IFCINDEXEDPOLYCURVE(#13506,$,$);
#13506=IFCCARTESIANPOINTLIST2D(((0.,0.),(2.3833408355712891,3.8701060134371801E-07)),$);
#13507=IFCSHAPEREPRESENTATION(#15,'Body','SweptSolid',(#13508));
#13508=IFCEXTRUDEDAREASOLID(#13509,#13512,#13516,0.25);
#13509=IFCARBITRARYCLOSEDPROFILEDEF(.AREA.,$,#13510);
#13510=IFCINDEXEDPOLYCURVE(#13511,(IFCLINEINDEX((1,2,3,4,1))),$);
#13511=IFCCARTESIANPOINTLIST2D(((0.,-0.070000000298023224),(0.,0.),(2.3833408355712891,0.),(2.3833408355712891,-0.070000000298023224)),$);
#13512=IFCAXIS2PLACEMENT3D(#13513,#13514,#13515);
#13513=IFCCARTESIANPOINT((0.,0.,0.));
#13514=IFCDIRECTION((0.,0.,1.));
#13515=IFCDIRECTION((1.,0.,0.));
#13516=IFCDIRECTION((0.,0.,1.));
#13517=IFCPROPERTYSET('1b3zrWPiT2PwwmON8iPjCI',$,'BBIM_Array',$,(#13519,#13520));
#13518=IFCRELDEFINESBYPROPERTIES('1TfDP7g2vETeF70Et4L0Kr',$,$,$,(#13492),#13517);
#13519=IFCPROPERTYSINGLEVALUE('Data',$,$,$);
#13520=IFCPROPERTYSINGLEVALUE('Parent',$,IFCLABEL('0hrpCiKxfEUx6hWFewEu4I'),$);
#13521=IFCWALL('0ihOuMUaD87gAsRu0cF_ro',$,'Wall',$,$,#13877,#13532,$,$);
#13527=IFCRELDEFINESBYPROPERTIES('3$syiebJz6VetmpWarjChO',$,$,$,(#13521),#13528);
#13528=IFCPROPERTYSET('3SpCuNjYL6xPDNLrRjffEH',$,'EPset_Parametric',$,(#13529));
#13529=IFCPROPERTYSINGLEVALUE('Engine',$,IFCLABEL('Bonsai.DumbLayer2'),$);
#13530=IFCRELASSOCIATESMATERIAL('1Ji6Q5r2LEJPdSHnnXkKC9',$,$,$,(#13521),#13531);
#13531=IFCMATERIALLAYERSETUSAGE(#12975,.AXIS2.,.NEGATIVE.,0.,$);
#13532=IFCPRODUCTDEFINITIONSHAPE($,$,(#13533,#13536));
#13533=IFCSHAPEREPRESENTATION(#27,'Axis','Curve2D',(#13534));
#13534=IFCINDEXEDPOLYCURVE(#13535,$,$);
#13535=IFCCARTESIANPOINTLIST2D(((0.,0.),(2.3833408355712891,3.8701060134371801E-07)),$);
#13536=IFCSHAPEREPRESENTATION(#15,'Body','SweptSolid',(#13537));
#13537=IFCEXTRUDEDAREASOLID(#13538,#13541,#13545,0.25);
#13538=IFCARBITRARYCLOSEDPROFILEDEF(.AREA.,$,#13539);
#13539=IFCINDEXEDPOLYCURVE(#13540,(IFCLINEINDEX((1,2,3,4,1))),$);
#13540=IFCCARTESIANPOINTLIST2D(((0.,-0.070000000298023224),(0.,0.),(2.3833408355712891,0.),(2.3833408355712891,-0.070000000298023224)),$);
#13541=IFCAXIS2PLACEMENT3D(#13542,#13543,#13544);
#13542=IFCCARTESIANPOINT((0.,0.,0.));
#13543=IFCDIRECTION((0.,0.,1.));
#13544=IFCDIRECTION((1.,0.,0.));
#13545=IFCDIRECTION((0.,0.,1.));
#13546=IFCPROPERTYSET('17UxNtJhb5wuxzv5ZFbVhn',$,'BBIM_Array',$,(#13548,#13549));
#13547=IFCRELDEFINESBYPROPERTIES('0B21j5blv6XhKRoE$aJ0wX',$,$,$,(#13521),#13546);
#13548=IFCPROPERTYSINGLEVALUE('Data',$,$,$);
#13549=IFCPROPERTYSINGLEVALUE('Parent',$,IFCLABEL('0hrpCiKxfEUx6hWFewEu4I'),$);
#13550=IFCWALL('1WDfp_KjH9jgsfMtg3Qyit',$,'Wall',$,$,#13882,#13561,$,$);
#13556=IFCRELDEFINESBYPROPERTIES('2GT5PDhiXBpwx5tKwmXide',$,$,$,(#13550),#13557);
#13557=IFCPROPERTYSET('1PZJxUs5L7jfOHPp9jx7VD',$,'EPset_Parametric',$,(#13558));
#13558=IFCPROPERTYSINGLEVALUE('Engine',$,IFCLABEL('Bonsai.DumbLayer2'),$);
#13559=IFCRELASSOCIATESMATERIAL('2IGHWOzBL3QO8aioRP0Mqu',$,$,$,(#13550),#13560);
#13560=IFCMATERIALLAYERSETUSAGE(#12975,.AXIS2.,.NEGATIVE.,0.,$);
#13561=IFCPRODUCTDEFINITIONSHAPE($,$,(#13562,#13565));
#13562=IFCSHAPEREPRESENTATION(#27,'Axis','Curve2D',(#13563));
#13563=IFCINDEXEDPOLYCURVE(#13564,$,$);
#13564=IFCCARTESIANPOINTLIST2D(((0.,0.),(2.3833408355712891,3.8701060134371801E-07)),$);
#13565=IFCSHAPEREPRESENTATION(#15,'Body','SweptSolid',(#13566));
#13566=IFCEXTRUDEDAREASOLID(#13567,#13570,#13574,0.25);
#13567=IFCARBITRARYCLOSEDPROFILEDEF(.AREA.,$,#13568);
#13568=IFCINDEXEDPOLYCURVE(#13569,(IFCLINEINDEX((1,2,3,4,1))),$);
#13569=IFCCARTESIANPOINTLIST2D(((0.,-0.070000000298023224),(0.,0.),(2.3833408355712891,0.),(2.3833408355712891,-0.070000000298023224)),$);
#13570=IFCAXIS2PLACEMENT3D(#13571,#13572,#13573);
#13571=IFCCARTESIANPOINT((0.,0.,0.));
#13572=IFCDIRECTION((0.,0.,1.));
#13573=IFCDIRECTION((1.,0.,0.));
#13574=IFCDIRECTION((0.,0.,1.));
#13575=IFCPROPERTYSET('0xoOKSqNP8xesOYlRqwuca',$,'BBIM_Array',$,(#13577,#13578));
#13576=IFCRELDEFINESBYPROPERTIES('109CREb$PDs8BO$fziWEXd',$,$,$,(#13550),#13575);
#13577=IFCPROPERTYSINGLEVALUE('Data',$,$,$);
#13578=IFCPROPERTYSINGLEVALUE('Parent',$,IFCLABEL('0hrpCiKxfEUx6hWFewEu4I'),$);
#13579=IFCWALL('0MdHQMFxH12v10NzetIsO7',$,'Wall',$,$,#13887,#13590,$,$);
#13585=IFCRELDEFINESBYPROPERTIES('0xzJNKo6f10eLg053F_hZk',$,$,$,(#13579),#13586);
#13586=IFCPROPERTYSET('0DrIMurYXB_OmMH4VYx_4p',$,'EPset_Parametric',$,(#13587));
#13587=IFCPROPERTYSINGLEVALUE('Engine',$,IFCLABEL('Bonsai.DumbLayer2'),$);
#13588=IFCRELASSOCIATESMATERIAL('3jj2_dbhDE3OarL9ZMr$mK',$,$,$,(#13579),#13589);
#13589=IFCMATERIALLAYERSETUSAGE(#12975,.AXIS2.,.NEGATIVE.,0.,$);
#13590=IFCPRODUCTDEFINITIONSHAPE($,$,(#13591,#13594));
#13591=IFCSHAPEREPRESENTATION(#27,'Axis','Curve2D',(#13592));
#13592=IFCINDEXEDPOLYCURVE(#13593,$,$);
#13593=IFCCARTESIANPOINTLIST2D(((0.,0.),(2.3833408355712891,3.8701060134371801E-07)),$);
#13594=IFCSHAPEREPRESENTATION(#15,'Body','SweptSolid',(#13595));
#13595=IFCEXTRUDEDAREASOLID(#13596,#13599,#13603,0.25);
#13596=IFCARBITRARYCLOSEDPROFILEDEF(.AREA.,$,#13597);
#13597=IFCINDEXEDPOLYCURVE(#13598,(IFCLINEINDEX((1,2,3,4,1))),$);
#13598=IFCCARTESIANPOINTLIST2D(((0.,-0.070000000298023224),(0.,0.),(2.3833408355712891,0.),(2.3833408355712891,-0.070000000298023224)),$);
#13599=IFCAXIS2PLACEMENT3D(#13600,#13601,#13602);
#13600=IFCCARTESIANPOINT((0.,0.,0.));
#13601=IFCDIRECTION((0.,0.,1.));
#13602=IFCDIRECTION((1.,0.,0.));
#13603=IFCDIRECTION((0.,0.,1.));
#13604=IFCPROPERTYSET('2sWpzfC_D9guUENqOLDlAj',$,'BBIM_Array',$,(#13606,#13607));
#13605=IFCRELDEFINESBYPROPERTIES('1eFWSbp5vAFerj7eR57Iz_',$,$,$,(#13579),#13604);
#13606=IFCPROPERTYSINGLEVALUE('Data',$,$,$);
#13607=IFCPROPERTYSINGLEVALUE('Parent',$,IFCLABEL('0hrpCiKxfEUx6hWFewEu4I'),$);
#13608=IFCWALL('2uviJdkLX6pgQya1kzM7wR',$,'Wall',$,$,#13892,#13619,$,$);
#13614=IFCRELDEFINESBYPROPERTIES('3XvVxNL0b5XA39mcnmU_al',$,$,$,(#13608),#13615);
#13615=IFCPROPERTYSET('27wxiitrD2iQIFYLp9ZnLE',$,'EPset_Parametric',$,(#13616));
#13616=IFCPROPERTYSINGLEVALUE('Engine',$,IFCLABEL('Bonsai.DumbLayer2'),$);
#13617=IFCRELASSOCIATESMATERIAL('0EOpGQoi56oe0Rc2xTBSTf',$,$,$,(#13608),#13618);
#13618=IFCMATERIALLAYERSETUSAGE(#12975,.AXIS2.,.NEGATIVE.,0.,$);
#13619=IFCPRODUCTDEFINITIONSHAPE($,$,(#13620,#13623));
#13620=IFCSHAPEREPRESENTATION(#27,'Axis','Curve2D',(#13621));
#13621=IFCINDEXEDPOLYCURVE(#13622,$,$);
#13622=IFCCARTESIANPOINTLIST2D(((0.,0.),(2.3833408355712891,3.8701060134371801E-07)),$);
#13623=IFCSHAPEREPRESENTATION(#15,'Body','SweptSolid',(#13624));
#13624=IFCEXTRUDEDAREASOLID(#13625,#13628,#13632,0.25);
#13625=IFCARBITRARYCLOSEDPROFILEDEF(.AREA.,$,#13626);
#13626=IFCINDEXEDPOLYCURVE(#13627,(IFCLINEINDEX((1,2,3,4,1))),$);
#13627=IFCCARTESIANPOINTLIST2D(((0.,-0.070000000298023224),(0.,0.),(2.3833408355712891,0.),(2.3833408355712891,-0.070000000298023224)),$);
#13628=IFCAXIS2PLACEMENT3D(#13629,#13630,#13631);
#13629=IFCCARTESIANPOINT((0.,0.,0.));
#13630=IFCDIRECTION((0.,0.,1.));
#13631=IFCDIRECTION((1.,0.,0.));
#13632=IFCDIRECTION((0.,0.,1.));
#13633=IFCPROPERTYSET('2WN5QOGiPD2evm2sWj9qpc',$,'BBIM_Array',$,(#13635,#13636));
#13634=IFCRELDEFINESBYPROPERTIES('3AWk85egX8NwoU8obL6ZCh',$,$,$,(#13608),#13633);
#13635=IFCPROPERTYSINGLEVALUE('Data',$,$,$);
#13636=IFCPROPERTYSINGLEVALUE('Parent',$,IFCLABEL('0hrpCiKxfEUx6hWFewEu4I'),$);
#13637=IFCWALL('2YM_W4bfv0HfcnZaBdwZg_',$,'Wall',$,$,#13897,#13648,$,$);
#13643=IFCRELDEFINESBYPROPERTIES('1UIOuaZ1jA19U8vC8_MiKU',$,$,$,(#13637),#13644);
#13644=IFCPROPERTYSET('3ofRKF6MD6cxruwDcz7HlC',$,'EPset_Parametric',$,(#13645));
#13645=IFCPROPERTYSINGLEVALUE('Engine',$,IFCLABEL('Bonsai.DumbLayer2'),$);
#13646=IFCRELASSOCIATESMATERIAL('1_gKO4Rs50JODnakueSRAq',$,$,$,(#13637),#13647);
#13647=IFCMATERIALLAYERSETUSAGE(#12975,.AXIS2.,.NEGATIVE.,0.,$);
#13648=IFCPRODUCTDEFINITIONSHAPE($,$,(#13649,#13652));
#13649=IFCSHAPEREPRESENTATION(#27,'Axis','Curve2D',(#13650));
#13650=IFCINDEXEDPOLYCURVE(#13651,$,$);
#13651=IFCCARTESIANPOINTLIST2D(((0.,0.),(2.3833408355712891,3.8701060134371801E-07)),$);
#13652=IFCSHAPEREPRESENTATION(#15,'Body','SweptSolid',(#13653));
#13653=IFCEXTRUDEDAREASOLID(#13654,#13657,#13661,0.25);
#13654=IFCARBITRARYCLOSEDPROFILEDEF(.AREA.,$,#13655);
#13655=IFCINDEXEDPOLYCURVE(#13656,(IFCLINEINDEX((1,2,3,4,1))),$);
#13656=IFCCARTESIANPOINTLIST2D(((0.,-0.070000000298023224),(0.,0.),(2.3833408355712891,0.),(2.3833408355712891,-0.070000000298023224)),$);
#13657=IFCAXIS2PLACEMENT3D(#13658,#13659,#13660);
#13658=IFCCARTESIANPOINT((0.,0.,0.));
#13659=IFCDIRECTION((0.,0.,1.));
#13660=IFCDIRECTION((1.,0.,0.));
#13661=IFCDIRECTION((0.,0.,1.));
#13662=IFCPROPERTYSET('3gf3G5EFDEMOLhIXpxPS_c',$,'BBIM_Array',$,(#13664,#13665));
#13663=IFCRELDEFINESBYPROPERTIES('1gCLSDn25FKwZSAL59QuHp',$,$,$,(#13637),#13662);
#13664=IFCPROPERTYSINGLEVALUE('Data',$,$,$);
#13665=IFCPROPERTYSINGLEVALUE('Parent',$,IFCLABEL('0hrpCiKxfEUx6hWFewEu4I'),$);
#13666=IFCWALL('2D9fXDfoP7q9G5c4i9zfhf',$,'Wall',$,$,#13902,#13677,$,$);
#13672=IFCRELDEFINESBYPROPERTIES('2eG0TKVVT0qB$0NAw4ygSz',$,$,$,(#13666),#13673);
#13673=IFCPROPERTYSET('1$Dd4J2qf4wRRM$sapdTY1',$,'EPset_Parametric',$,(#13674));
#13674=IFCPROPERTYSINGLEVALUE('Engine',$,IFCLABEL('Bonsai.DumbLayer2'),$);
#13675=IFCRELASSOCIATESMATERIAL('16xMFWfzz4WvoIF1N4QaWs',$,$,$,(#13666),#13676);
#13676=IFCMATERIALLAYERSETUSAGE(#12975,.AXIS2.,.NEGATIVE.,0.,$);
#13677=IFCPRODUCTDEFINITIONSHAPE($,$,(#13678,#13681));
#13678=IFCSHAPEREPRESENTATION(#27,'Axis','Curve2D',(#13679));
#13679=IFCINDEXEDPOLYCURVE(#13680,$,$);
#13680=IFCCARTESIANPOINTLIST2D(((0.,0.),(2.3833408355712891,3.8701060134371801E-07)),$);
#13681=IFCSHAPEREPRESENTATION(#15,'Body','SweptSolid',(#13682));
#13682=IFCEXTRUDEDAREASOLID(#13683,#13686,#13690,0.25);
#13683=IFCARBITRARYCLOSEDPROFILEDEF(.AREA.,$,#13684);
#13684=IFCINDEXEDPOLYCURVE(#13685,(IFCLINEINDEX((1,2,3,4,1))),$);
#13685=IFCCARTESIANPOINTLIST2D(((0.,-0.070000000298023224),(0.,0.),(2.3833408355712891,0.),(2.3833408355712891,-0.070000000298023224)),$);
#13686=IFCAXIS2PLACEMENT3D(#13687,#13688,#13689);
#13687=IFCCARTESIANPOINT((0.,0.,0.));
#13688=IFCDIRECTION((0.,0.,1.));
#13689=IFCDIRECTION((1.,0.,0.));
#13690=IFCDIRECTION((0.,0.,1.));
#13691=IFCPROPERTYSET('0$gxG39KHFOBHY_E1BBkO2',$,'BBIM_Array',$,(#13693,#13694));
#13692=IFCRELDEFINESBYPROPERTIES('145erPV6XAQOBnRXthRP5C',$,$,$,(#13666),#13691);
#13693=IFCPROPERTYSINGLEVALUE('Data',$,$,$);
#13694=IFCPROPERTYSINGLEVALUE('Parent',$,IFCLABEL('0hrpCiKxfEUx6hWFewEu4I'),$);
#13695=IFCWALL('1hQRjHUWv3bxlsVCkLJdTs',$,'Wall',$,$,#13907,#13706,$,$);
#13701=IFCRELDEFINESBYPROPERTIES('20X_vmZT1BpuaZBck_2ZXq',$,$,$,(#13695),#13702);
#13702=IFCPROPERTYSET('1HRvHeODvAyQuUmj2LVfOJ',$,'EPset_Parametric',$,(#13703));
#13703=IFCPROPERTYSINGLEVALUE('Engine',$,IFCLABEL('Bonsai.DumbLayer2'),$);
#13704=IFCRELASSOCIATESMATERIAL('2kfkJyLdvDlfuAC1sjoDVz',$,$,$,(#13695),#13705);
#13705=IFCMATERIALLAYERSETUSAGE(#12975,.AXIS2.,.NEGATIVE.,0.,$);
#13706=IFCPRODUCTDEFINITIONSHAPE($,$,(#13707,#13710));
#13707=IFCSHAPEREPRESENTATION(#27,'Axis','Curve2D',(#13708));
#13708=IFCINDEXEDPOLYCURVE(#13709,$,$);
#13709=IFCCARTESIANPOINTLIST2D(((0.,0.),(2.3833408355712891,3.8701060134371801E-07)),$);
#13710=IFCSHAPEREPRESENTATION(#15,'Body','SweptSolid',(#13711));
#13711=IFCEXTRUDEDAREASOLID(#13712,#13715,#13719,0.25);
#13712=IFCARBITRARYCLOSEDPROFILEDEF(.AREA.,$,#13713);
#13713=IFCINDEXEDPOLYCURVE(#13714,(IFCLINEINDEX((1,2,3,4,1))),$);
#13714=IFCCARTESIANPOINTLIST2D(((0.,-0.070000000298023224),(0.,0.),(2.3833408355712891,0.),(2.3833408355712891,-0.070000000298023224)),$);
#13715=IFCAXIS2PLACEMENT3D(#13716,#13717,#13718);
#13716=IFCCARTESIANPOINT((0.,0.,0.));
#13717=IFCDIRECTION((0.,0.,1.));
#13718=IFCDIRECTION((1.,0.,0.));
#13719=IFCDIRECTION((0.,0.,1.));
#13720=IFCPROPERTYSET('3TwSAc9P5F2hp4KIB81DQJ',$,'BBIM_Array',$,(#13722,#13723));
#13721=IFCRELDEFINESBYPROPERTIES('3QGnjpdKbDsBiEUF$ReHqf',$,$,$,(#13695),#13720);
#13722=IFCPROPERTYSINGLEVALUE('Data',$,$,$);
#13723=IFCPROPERTYSINGLEVALUE('Parent',$,IFCLABEL('0hrpCiKxfEUx6hWFewEu4I'),$);
#13724=IFCWALL('3ImH_Zdtb4AOTTg1MIwMdM',$,'Wall',$,$,#13912,#13735,$,$);
#13730=IFCRELDEFINESBYPROPERTIES('1O1dN3HxX0G8gzEAGKfQin',$,$,$,(#13724),#13731);
#13731=IFCPROPERTYSET('0djab1uaT59ASTkqYbY1il',$,'EPset_Parametric',$,(#13732));
#13732=IFCPROPERTYSINGLEVALUE('Engine',$,IFCLABEL('Bonsai.DumbLayer2'),$);
#13733=IFCRELASSOCIATESMATERIAL('0YmoAr9cjADhSiTtLvZxMK',$,$,$,(#13724),#13734);
#13734=IFCMATERIALLAYERSETUSAGE(#12975,.AXIS2.,.NEGATIVE.,0.,$);
#13735=IFCPRODUCTDEFINITIONSHAPE($,$,(#13736,#13739));
#13736=IFCSHAPEREPRESENTATION(#27,'Axis','Curve2D',(#13737));
#13737=IFCINDEXEDPOLYCURVE(#13738,$,$);
#13738=IFCCARTESIANPOINTLIST2D(((0.,0.),(2.3833408355712891,3.8701060134371801E-07)),$);
#13739=IFCSHAPEREPRESENTATION(#15,'Body','SweptSolid',(#13740));
#13740=IFCEXTRUDEDAREASOLID(#13741,#13744,#13748,0.25);
#13741=IFCARBITRARYCLOSEDPROFILEDEF(.AREA.,$,#13742);
#13742=IFCINDEXEDPOLYCURVE(#13743,(IFCLINEINDEX((1,2,3,4,1))),$);
#13743=IFCCARTESIANPOINTLIST2D(((0.,-0.070000000298023224),(0.,0.),(2.3833408355712891,0.),(2.3833408355712891,-0.070000000298023224)),$);
#13744=IFCAXIS2PLACEMENT3D(#13745,#13746,#13747);
#13745=IFCCARTESIANPOINT((0.,0.,0.));
#13746=IFCDIRECTION((0.,0.,1.));
#13747=IFCDIRECTION((1.,0.,0.));
#13748=IFCDIRECTION((0.,0.,1.));
#13749=IFCPROPERTYSET('2CJSemIf9CZ8XAu9h_IHcC',$,'BBIM_Array',$,(#13751,#13752));
#13750=IFCRELDEFINESBYPROPERTIES('39ECbnERD9agvnBYRB2tHh',$,$,$,(#13724),#13749);
#13751=IFCPROPERTYSINGLEVALUE('Data',$,$,$);
#13752=IFCPROPERTYSINGLEVALUE('Parent',$,IFCLABEL('0hrpCiKxfEUx6hWFewEu4I'),$);
#13753=IFCWALL('1YIcRkN6rDEwOgWVnkILIg',$,'Wall',$,$,#13917,#13764,$,$);
#13759=IFCRELDEFINESBYPROPERTIES('3Vm9wZQe95vPOsN0nzwrdw',$,$,$,(#13753),#13760);
#13760=IFCPROPERTYSET('1oFcrpRNT2WeljuzV6NF44',$,'EPset_Parametric',$,(#13761));
#13761=IFCPROPERTYSINGLEVALUE('Engine',$,IFCLABEL('Bonsai.DumbLayer2'),$);
#13762=IFCRELASSOCIATESMATERIAL('1FkpQM36rCnOoDY5dpO54S',$,$,$,(#13753),#13763);
#13763=IFCMATERIALLAYERSETUSAGE(#12975,.AXIS2.,.NEGATIVE.,0.,$);
#13764=IFCPRODUCTDEFINITIONSHAPE($,$,(#13765,#13768));
#13765=IFCSHAPEREPRESENTATION(#27,'Axis','Curve2D',(#13766));
#13766=IFCINDEXEDPOLYCURVE(#13767,$,$);
#13767=IFCCARTESIANPOINTLIST2D(((0.,0.),(2.3833408355712891,3.8701060134371801E-07)),$);
#13768=IFCSHAPEREPRESENTATION(#15,'Body','SweptSolid',(#13769));
#13769=IFCEXTRUDEDAREASOLID(#13770,#13773,#13777,0.25);
#13770=IFCARBITRARYCLOSEDPROFILEDEF(.AREA.,$,#13771);
#13771=IFCINDEXEDPOLYCURVE(#13772,(IFCLINEINDEX((1,2,3,4,1))),$);
#13772=IFCCARTESIANPOINTLIST2D(((0.,-0.070000000298023224),(0.,0.),(2.3833408355712891,0.),(2.3833408355712891,-0.070000000298023224)),$);
#13773=IFCAXIS2PLACEMENT3D(#13774,#13775,#13776);
#13774=IFCCARTESIANPOINT((0.,0.,0.));
#13775=IFCDIRECTION((0.,0.,1.));
#13776=IFCDIRECTION((1.,0.,0.));
#13777=IFCDIRECTION((0.,0.,1.));
#13778=IFCPROPERTYSET('2kQyYtWrn2RPc5Cm1ANl10',$,'BBIM_Array',$,(#13780,#13781));
#13779=IFCRELDEFINESBYPROPERTIES('0U2DiuKEL0P8xpCzHtIh2O',$,$,$,(#13753),#13778);
#13780=IFCPROPERTYSINGLEVALUE('Data',$,$,$);
#13781=IFCPROPERTYSINGLEVALUE('Parent',$,IFCLABEL('0hrpCiKxfEUx6hWFewEu4I'),$);
#13782=IFCPROPERTYSET('0BgWvvPZv2BOUOLVNiIjDb',$,'BBIM_Array',$,(#13784,#13785));
#13783=IFCRELDEFINESBYPROPERTIES('27PlxKSXnDkwQumpoAAHDr',$,$,$,(#12948),#13782);
#13784=IFCPROPERTYSINGLEVALUE('Data',$,IFCTEXT('[{"children": ["2ePr12FQn81fNi50MwT6ym", "27buu05DP4zgD3JeG_ayH8", "0ihOuMUaD87gAsRu0cF_ro", "1WDfp_KjH9jgsfMtg3Qyit", "0MdHQMFxH12v10NzetIsO7", "2uviJdkLX6pgQya1kzM7wR", "2YM_W4bfv0HfcnZaBdwZg_", "2D9fXDfoP7q9G5c4i9zfhf", "1hQRjHUWv3bxlsVCkLJdTs", "3ImH_Zdtb4AOTTg1MIwMdM", "1YIcRkN6rDEwOgWVnkILIg"], "count": 12, "x": 0.0, "y": 0.2199999988079071, "z": 0.0, "use_local_space": true, "method": "OFFSET"}]'),$);
#13785=IFCPROPERTYSINGLEVALUE('Parent',$,IFCLABEL('0hrpCiKxfEUx6hWFewEu4I'),$);
#13786=IFCSLAB('3RrKGyTR93789QlPaF2_zS',$,'Slab',$,$,#13787,#13797,$,$);
#13787=IFCLOCALPLACEMENT(#171,#13788);
#13788=IFCAXIS2PLACEMENT3D(#13789,#13790,#13791);
#13789=IFCCARTESIANPOINT((10.839204788208008,4.8392038345336914,3.1599999070167542));
#13790=IFCDIRECTION((0.,0.,1.));
#13791=IFCDIRECTION((1.,0.,0.));
#13792=IFCRELDEFINESBYPROPERTIES('1cesAFTcX6gfOB9K0GMxpm',$,$,$,(#13786),#13793);
#13793=IFCPROPERTYSET('3bXl0XH01BMAZoiGCcx8aF',$,'EPset_Parametric',$,(#13794));
#13794=IFCPROPERTYSINGLEVALUE('Engine',$,IFCLABEL('Bonsai.DumbLayer3'),$);
#13795=IFCRELASSOCIATESMATERIAL('21LcDDpZ53ygWGY1u6qj8Y',$,$,$,(#13786),#13796);
#13796=IFCMATERIALLAYERSETUSAGE(#3811,.AXIS3.,.POSITIVE.,-0.0099999997764825821,$);
#13797=IFCPRODUCTDEFINITIONSHAPE($,$,(#13798));
#13798=IFCSHAPEREPRESENTATION(#15,'Body','SweptSolid',(#13799));
#13799=IFCEXTRUDEDAREASOLID(#13812,#13805,#13809,0.0099999997764825821);
#13805=IFCAXIS2PLACEMENT3D(#13806,#13807,#13808);
#13806=IFCCARTESIANPOINT((-0.,-0.,-0.0099999997764825821));
#13807=IFCDIRECTION((0.,0.,1.));
#13808=IFCDIRECTION((1.,0.,0.));
#13809=IFCDIRECTION((0.,0.,1.));
#13810=IFCCARTESIANPOINTLIST2D(((-0.35722321271896362,-0.17663270235061646),(0.7027783989906311,-0.17663270235061646),(0.7027783989906311,-3.0618574619293213),(-0.35722321271896362,-3.0618574619293213),(-0.35722321271896362,-0.17663270235061646)),$);
#13811=IFCINDEXEDPOLYCURVE(#13810,$,$);
#13812=IFCARBITRARYCLOSEDPROFILEDEF(.AREA.,$,#13811);
#13813=IFCSLAB('2LuP6DRa5BSA9L0Dp6VTSs',$,'Slab',$,$,#13922,#13824,$,$);
#13819=IFCRELDEFINESBYPROPERTIES('154cp6OZL9Vxy4SCoTgHKu',$,$,$,(#13813),#13820);
#13820=IFCPROPERTYSET('2XU8vUvHf9APGlj$3gaYw4',$,'EPset_Parametric',$,(#13821));
#13821=IFCPROPERTYSINGLEVALUE('Engine',$,IFCLABEL('Bonsai.DumbLayer3'),$);
#13822=IFCRELASSOCIATESMATERIAL('04hL6c4zzABgFzrbPjtTAx',$,$,$,(#13813),#13823);
#13823=IFCMATERIALLAYERSETUSAGE(#3811,.AXIS3.,.POSITIVE.,-0.0099999997764825821,$);
#13824=IFCPRODUCTDEFINITIONSHAPE($,$,(#13825));
#13825=IFCSHAPEREPRESENTATION(#15,'Body','SweptSolid',(#13826));
#13826=IFCEXTRUDEDAREASOLID(#13827,#13830,#13834,0.0099999997764825821);
#13827=IFCARBITRARYCLOSEDPROFILEDEF(.AREA.,$,#13828);
#13828=IFCINDEXEDPOLYCURVE(#13829,$,$);
#13829=IFCCARTESIANPOINTLIST2D(((-0.35722321271896362,-0.17663270235061646),(0.7027783989906311,-0.17663270235061646),(0.7027783989906311,-3.0618574619293213),(-0.35722321271896362,-3.0618574619293213),(-0.35722321271896362,-0.17663270235061646)),$);
#13830=IFCAXIS2PLACEMENT3D(#13831,#13832,#13833);
#13831=IFCCARTESIANPOINT((-0.,-0.,-0.0099999997764825821));
#13832=IFCDIRECTION((0.,0.,1.));
#13833=IFCDIRECTION((1.,0.,0.));
#13834=IFCDIRECTION((0.,0.,1.));
#13835=IFCCARTESIANPOINTLIST2D(((-2.5172207355499268,-2.2618575096130371),(-2.5172207355499268,-3.0618574619293213),(0.7027783989906311,-3.0618574619293213),(0.7027783989906311,-2.2618575096130371),(-2.5172207355499268,-2.2618575096130371)),$);
#13836=IFCINDEXEDPOLYCURVE(#13835,$,$);
#13837=IFCARBITRARYCLOSEDPROFILEDEF(.AREA.,$,#13836);
#13838=IFCSLAB('22kWjMEYjDBxPOm_nlyUqF',$,'Slab',$,$,#13927,#13849,$,$);
#13844=IFCRELDEFINESBYPROPERTIES('1M$gl3mbjA_x3_ZTu4qF$p',$,$,$,(#13838),#13845);
#13845=IFCPROPERTYSET('0tQLQK5wP6c8zHm4FpTRUc',$,'EPset_Parametric',$,(#13846));
#13846=IFCPROPERTYSINGLEVALUE('Engine',$,IFCLABEL('Bonsai.DumbLayer3'),$);
#13847=IFCRELASSOCIATESMATERIAL('111JSEJhbFfeswAUPHBrt4',$,$,$,(#13838),#13848);
#13848=IFCMATERIALLAYERSETUSAGE(#3811,.AXIS3.,.POSITIVE.,-0.0099999997764825821,$);
#13849=IFCPRODUCTDEFINITIONSHAPE($,$,(#13850));
#13850=IFCSHAPEREPRESENTATION(#15,'Body','SweptSolid',(#13851));
#13851=IFCEXTRUDEDAREASOLID(#13852,#13855,#13859,0.0099999997764825821);
#13852=IFCARBITRARYCLOSEDPROFILEDEF(.AREA.,$,#13853);
#13853=IFCINDEXEDPOLYCURVE(#13854,$,$);
#13854=IFCCARTESIANPOINTLIST2D(((-2.5172207355499268,-2.2618575096130371),(-2.5172207355499268,-3.0618574619293213),(0.7027783989906311,-3.0618574619293213),(0.7027783989906311,-2.2618575096130371),(-2.5172207355499268,-2.2618575096130371)),$);
#13855=IFCAXIS2PLACEMENT3D(#13856,#13857,#13858);
#13856=IFCCARTESIANPOINT((-0.,-0.,-0.0099999997764825821));
#13857=IFCDIRECTION((0.,0.,1.));
#13858=IFCDIRECTION((1.,0.,0.));
#13859=IFCDIRECTION((0.,0.,1.));
#13860=IFCSURFACESTYLERENDERING(#13861,0.85000002384185791,$,$,$,$,$,$,.GLASS.);
#13861=IFCCOLOURRGB($,0.031368337571620941,0.14644798636436462,0.16439130902290344);
#13863=IFCCARTESIANPOINT((9.0119819641113281,4.4159131050109863,2.9000001549720764));
#13864=IFCDIRECTION((0.,0.,1.));
#13865=IFCDIRECTION((3.1391647326017846E-07,-1.,0.));
#13866=IFCAXIS2PLACEMENT3D(#13863,#13864,#13865);
#13867=IFCLOCALPLACEMENT(#171,#13866);
#13868=IFCCARTESIANPOINT((9.2319812774658203,4.4159131050109863,2.9000001549720764));
#13869=IFCDIRECTION((0.,0.,1.));
#13870=IFCDIRECTION((3.1391647326017846E-07,-1.,0.));
#13871=IFCAXIS2PLACEMENT3D(#13868,#13869,#13870);
#13872=IFCLOCALPLACEMENT(#171,#13871);
#13873=IFCCARTESIANPOINT((9.4519815444946289,4.4159131050109863,2.9000001549720764));
#13874=IFCDIRECTION((0.,0.,1.));
#13875=IFCDIRECTION((3.1391647326017846E-07,-1.,0.));
#13876=IFCAXIS2PLACEMENT3D(#13873,#13874,#13875);
#13877=IFCLOCALPLACEMENT(#171,#13876);
#13878=IFCCARTESIANPOINT((9.6719818115234375,4.4159135818481445,2.9000001549720764));
#13879=IFCDIRECTION((0.,0.,1.));
#13880=IFCDIRECTION((3.1391647326017846E-07,-1.,0.));
#13881=IFCAXIS2PLACEMENT3D(#13878,#13879,#13880);
#13882=IFCLOCALPLACEMENT(#171,#13881);
#13883=IFCCARTESIANPOINT((9.8919820785522461,4.4159135818481445,2.9000001549720764));
#13884=IFCDIRECTION((0.,0.,1.));
#13885=IFCDIRECTION((3.1391647326017846E-07,-1.,0.));
#13886=IFCAXIS2PLACEMENT3D(#13883,#13884,#13885);
#13887=IFCLOCALPLACEMENT(#171,#13886);
#13888=IFCCARTESIANPOINT((10.111981391906738,4.4159135818481445,2.9000001549720764));
#13889=IFCDIRECTION((0.,0.,1.));
#13890=IFCDIRECTION((3.1391647326017846E-07,-1.,0.));
#13891=IFCAXIS2PLACEMENT3D(#13888,#13889,#13890);
#13892=IFCLOCALPLACEMENT(#171,#13891);
#13893=IFCCARTESIANPOINT((10.331981658935547,4.4159135818481445,2.9000001549720764));
#13894=IFCDIRECTION((0.,0.,1.));
#13895=IFCDIRECTION((3.1391647326017846E-07,-1.,0.));
#13896=IFCAXIS2PLACEMENT3D(#13893,#13894,#13895);
#13897=IFCLOCALPLACEMENT(#171,#13896);
#13898=IFCCARTESIANPOINT((10.551981925964355,4.4159135818481445,2.9000001549720764));
#13899=IFCDIRECTION((0.,0.,1.));
#13900=IFCDIRECTION((3.1391647326017846E-07,-1.,0.));
#13901=IFCAXIS2PLACEMENT3D(#13898,#13899,#13900);
#13902=IFCLOCALPLACEMENT(#171,#13901);
#13903=IFCCARTESIANPOINT((10.771982192993164,4.4159135818481445,2.9000001549720764));
#13904=IFCDIRECTION((0.,0.,1.));
#13905=IFCDIRECTION((3.1391647326017846E-07,-1.,0.));
#13906=IFCAXIS2PLACEMENT3D(#13903,#13904,#13905);
#13907=IFCLOCALPLACEMENT(#171,#13906);
#13908=IFCCARTESIANPOINT((10.991981506347656,4.4159135818481445,2.9000001549720764));
#13909=IFCDIRECTION((0.,0.,1.));
#13910=IFCDIRECTION((3.1391647326017846E-07,-1.,0.));
#13911=IFCAXIS2PLACEMENT3D(#13908,#13909,#13910);
#13912=IFCLOCALPLACEMENT(#171,#13911);
#13913=IFCCARTESIANPOINT((11.211981773376465,4.4159140586853027,2.9000001549720764));
#13914=IFCDIRECTION((0.,0.,1.));
#13915=IFCDIRECTION((3.1391647326017846E-07,-1.,0.));
#13916=IFCAXIS2PLACEMENT3D(#13913,#13914,#13915);
#13917=IFCLOCALPLACEMENT(#171,#13916);
#13918=IFCCARTESIANPOINT((8.6792078018188477,4.8392038345336914,3.1599999070167542));
#13919=IFCDIRECTION((0.,0.,1.));
#13920=IFCDIRECTION((1.,0.,0.));
#13921=IFCAXIS2PLACEMENT3D(#13918,#13919,#13920);
#13922=IFCLOCALPLACEMENT(#171,#13921);
#13923=IFCCARTESIANPOINT((10.839204788208008,6.9244284629821777,3.1599999070167542));
#13924=IFCDIRECTION((0.,0.,1.));
#13925=IFCDIRECTION((1.,0.,0.));
#13926=IFCAXIS2PLACEMENT3D(#13923,#13924,#13925);
#13927=IFCLOCALPLACEMENT(#171,#13926);
#13928=IFCCOLOURRGB($,0.,0.,0.);
#13929=IFCSURFACESTYLESHADING(#13928,0.89999997615814198);
#13930=IFCSURFACESTYLE('Glass.004',.BOTH.,(#13929));
#13941=IFCCARTESIANPOINTLIST3D(((2.4416002020188898E-07,1.6555702586629195E-08,-6.677782948827371E-08),(6.6779648477677256E-10,-6.2790604715701193E-08,2.7852246761322021)),$);
#13942=IFCINDEXEDPOLYCURVE(#13941,$,.F.);
#13943=IFCSHAPEREPRESENTATION(#16,'Axis','Curve3D',(#13942));
#13944=IFCCARTESIANPOINT((0.,0.,0.));
#13945=IFCDIRECTION((0.,0.,1.));
#13946=IFCDIRECTION((1.,0.,0.));
#13947=IFCAXIS2PLACEMENT3D(#13944,#13945,#13946);
#13948=IFCDIRECTION((0.,0.,1.));
#13949=IFCEXTRUDEDAREASOLID(#3582,#13947,#13948,2.7852246462008008);
#13950=IFCSHAPEREPRESENTATION(#15,'Body','SweptSolid',(#13949));
#13951=IFCSLABTYPE('2B$hcByv93mvvuBm0lTxKI',$,'Cloth',$,$,(#13952),$,$,$,.FLOOR.);
#13952=IFCPROPERTYSET('1S$_G5Nhj0Y86lKI0xNlKT',$,'EPset_Parametric',$,(#13953));
#13953=IFCPROPERTYSINGLEVALUE('LayerSetDirection',$,IFCLABEL('AXIS3'),$);
#13954=IFCRELASSOCIATESMATERIAL('3eMA6gs8T5Yx2jMoCK$Ylh',$,$,$,(#13951),#13955);
#13955=IFCMATERIALLAYERSET((#13956),$,$);
#13956=IFCMATERIALLAYER(#1365,0.0099999997764825821,$,$,$,$,$);
#13957=IFCRELDEFINESBYTYPE('2sh7dkcFjEOeV4jmF9XdFg',$,$,$,(#12581),#13951);
#13958=IFCMATERIALLAYERSETUSAGE(#13955,.AXIS3.,.POSITIVE.,-0.0099999997764825821,$);
#13959=IFCRELASSOCIATESMATERIAL('3n0ZwT5892Wu6CBz6XTjS2',$,$,$,(#12581),#13958);
#13960=IFCSLAB('21cWve0q1EJAzo614SBqs4',$,'Slab',$,$,#14013,#13981,$,$);
#13966=IFCRELDEFINESBYPROPERTIES('31utqVaxHE6hqkEqMAt89k',$,$,$,(#13960),#13967);
#13967=IFCELEMENTQUANTITY('1B4X1$6zbDWgZL$R6e75Hn',$,'Qto_SlabBaseQuantities',$,'BaseQuantities',(#13968,#13969,#13970,#13971,#13972,#13973,#13974,#13975));
#13968=IFCQUANTITYAREA('GrossArea',$,$,60.290847011557844,$);
#13969=IFCQUANTITYVOLUME('GrossVolume',$,$,0.60290845663952386,$);
#13970=IFCQUANTITYLENGTH('Depth',$,$,0.0099999997764825804,$);
#13971=IFCQUANTITYLENGTH('Length',$,$,8.2028303146362305,$);
#13972=IFCQUANTITYAREA('NetArea',$,$,60.290847011557844,$);
#13973=IFCQUANTITYVOLUME('NetVolume',$,$,0.60290845663952386,$);
#13974=IFCQUANTITYLENGTH('Perimeter',$,$,31.105671405792236,$);
#13975=IFCQUANTITYLENGTH('Width',$,$,7.3500053882598877,$);
#13976=IFCRELDEFINESBYPROPERTIES('0BzV4Dukb7QPR1BQZr8Z3j',$,$,$,(#13960),#13977);
#13977=IFCPROPERTYSET('3_uxVmOZ52XQdmbCW3ptrb',$,'EPset_Parametric',$,(#13978));
#13978=IFCPROPERTYSINGLEVALUE('Engine',$,IFCLABEL('Bonsai.DumbLayer3'),$);
#13981=IFCPRODUCTDEFINITIONSHAPE($,$,(#13982));
#13982=IFCSHAPEREPRESENTATION(#15,'Body','SweptSolid',(#13983));
#13983=IFCEXTRUDEDAREASOLID(#13984,#13987,#13991,0.0099999997764825821);
#13984=IFCARBITRARYCLOSEDPROFILEDEF(.AREA.,$,#13985);
#13985=IFCINDEXEDPOLYCURVE(#13986,$,$);
#13986=IFCCARTESIANPOINTLIST2D(((-4.1751518249511719,1.3089277744293213),(2.3607082366943359,1.3089277744293213),(2.3607082366943359,-4.5474176406860352),(-4.1751518249511719,-4.5474176406860352),(-4.1751518249511719,1.3089277744293213)),$);
#13987=IFCAXIS2PLACEMENT3D(#13988,#13989,#13990);
#13988=IFCCARTESIANPOINT((-0.,-0.,-0.0099999997764825821));
#13989=IFCDIRECTION((0.,0.,1.));
#13990=IFCDIRECTION((1.,0.,0.));
#13991=IFCDIRECTION((0.,0.,1.));
#13992=IFCMATERIALLAYERSETUSAGE(#3811,.AXIS3.,.POSITIVE.,-0.0099999997764825821,$);
#13993=IFCRELASSOCIATESMATERIAL('1vQAzKOofCMBQj3Y_56Z1N',$,$,$,(#13960),#13992);
#14004=IFCCARTESIANPOINT((4.1897687911987305,3.5453710556030273,2.0873332023620605));
#14005=IFCDIRECTION((-0.9984167218208313,0.02788844145834446,-0.048849847167730331));
#14006=IFCDIRECTION((-0.027921786531805992,-0.99961012601852417,2.1809589156873699E-07));
#14007=IFCAXIS2PLACEMENT3D(#14004,#14005,#14006);
#14008=IFCLOCALPLACEMENT($,#14007);
#14009=IFCCARTESIANPOINT((10.839204788208008,4.8392038345336914,4.4251797795295715));
#14010=IFCDIRECTION((0.,0.,1.));
#14011=IFCDIRECTION((1.,0.,0.));
#14012=IFCAXIS2PLACEMENT3D(#14009,#14010,#14011);
#14013=IFCLOCALPLACEMENT(#171,#14012);
#14014=IFCCARTESIANPOINT((-899.9999729496891,-489.64672313542991,-1000.));
#14015=IFCAXIS2PLACEMENT3D(#14014,$,$);
#14016=IFCRECTANGULARPYRAMID(#14015,1799.9999458993782,979.29344627085982,1000.);
#14017=IFCCARTESIANPOINT((0.,0.,-0.0020000000949949026));
#14018=IFCAXIS2PLACEMENT3D(#14017,$,$);
#14019=IFCPLANE(#14018);
#14020=IFCHALFSPACESOLID(#14019,.F.);
#14021=IFCBOOLEANRESULT(.DIFFERENCE.,#14016,#14020);
#14022=IFCCSGSOLID(#14021);
#14023=IFCSHAPEREPRESENTATION(#15,'Body','CSG',(#14022));
ENDSEC;
END-ISO-10303-21;
